{
  "ideas": [
    {
      "idea": "AI 기반 스마트팩토리 솔루션",
      "problem": "국내 중소 제조업체들은 생산성 향상과 품질 관리에 어려움을 겪고 있으며, 기존의 스마트팩토리 솔루션은 고가이고 도입 및 유지보수가 복잡합니다. 특히, AI 기술을 활용한 지능형 생산 관리 시스템은 도입 장벽이 높아 중소기업 접근성이 낮습니다.",
      "target_customer": "국내 중소 제조업체 생산 관리자 및 운영 담당자 (직원 50-500명)",
      "value_prop": "AI 기반의 사용자 친화적인 스마트팩토리 솔루션을 통해 생산성 향상, 불량률 감소, 유지보수 비용 절감을 지원합니다. 클라우드 기반 서비스 제공으로 초기 투자 비용을 낮추고, 간편한 사용자 인터페이스를 통해 전문 인력 없이도 쉽게 도입 및 운영이 가능합니다. 특히, 실시간 데이터 분석 및 예측 기능을 통해 문제 발생 예방 및 신속한 대응을 지원합니다.",
      "solution": [
        "AI 기반 생산 예측 및 최적화 기능",
        "실시간 품질 관리 및 불량 예측 기능",
        "자동화된 설비 관리 및 예지 보전 기능",
        "사용자 친화적인 대시보드 및 보고서 기능"
      ],
      "poc_plan": [
        "3주차: 솔루션 데모 및 요구사항 검토",
        "6주차: 파일럿 프로젝트 진행 및 성과 측정",
        "9주차: 최종 보고서 작성 및 결과 발표"
      ],
      "risks": [
        "AI 알고리즘 성능 저하 가능성",
        "데이터 부족으로 인한 정확도 저하",
        "중소기업의 IT 인프라 부족"
      ],
      "roadmap_3m": [
        "1개월차: 핵심 기능 개발 및 테스트 완료",
        "2개월차: 파일럿 고객 확보 및 시스템 구축",
        "3개월차: 서비스 정식 출시 및 마케팅"
      ],
      "metrics": [
        "생산성 향상률",
        "불량률 감소율",
        "유지보수 비용 절감률",
        "고객 만족도"
      ],
      "priority_score": 3.8
    },
    {
      "idea": "AI 기반 스마트팜 맞춤형 환경 제어 시스템",
      "problem": "국내 스마트팜 시장은 확대되고 있으나, 작물 특성에 맞는 최적의 환경 제어가 어렵고, 데이터 기반 의사결정이 부족하며, 에너지 효율 개선이 필요합니다. 기존 시스템은 비용이 높고, 작물 종류에 따라 유연성이 부족합니다.",
      "target_customer": "스마트팜 운영 농가 (규모: 1000평 이상), 특히 시설채소 및 과일 재배 농가",
      "value_prop": "AI 기반 머신러닝 알고리즘을 활용하여 작물의 생육 환경(온도, 습도, 광량, CO2 농도 등)을 실시간으로 분석하고, 최적의 환경을 자동으로 제어하여 생산성을 향상시키고, 에너지 소비를 절감합니다. 농가의 경험과 데이터를 결합하여 작물별 맞춤형 제어 전략을 제공하며, 사용자 친화적인 인터페이스를 통해 쉽게 시스템을 관리할 수 있도록 지원합니다. 기존 시스템 대비 설치 및 유지보수 비용을 절감할 수 있습니다.",
      "solution": [
        "AI 기반 환경 제어 알고리즘을 통한 자동 제어",
        "작물 생육 데이터 기반 예측 및 분석 시스템",
        "에너지 효율 관리 및 최적화 기능",
        "사용자 친화적인 모바일/웹 기반 관리 인터페이스"
      ],
      "poc_plan": [
        "주요 채소 품종 3가지 선정 및 실증 테스트 (3주)",
        "데이터 분석 및 알고리즘 성능 검증 (2주)",
        "농가 현장 적용 및 사용자 피드백 수렴 (1주)",
        "시스템 안정성 및 신뢰성 평가 (2주)",
        "비용 효율 분석 및 경제성 검토 (1주)"
      ],
      "risks": [
        "AI 알고리즘 정확도 및 예측 오류",
        "데이터 부족 및 품질 문제",
        "시스템 장애 및 보안 위협",
        "농가의 기술 수용도 및 교육 필요성",
        "경쟁 시스템과의 차별화"
      ],
      "roadmap_3m": [
        "시스템 개발 및 알고리즘 고도화 (1개월)",
        "베타 버전 출시 및 농가 현장 테스트 (1개월)",
        "피드백 반영 및 시스템 최적화 (1개월)"
      ],
      "metrics": [
        "생산량 증가율",
        "에너지 절감율",
        "작물 품질 향상",
        "시스템 사용 만족도",
        "투자 대비 수익률"
      ],
      "priority_score": 3.8
    },
    {
      "idea": "AI 기반 개인 맞춤형 스마트 헬스케어 솔루션",
      "problem": "현재 개인 맞춤형 건강 관리 서비스는 부족한 데이터 기반, 제한적인 기능, 높은 비용 등의 문제점을 가지고 있습니다. 특히 만성 질환자의 경우, 지속적인 건강 관리 및 자가 관리의 어려움을 겪고 있으며, 이로 인해 의료비 증가 및 삶의 질 저하로 이어집니다.  개인의 건강 데이터를 효과적으로 수집, 분석하고 이를 바탕으로 맞춤형 건강 관리 서비스를 제공하는 것이 시급한 문제입니다.",
      "target_customer": "만성 질환자(당뇨병, 고혈압 등) 개인 및 관련 의료기관",
      "value_prop": "AI 기반 개인 맞춤형 건강 관리 솔루션은 개인의 건강 데이터를 분석하여 맞춤형 건강 관리 계획을 제공합니다.  웨어러블 기기 및 모바일 앱을 통해 실시간 건강 데이터를 수집하고, AI 알고리즘을 통해 개인의 건강 상태를 정확하게 파악하여 예측 및 예방 서비스를 제공합니다. 기존 서비스와 달리, 저렴한 비용으로 높은 정확도의 개인 맞춤형 건강 관리를 제공하는 것이 차별점입니다.",
      "solution": [
        "웨어러블 기기 및 모바일 앱을 통한 실시간 건강 데이터 수집",
        "AI 기반 개인 맞춤형 건강 관리 계획 수립 및 제공",
        "건강 상태 변화 예측 및 예방 서비스 제공",
        "의료진과의 원격 상담 및 모니터링 기능 제공"
      ],
      "poc_plan": [
        "1주차: 핵심 기능 개발 및 테스트 환경 구축",
        "2주차: 10명의 베타 테스터를 대상으로 솔루션 사용성 테스트",
        "3주차: 테스트 결과 분석 및 기능 개선",
        "4주차: 의료진 검토 및 피드백 반영",
        "5주차: 최종 버전 개발 및 시연"
      ],
      "risks": [
        "개인정보보호 및 데이터 보안 문제",
        "AI 알고리즘의 정확도 및 신뢰성 문제",
        "의료기기 인증 및 규제 준수 문제",
        "시장 경쟁 심화",
        "사용자 참여율 저하"
      ],
      "roadmap_3m": [
        "1개월차: MVP 개발 및 베타 테스트 완료",
        "2개월차: 의료기관 협력 및 파트너십 구축",
        "3개월차: 시범 서비스 출시 및 사용자 피드백 수집"
      ],
      "metrics": [
        "월간 활성 사용자 수 (MAU)",
        "사용자 만족도",
        "건강 관리 목표 달성률",
        "의료비 절감 효과",
        "매출액"
      ],
      "priority_score": 3.8
    },
    {
      "idea": "AI 기반 반도체 설계 최적화 플랫폼",
      "problem": "반도체 설계는 복잡하고 시간이 오래 걸리며, 설계 오류로 인한 비용 손실이 크다.  기존 설계 방식은 AI 기술 활용이 미흡하여 최적화에 한계가 있으며, 설계 검증 시간 단축 및 비용 절감에 대한 요구가 높다.  특히, 최근 반도체 시장 경쟁 심화로 인해 설계 효율 향상이 기업 경쟁력 확보에 필수적이다.",
      "target_customer": "삼성전자, SK하이닉스 등 국내 주요 반도체 기업의 설계 엔지니어 및 연구팀",
      "value_prop": "AI 기반 자동화된 설계 최적화 및 검증 시스템을 통해 설계 시간을 단축하고, 에너지 효율을 높이며, 오류를 최소화한다. 경쟁사 대비 빠른 설계 주기와 높은 품질을 제공하여 시장 경쟁력을 강화한다.  기존 설계 도구와의 연동을 통해 기존 인프라 활용을 극대화하고, 사용자 친화적인 인터페이스를 제공한다.",
      "solution": [
        "AI 기반 자동화된 설계 최적화 알고리즘",
        "다양한 설계 검증 시뮬레이션 기능 제공",
        "설계 데이터 분석 및 시각화 도구",
        "기존 EDA 툴과의 원활한 연동"
      ],
      "poc_plan": [
        "3주차: 주요 기능 구현 및 내부 테스트",
        "4주차: 삼성전자 파운드리 공정 기반의 테스트 칩 설계 적용",
        "5주차: 성능 평가 및 결과 분석 보고서 작성",
        "6주차: 추가 기능 개발 및 사용자 피드백 반영"
      ],
      "risks": [
        "AI 알고리즘의 정확도 및 신뢰성 확보",
        "기존 설계 시스템과의 호환성 문제",
        "데이터 보안 및 개인정보보호",
        "경쟁 플랫폼과의 차별화"
      ],
      "roadmap_3m": [
        "1개월: MVP 개발 및 내부 테스트 완료",
        "2개월: 주요 고객사 대상 데모 시연 및 피드백 수렴",
        "3개월: 제품 출시 및 초기 고객 확보"
      ],
      "metrics": [
        "설계 시간 단축률",
        "에너지 효율 향상률",
        "설계 오류 감소율",
        "고객 만족도",
        "매출액"
      ],
      "priority_score": 3.5
    },
    {
      "idea": "AI 기반 맞춤형 디스플레이 광고 플랫폼",
      "problem": "기존 디스플레이 광고는 타겟팅이 부족하고 효율이 낮으며, 개인 맞춤형 광고 경험 제공에 어려움이 있습니다. 특히, 옥외 디스플레이의 경우 실시간 데이터 기반의 동적 광고 운영이 어렵습니다.  이로 인해 광고주는 높은 비용 대비 낮은 효과를 얻고, 소비자는 불필요한 광고에 노출됩니다.",
      "target_customer": "대형 쇼핑몰, 백화점, 지하철역 등 옥외 디스플레이 운영 업체 및 광고주",
      "value_prop": "AI 기반 실시간 데이터 분석을 통해 옥외 디스플레이에 최적화된 맞춤형 광고를 제공합니다.  소비자의 위치, 시간, 선호도 등을 분석하여 개인별 맞춤 광고를 노출하고, 실시간 효과 측정 및 최적화를 통해 광고 효율을 극대화합니다.  이는 광고주의 ROI 향상과 소비자의 만족도 증대를 동시에 달성하는 솔루션입니다.",
      "solution": [
        "AI 기반 실시간 데이터 분석 및 타겟팅 시스템",
        "개인 맞춤형 광고 콘텐츠 생성 및 배포 기능",
        "실시간 광고 효과 측정 및 최적화 기능",
        "다양한 디스플레이 기기 연동 및 관리 기능"
      ],
      "poc_plan": [
        "주요 쇼핑몰 1곳 선정, 1개월간 시범 운영",
        "다양한 광고 형태(이미지, 영상, 텍스트) 테스트",
        "광고 효과 측정 및 분석 (클릭률, 노출수, 전환율)",
        "피드백 수렴 및 시스템 개선",
        "최종 보고서 작성 및 결과 발표"
      ],
      "risks": [
        "데이터 수집 및 활용에 대한 개인정보보호 규제 준수",
        "AI 알고리즘의 정확도 및 신뢰성 확보",
        "경쟁 플랫폼과의 차별화 전략",
        "기술적 문제 발생 및 유지보수",
        "예상치 못한 시장 변화"
      ],
      "roadmap_3m": [
        "1개월차: 시스템 개발 및 테스트 환경 구축",
        "2개월차: 쇼핑몰 시범 운영 및 데이터 분석",
        "3개월차: 시스템 개선 및 서비스 출시 준비"
      ],
      "metrics": [
        "광고 노출 수",
        "클릭률",
        "전환율",
        "광고주 만족도",
        "소비자 만족도"
      ],
      "priority_score": 3.5
    }
  ]
}