{
  "stats": {
    "num_docs": 21
  },
  "keywords": [
    {
      "keyword": "인치",
      "score": 3.5132639210421392
    },
    {
      "keyword": "디스플레이",
      "score": 3.318627996524633
    },
    {
      "keyword": "삼성",
      "score": 2.4400899202654482
    },
    {
      "keyword": "기능이",
      "score": 2.3504912900612647
    },
    {
      "keyword": "있는",
      "score": 2.0894787541585385
    },
    {
      "keyword": "기술",
      "score": 1.8879733033304342
    },
    {
      "keyword": "인공지능",
      "score": 1.44609501179713
    },
    {
      "keyword": "하이닉스",
      "score": 1.3442126683890536
    },
    {
      "keyword": "특히",
      "score": 1.3440580014228356
    },
    {
      "keyword": "위치를",
      "score": 1.3375985862722697
    },
    {
      "keyword": "비전",
      "score": 1.2654351592981854
    },
    {
      "keyword": "인포테인먼트",
      "score": 1.0975463218338253
    },
    {
      "keyword": "전성수",
      "score": 1.0154953132023783
    }
  ]
}