{
  "summary": "1. **핵심 맥락:**  제공된 데이터는 한국 뉴스에서 주로 AI 기술, 반도체 산업, 그리고 삼성과 LG 등 주요 기업의 사업 전략 및 투자 동향을 다루고 있습니다.  특히, 2025년을 기점으로 반도체 산업의 지원 확대, 차세대 기술 경쟁, 그리고 관련 기업들의 투자 및 성과에 대한 보도가 집중되고 있으며,  이는 글로벌 기술 패권 경쟁 심화와 한국 기업들의 대응 전략을 보여주는 것으로 해석할 수 있습니다.  이는  AI 기술과 반도체 산업의 밀접한 연관성과  국내 주요 기업들의 시장 경쟁력 확보 노력을 반영합니다.\n\n\n2. **최근 변화/스파이크:** 2025년 9월 초에 기사 수가 급증하는 현상이 나타났습니다.  이는 특정 시점에 발생한 주요 뉴스 사건이나 발표, 혹은 관련 정책 변화 등으로 인해  관련 기사 보도가 폭발적으로 증가했음을 시사합니다.\n\n\n3. **실무 인사이트:**\n\n* **긴급 모니터링 강화:** 2025년 9월 초 기사 급증 원인을 즉시 조사하여, 관련 뉴스 및 시장 동향을 면밀히 모니터링하고,  경쟁사 및 정부 정책 변화에 대한 신속한 대응 전략을 수립해야 합니다.  특히,  AI, 반도체 산업 관련 주요 뉴스에 대한 실시간 알림 시스템 구축이 필요합니다.\n* **데이터 분석 기반 전략 수정:**  기사 데이터를 활용하여  AI, 반도체 산업,  주요 기업의 사업 전략 및 투자 동향에 대한 심층 분석을 수행하고,  기존 사업 계획 및 전략을 재검토하여  시장 변화에 대한 적응력을 높여야 합니다.  특히, 2025년 이후 시장 예측 모델을 정교화해야 합니다.\n* **소통 강화 및 위기 관리:**  급증하는 뉴스에 대한 대응 전략을 수립하고,  내부 구성원 및 외부 이해관계자와의 소통을 강화하여  잠재적 위험 요소를 사전에 관리하고,  긍정적 이미지를 구축해야 합니다.  위기 상황 발생 시 신속하고 효과적인 대응 체계를 구축해야 합니다.\n따라서,  최적의 결과를 얻으려면 사용자의 특정 요구사항과 상황에 맞는 전략을 선택하는 것이 중요합니다.  이는 단순히 하나의 방법만을 고집하는 것보다 다양한 접근 방식을 고려하고 비교 분석하는 과정을 통해 가능합니다.  결국, 성공적인 결과는  문제에 대한 깊이 있는 이해와  전략적 선택에 달려 있습니다.  최선의 방법은 상황에 따라 다르다는 점을 기억해야 합니다.",
  "top_topics": [
    {
      "topic_id": 0,
      "top_words": [
        {
          "word": "ai",
          "prob": 0.049040164798498154
        },
        {
          "word": "기술",
          "prob": 0.03542546182870865
        },
        {
          "word": "반도체",
          "prob": 0.03542546182870865
        },
        {
          "word": "산업",
          "prob": 0.024533696472644806
        },
        {
          "word": "시장",
          "prob": 0.021810756996273994
        },
        {
          "word": "삼성전자",
          "prob": 0.019087815657258034
        },
        {
          "word": "관련주",
          "prob": 0.016364874318242073
        },
        {
          "word": "세계",
          "prob": 0.016364874318242073
        }
      ]
    },
    {
      "topic_id": 1,
      "top_words": [
        {
          "word": "lg",
          "prob": 0.04868100956082344
        },
        {
          "word": "the",
          "prob": 0.037455566227436066
        },
        {
          "word": "설립",
          "prob": 0.029971936717629433
        },
        {
          "word": "뱀피르",
          "prob": 0.029971936717629433
        },
        {
          "word": "넷마블",
          "prob": 0.029971936717629433
        },
        {
          "word": "to",
          "prob": 0.029971936717629433
        },
        {
          "word": "삼성",
          "prob": 0.02623012289404869
        },
        {
          "word": "and",
          "prob": 0.02623012289404869
        }
      ]
    },
    {
      "topic_id": 2,
      "top_words": [
        {
          "word": "비전",
          "prob": 0.025168893858790398
        },
        {
          "word": "애플",
          "prob": 0.025168893858790398
        },
        {
          "word": "디스플레이",
          "prob": 0.025168893858790398
        },
        {
          "word": "dgist",
          "prob": 0.022026710212230682
        },
        {
          "word": "위한",
          "prob": 0.022026710212230682
        },
        {
          "word": "운영",
          "prob": 0.022026710212230682
        },
        {
          "word": "직접",
          "prob": 0.018884524703025818
        },
        {
          "word": "선포",
          "prob": 0.018884524703025818
        }
      ]
    },
    {
      "topic_id": 3,
      "top_words": [
        {
          "word": "2025",
          "prob": 0.045448917895555496
        },
        {
          "word": "반도체",
          "prob": 0.028937049210071564
        },
        {
          "word": "최대",
          "prob": 0.024809082970023155
        },
        {
          "word": "지원",
          "prob": 0.024809082970023155
        },
        {
          "word": "프리즈",
          "prob": 0.020681114867329597
        },
        {
          "word": "유럽",
          "prob": 0.020681114867329597
        },
        {
          "word": "확대",
          "prob": 0.020681114867329597
        },
        {
          "word": "구글",
          "prob": 0.020681114867329597
        }
      ]
    },
    {
      "topic_id": 4,
      "top_words": [
        {
          "word": "2025",
          "prob": 0.06361847370862961
        },
        {
          "word": "삼성전기",
          "prob": 0.04847842454910278
        },
        {
          "word": "기판",
          "prob": 0.04242240637540817
        },
        {
          "word": "선정",
          "prob": 0.04242240637540817
        },
        {
          "word": "차세대",
          "prob": 0.04242240637540817
        },
        {
          "word": "lg이노텍",
          "prob": 0.03939439728856087
        },
        {
          "word": "kpca",
          "prob": 0.03636638820171356
        },
        {
          "word": "기술",
          "prob": 0.0303103718906641
        }
      ]
    }
  ],
  "evidence": {
    "timeseries": [
      {
        "date": "2025-07-31",
        "count": 1
      },
      {
        "date": "2025-08-11",
        "count": 2
      },
      {
        "date": "2025-08-15",
        "count": 1
      },
      {
        "date": "2025-08-16",
        "count": 2
      },
      {
        "date": "2025-08-25",
        "count": 4
      },
      {
        "date": "2025-08-26",
        "count": 7
      },
      {
        "date": "2025-08-27",
        "count": 5
      },
      {
        "date": "2025-08-28",
        "count": 2
      },
      {
        "date": "2025-08-29",
        "count": 6
      },
      {
        "date": "2025-08-30",
        "count": 1
      },
      {
        "date": "2025-08-31",
        "count": 5
      },
      {
        "date": "2025-09-01",
        "count": 19
      },
      {
        "date": "2025-09-02",
        "count": 24
      },
      {
        "date": "2025-09-03",
        "count": 393
      }
    ]
  }
}