{
  "ideas": [
    {
      "idea": "AI 기반 개인 맞춤형 스마트폰 액세서리 추천 서비스",
      "problem": "소비자들은 다양한 스마트폰 액세서리 중 자신에게 적합한 제품을 선택하는 데 어려움을 겪고 있으며, 기존 추천 서비스는 개인의 취향과 사용 패턴을 충분히 반영하지 못합니다.  시장에는 수많은 액세서리가 존재하지만, 소비자는 정보 부족으로 인해 최적의 제품을 찾지 못하고 불필요한 구매를 할 가능성이 높습니다.",
      "target_customer": "20-40대 스마트폰 사용자 (월 소비액 5만원 이상의 액세서리 구매자)",
      "value_prop": "AI 기반 개인화된 추천 알고리즘을 통해 소비자의 스마트폰 기종, 사용 습관, 스타일 선호도 등을 분석하여 최적의 액세서리를 추천합니다.  경쟁 서비스와 달리, 실시간 사용 후기 및 제품 리뷰 데이터를 활용하여 정확도를 높이고,  소비자의 피드백을 지속적으로 반영하여 추천 시스템을 개선합니다.  다양한 가격대와 브랜드의 제품을 비교 분석하여 소비자의 선택 폭을 넓히고, 합리적인 소비를 돕습니다.",
      "solution": [
        "AI 기반 개인 맞춤형 액세서리 추천 엔진",
        "실시간 사용 후기 및 리뷰 데이터 분석 시스템",
        "다양한 가격대 및 브랜드 제품 비교 기능",
        "개인화된 액세서리 스타일 가이드 제공"
      ],
      "poc_plan": [
        "1주차: AI 추천 알고리즘 개발 및 테스트",
        "2주차: 사용자 인터페이스(UI) 디자인 및 개발",
        "3주차: 100명 대상 베타 테스트 및 피드백 수집",
        "4주차: 알고리즘 개선 및 기능 추가",
        "5주차: 최종 결과 보고서 작성 및 발표"
      ],
      "risks": [
        "AI 알고리즘의 정확도 부족",
        "개인정보보호 관련 규제 준수",
        "경쟁 서비스와의 차별화"
      ],
      "roadmap_3m": [
        "1개월: MVP 개발 및 베타 테스트 완료",
        "2개월: 마케팅 전략 수립 및 초기 사용자 확보",
        "3개월: 서비스 안정화 및 기능 개선"
      ],
      "metrics": [
        "월간 활성 사용자 수 (MAU)",
        "평균 주문 금액",
        "고객 만족도 (CSAT)",
        "추천 정확도",
        "이탈률"
      ],
      "priority_score": 3.8
    },
    {
      "idea": "AI 기반 반도체 소재 부품 시장 분석 및 예측 플랫폼",
      "problem": "국내 반도체 소재 부품 시장의 정보 비대칭으로 인해 기업의 의사결정에 어려움을 겪고 있으며, 시장 트렌드 및 기술 변화 예측의 정확도가 낮습니다.  특히, AI 기술을 활용한 시장 분석 및 예측 플랫폼이 부족하여, 기업의 경쟁력 강화에 제약이 있습니다.",
      "target_customer": "삼성전기, LG이노텍 등 국내 주요 반도체 소재 부품 기업의 전략 기획 부서 및 연구개발 부서",
      "value_prop": "AI 기반의 정교한 시장 분석 및 예측 모델을 통해, 국내 반도체 소재 부품 시장의 미래를 정확하게 예측하고, 기업의 전략적 의사결정을 지원합니다. 경쟁사 대비 시장 점유율 및 기술 경쟁력 분석을 제공하여, 기업의 경쟁력 강화에 기여합니다.  다양한 데이터 소스를 통합 분석하여, 종합적인 시장 정보를 제공합니다.",
      "solution": [
        "AI 기반 시장 규모 및 성장률 예측",
        "경쟁사 분석 및 시장 점유율 예측",
        "주요 기술 트렌드 및 미래 전망 분석",
        "소재 부품별 수요 예측 및 가격 변동 예측"
      ],
      "poc_plan": [
        "주요 반도체 소재 부품 3개 품목 선정 및 시장 분석",
        "AI 모델 개발 및 검증 (데이터 정확도 및 예측 정확도 평가)",
        "기업 대상 시스템 데모 및 피드백 수렴",
        "예측 결과의 정확도 및 활용성 검증",
        "최종 보고서 작성 및 발표"
      ],
      "risks": [
        "데이터 부족 및 신뢰성 문제",
        "AI 모델의 정확도 한계",
        "예측 결과의 오용 가능성",
        "경쟁 플랫폼 출현",
        "시장 변동성에 따른 예측 오차"
      ],
      "roadmap_3m": [
        "데이터 수집 및 전처리 (1개월)",
        "AI 모델 개발 및 검증 (1개월)",
        "플랫폼 개발 및 테스트 (1개월)"
      ],
      "metrics": [
        "예측 정확도",
        "고객 만족도",
        "플랫폼 사용률",
        "매출액",
        "시장 점유율"
      ],
      "priority_score": 3.8
    },
    {
      "idea": "AI 기반 반도체 패키징 공정 최적화 솔루션",
      "problem": "반도체 패키징 공정은 복잡하고 변수가 많아 수율 저하 및 생산 비용 증가의 원인이 됩니다. 기존의 경험적 방법으로는 최적화에 한계가 있으며, AI 기반 자동화 시스템 도입이 시급합니다. 특히, 최근 미세화 및 고집적화 추세로 인해 공정 관리의 어려움이 더욱 심화되고 있습니다.",
      "target_customer": "삼성전자, SK하이닉스 등 국내 주요 반도체 기업의 패키징 공정 담당 부서 (직원 수 500명 이상)",
      "value_prop": "AI 기반 머신러닝 알고리즘을 활용하여 실시간 공정 데이터 분석 및 예측을 통해 최적의 공정 파라미터를 자동으로 제어합니다.  수율 향상, 생산 비용 절감, 공정 안정성 증대를 통해 경쟁력을 확보할 수 있습니다. 기존 시스템과의 손쉬운 연동을 지원하며, 전문가가 아닌 일반 작업자도 쉽게 사용할 수 있도록 직관적인 UI/UX를 제공합니다.",
      "solution": [
        "실시간 공정 데이터 수집 및 분석",
        "AI 기반 공정 파라미터 최적화",
        "수율 예측 및 문제점 사전 진단",
        "자동화된 공정 제어 시스템"
      ],
      "poc_plan": [
        "주요 공정 변수 선정 및 데이터 수집 (2주)",
        "AI 모델 개발 및 성능 검증 (2주)",
        "Pilot 공정 적용 및 효과 측정 (2주)"
      ],
      "risks": [
        "데이터 부족으로 인한 AI 모델 정확도 저하",
        "기존 시스템과의 호환성 문제",
        "AI 시스템 도입에 대한 초기 투자 비용"
      ],
      "roadmap_3m": [
        "데이터 수집 및 전처리 시스템 구축 (1개월)",
        "AI 모델 개발 및 검증 (1개월)",
        "Pilot 공정 적용 및 결과 분석 (1개월)"
      ],
      "metrics": [
        "수율 향상률",
        "생산 비용 절감률",
        "공정 안정성 지표",
        "AI 시스템 활용도"
      ],
      "priority_score": 3.8
    },
    {
      "idea": "AI 기반 반도체 설계 검증 플랫폼",
      "problem": "최첨단 반도체 설계의 복잡성 증가로 인해 설계 오류 검출 및 검증에 많은 시간과 비용이 소요됩니다. 기존의 시뮬레이션 기반 검증 방식은 정확도와 효율성에 한계가 있으며, 시장 경쟁 심화 속에서 빠른 검증 프로세스가 요구됩니다.  설계 검증에 대한 전문 인력 부족 또한 심각한 문제입니다.",
      "target_customer": "삼성전자, SK하이닉스, LG이노텍 등 국내 주요 반도체 기업의 설계팀 및 검증팀",
      "value_prop": "AI 기반 자동화된 검증 시스템을 통해 반도체 설계 오류 검출 시간을 단축하고, 검증 비용을 절감하며, 전문 인력 부족 문제를 해결합니다. 경쟁사 대비 높은 정확도와 속도를 제공하며, 사용자 친화적인 인터페이스를 통해 전문 지식이 부족한 엔지니어도 쉽게 사용할 수 있습니다.  클라우드 기반 플랫폼으로 확장성과 접근성을 높입니다.",
      "solution": [
        "AI 기반 설계 오류 자동 검출 기능",
        "다양한 시뮬레이션 결과 통합 분석 및 시각화",
        "사용자 친화적인 인터페이스 제공",
        "클라우드 기반 플랫폼으로 확장성 및 접근성 확보"
      ],
      "poc_plan": [
        "주요 반도체 설계 검증 벤치마크 데이터셋을 활용한 AI 모델 정확도 검증 (3주)",
        "국내 주요 반도체 기업과의 파트너십 구축 및 파일럿 프로젝트 진행 (4주)",
        "실제 설계 데이터 적용을 통한 성능 및 효율성 평가 (3주)",
        "사용자 피드백 수렴 및 시스템 개선 (2주)",
        "최종 보고서 작성 및 결과 발표 (1주)"
      ],
      "risks": [
        "AI 모델의 정확도 한계",
        "데이터 보안 및 유출 위험",
        "경쟁 플랫폼 출시",
        "기존 검증 시스템과의 호환성 문제",
        "예상치 못한 기술적 문제 발생"
      ],
      "roadmap_3m": [
        "핵심 기능 개발 완료 및 베타 버전 출시 (1개월)",
        "주요 고객 대상 파일럿 프로젝트 진행 및 피드백 반영 (1개월)",
        "시스템 안정화 및 공식 버전 출시 (1개월)"
      ],
      "metrics": [
        "오류 검출 정확도 향상률",
        "검증 시간 단축률",
        "비용 절감 효과",
        "사용자 만족도",
        "시장 점유율"
      ],
      "priority_score": 3.5
    },
    {
      "idea": "AI 기반 스마트 팩토리 솔루션: 제조 공정 최적화",
      "problem": "국내 제조업체들은 생산성 향상과 불량률 감소에 어려움을 겪고 있으며, 기존의 솔루션들은 높은 구축 비용과 복잡한 운영으로 인해 도입에 어려움을 느끼고 있습니다. 특히, AI 기술을 활용한 지능형 제조 시스템 도입은 초기 투자 비용과 전문 인력 부족으로 인해 확산되지 못하고 있습니다.",
      "target_customer": "중소/중견 제조업체 생산관리 부서 (직원 수 100-1000명)",
      "value_prop": "본 솔루션은 AI 기반의 머신러닝 알고리즘을 활용하여 실시간으로 생산 데이터를 분석하고, 공정 최적화를 위한 예측 및 제어 기능을 제공합니다.  클라우드 기반 서비스로 초기 투자 비용을 절감하고, 사용자 친화적인 인터페이스로 전문 인력 없이도 쉽게 운영할 수 있습니다. 경쟁 솔루션 대비,  더욱 정확한 예측과 효율적인 제어 기능을 제공하여 생산성 향상과 불량률 감소에 기여합니다.",
      "solution": [
        "실시간 생산 데이터 모니터링 및 분석",
        "AI 기반 공정 최적화 예측 및 제어",
        "클라우드 기반 서비스 제공 및 사용자 친화적인 인터페이스",
        "자동화된 보고서 생성 및 관리"
      ],
      "poc_plan": [
        "1주차: 대상 공정 선정 및 데이터 수집 시스템 구축",
        "2주차: AI 모델 학습 및 성능 평가",
        "3주차:  최적화된 공정 파라미터 도출 및 시뮬레이션",
        "4주차:  실제 공정 적용 및 효과 측정",
        "5주차:  결과 보고서 작성 및 추가 개선 방안 제시"
      ],
      "risks": [
        "데이터 부족으로 인한 AI 모델 정확도 저하",
        "예상치 못한 시스템 장애 발생",
        "제조 환경 변화에 대한 적응력 부족",
        "보안 및 개인정보보호 문제"
      ],
      "roadmap_3m": [
        "1개월:  핵심 기능 개발 및 베타 서비스 출시",
        "2개월:  고객 피드백 반영 및 기능 개선",
        "3개월:  정식 서비스 출시 및 마케팅 활동 시작"
      ],
      "metrics": [
        "생산성 향상률",
        "불량률 감소율",
        "시스템 가동률",
        "고객 만족도",
        "투자 회수 기간"
      ],
      "priority_score": 3.5
    }
  ]
}