{
  "stats": {
    "num_docs": 20
  },
  "keywords": [
    {
      "keyword": "갤럭시",
      "score": 4.659296503611463
    },
    {
      "keyword": "삼성전자",
      "score": 4.227995910453566
    },
    {
      "keyword": "디스플레",
      "score": 3.997408466133254
    },
    {
      "keyword": "공개",
      "score": 2.2558513368222086
    },
    {
      "keyword": "액정보호필름",
      "score": 2.148921432817526
    },
    {
      "keyword": "얇고",
      "score": 2.0554263997564015
    },
    {
      "keyword": "솔루스첨단소재",
      "score": 2.0369381704738037
    },
    {
      "keyword": "역대",
      "score": 1.9738712132231657
    },
    {
      "keyword": "참가하여",
      "score": 1.9332397181129277
    },
    {
      "keyword": "탑재하여",
      "score": 1.8580019164556214
    },
    {
      "keyword": "몰입감",
      "score": 1.7851615723536778
    },
    {
      "keyword": "아머",
      "score": 1.7251858698317117
    },
    {
      "keyword": "화면",
      "score": 1.706635280648452
    },
    {
      "keyword": "구현",
      "score": 1.6819346080263982
    },
    {
      "keyword": "프레임에",
      "score": 1.662840257744747
    },
    {
      "keyword": "강화된",
      "score": 1.6348809523168875
    },
    {
      "keyword": "재료",
      "score": 1.6266854688835073
    },
    {
      "keyword": "유럽시장",
      "score": 1.613122947604404
    },
    {
      "keyword": "다이내믹",
      "score": 1.5959855163615
    },
    {
      "keyword": "럭스로보",
      "score": 1.5930480077795623
    },
    {
      "keyword": "보급형",
      "score": 1.5317396357661544
    },
    {
      "keyword": "공략한다",
      "score": 1.456674981616525
    },
    {
      "keyword": "강력한",
      "score": 1.4015720771166573
    },
    {
      "keyword": "견고함",
      "score": 1.3814315492160265
    },
    {
      "keyword": "부드러운",
      "score": 1.3507908527437302
    },
    {
      "keyword": "시리",
      "score": 1.3459144857120573
    },
    {
      "keyword": "태블릿",
      "score": 1.3223124750254094
    },
    {
      "keyword": "환경",
      "score": 1.3143991195807607
    }
  ]
}