{
  "summary": "1. 핵심 맥락 설명:  제공된 데이터는 한국 뉴스에서 2024년 7월부터 2025년 9월까지의 기사를 분석한 결과로, 주요 토픽은 AI 기술, 차세대 반도체 및 기판 기술, 그리고 삼성과 LG 등 대기업의 기술 전략 및 시장 경쟁에 집중되어 있습니다.  특히 2025년을 기점으로 차세대 기술 관련 기사가 급증하고 있으며, 이는 관련 산업의 기술 개발 및 시장 경쟁 심화를 반영합니다.  게임 출시 관련 뉴스도 일부 포함되어 있으나, 주된 흐름은 AI와 반도체 산업에 집중되어 있습니다.\n\n\n2. 최근 변화/스파이크: 2025년 9월 초에 AI, 반도체, 삼성, LG 관련 뉴스 기사 수가 급격하게 증가하는 스파이크 현상이 나타났습니다. 이는 특정 기술 발표나 시장 상황 변화, 혹은 주요 행사 개최 등의 외부 요인에 의한 것으로 추정됩니다.\n\n\n3. 실무 인사이트:\n\n* **AI 및 반도체 산업 동향 모니터링 강화:**  2025년 9월 초의 기사 급증을 계기로 AI와 반도체 분야의 뉴스를 지속적으로 모니터링하고, 특히 삼성, LG 등 주요 기업의 기술 개발 및 사업 전략 변화에 대한 정보 수집을 강화해야 합니다.  경쟁사의 움직임을 파악하고 시장 변화에 대한 예측력을 높이는 것이 중요합니다.\n* **차세대 기술 관련 시장 조사 및 분석:**  2025년을 중심으로 차세대 반도체 및 기판 기술에 대한 시장 조사를 실시하고,  기술 트렌드 및 시장 전망을 분석하여 미래 사업 전략 수립에 활용해야 합니다.  특히, 2025년 9월의 뉴스 급증 원인 분석을 통해 시장의 핵심 이슈를 파악하는 것이 중요합니다.\n* **관련 기업 및 전문가 네트워크 구축:**  AI 및 반도체 분야의 주요 기업, 연구 기관, 그리고 전문가들과의 네트워크를 구축하여 정보 교류를 활성화하고,  시장 트렌드에 대한 인사이트를 확보해야 합니다.  2025년 9월의 기사 분석을 통해 주요 관계자들을 파악하고,  그들과의 소통 채널을 확보하는 것이 효과적일 것입니다.",
  "top_topics": [
    {
      "topic_id": 0,
      "top_words": [
        {
          "word": "2025",
          "prob": 0.07362822443246841
        },
        {
          "word": "삼성전기",
          "prob": 0.04276182875037193
        },
        {
          "word": "차세대",
          "prob": 0.03801315277814865
        },
        {
          "word": "기판",
          "prob": 0.03326447680592537
        },
        {
          "word": "lg이노텍",
          "prob": 0.03089013881981373
        },
        {
          "word": "kpca",
          "prob": 0.028515800833702087
        },
        {
          "word": "기술",
          "prob": 0.023767124861478806
        },
        {
          "word": "ai",
          "prob": 0.023767124861478806
        }
      ]
    },
    {
      "topic_id": 1,
      "top_words": [
        {
          "word": "ai",
          "prob": 0.06495122611522675
        },
        {
          "word": "lg",
          "prob": 0.029776642099022865
        },
        {
          "word": "반도체",
          "prob": 0.029776642099022865
        },
        {
          "word": "기술",
          "prob": 0.016247954219579697
        },
        {
          "word": "중국",
          "prob": 0.013542217202484608
        },
        {
          "word": "혁신",
          "prob": 0.013542217202484608
        },
        {
          "word": "시장",
          "prob": 0.013542217202484608
        },
        {
          "word": "운영",
          "prob": 0.013542217202484608
        }
      ]
    },
    {
      "topic_id": 2,
      "top_words": [
        {
          "word": "개최",
          "prob": 0.04528012126684189
        },
        {
          "word": "ai",
          "prob": 0.02953735925257206
        },
        {
          "word": "삼성",
          "prob": 0.027569513767957687
        },
        {
          "word": "국내",
          "prob": 0.017730286344885826
        },
        {
          "word": "글로벌",
          "prob": 0.015762440860271454
        },
        {
          "word": "전략",
          "prob": 0.013794596306979656
        },
        {
          "word": "강화",
          "prob": 0.013794596306979656
        },
        {
          "word": "dgist",
          "prob": 0.013794596306979656
        }
      ]
    },
    {
      "topic_id": 3,
      "top_words": [
        {
          "word": "선정",
          "prob": 0.04913770407438278
        },
        {
          "word": "2025",
          "prob": 0.026027673855423927
        },
        {
          "word": "뱀피르",
          "prob": 0.023138919845223427
        },
        {
          "word": "넷마블",
          "prob": 0.023138919845223427
        },
        {
          "word": "과제",
          "prob": 0.020250165835022926
        },
        {
          "word": "출시",
          "prob": 0.020250165835022926
        },
        {
          "word": "모델",
          "prob": 0.020250165835022926
        },
        {
          "word": "연기",
          "prob": 0.020250165835022926
        }
      ]
    },
    {
      "topic_id": 4,
      "top_words": [
        {
          "word": "ai",
          "prob": 0.07956230640411377
        },
        {
          "word": "삼성전자",
          "prob": 0.06236429512500763
        },
        {
          "word": "ifa",
          "prob": 0.06236429512500763
        },
        {
          "word": "공개",
          "prob": 0.04516628384590149
        },
        {
          "word": "갤럭시",
          "prob": 0.030118020251393318
        },
        {
          "word": "삼성",
          "prob": 0.025818517431616783
        },
        {
          "word": "애플",
          "prob": 0.021519014611840248
        },
        {
          "word": "일상",
          "prob": 0.01936926320195198
        }
      ]
    }
  ],
  "evidence": {
    "timeseries": [
      {
        "date": "2025-08-11",
        "count": 2
      },
      {
        "date": "2025-08-15",
        "count": 1
      },
      {
        "date": "2025-08-16",
        "count": 2
      },
      {
        "date": "2025-08-25",
        "count": 4
      },
      {
        "date": "2025-08-26",
        "count": 7
      },
      {
        "date": "2025-08-27",
        "count": 5
      },
      {
        "date": "2025-08-28",
        "count": 2
      },
      {
        "date": "2025-08-29",
        "count": 6
      },
      {
        "date": "2025-08-30",
        "count": 1
      },
      {
        "date": "2025-08-31",
        "count": 5
      },
      {
        "date": "2025-09-01",
        "count": 19
      },
      {
        "date": "2025-09-02",
        "count": 24
      },
      {
        "date": "2025-09-03",
        "count": 416
      },
      {
        "date": "2025-09-04",
        "count": 161
      }
    ]
  }
}