{
  "ideas": [
    {
      "idea": "2025년 9월 초 뉴스 기사 급증 예측 및 분석 플랫폼",
      "problem": "2025년 9월 초 뉴스 기사 급증 현상의 원인과 영향을 정확히 파악하기 어렵습니다. 기존 시장조사는 시차가 크고, 특정 이벤트에 대한 분석이 부족합니다.  이로 인해 기업들은 시장 변화에 대한 신속한 대응에 어려움을 겪고 있습니다.",
      "target_customer": "대기업 홍보/PR팀, 시장조사 기관, 금융투자사 리서치팀",
      "value_prop": "AI 기반 실시간 뉴스 분석 기술을 통해 2025년 9월 초와 같은 뉴스 기사 급증 현상을 예측하고, 원인을 분석하여 신속한 의사결정을 지원합니다. 경쟁사 대비 빠른 속도와 정확도를 제공하며, 특정 이벤트에 대한 심층 분석을 제공합니다.",
      "solution": [
        "실시간 뉴스 데이터 수집 및 분석",
        "AI 기반 급증 현상 예측 알고리즘",
        "원인 분석 및 보고서 자동 생성",
        "맞춤형 시각화 대시보드 제공"
      ],
      "poc_plan": [
        "데이터 수집 파이프라인 구축 (2주)",
        "AI 알고리즘 개발 및 테스트 (2주)",
        "대상 기업 대상 데모 시연 및 피드백 수렴 (1주)",
        "보고서 자동 생성 기능 개발 (1주)",
        "시각화 대시보드 개발 및 테스트 (1주)"
      ],
      "risks": [
        "데이터 부족 및 품질 문제",
        "AI 알고리즘 정확도 한계",
        "경쟁 플랫폼 출현",
        "예측 실패에 대한 책임 문제"
      ],
      "roadmap_3m": [
        "MVP 개발 및 내부 테스트 완료 (1개월)",
        "베타 서비스 출시 및 고객 피드백 수렴 (1개월)",
        "정식 서비스 출시 및 마케팅 (1개월)"
      ],
      "metrics": [
        "예측 정확도",
        "고객 만족도",
        "월간 활성 사용자 수",
        "매출액",
        "이용 기업 수"
      ],
      "priority_score": 3.8
    },
    {
      "idea": "2025년 9월 초 뉴스 기사 급증 예측 및 대응 시스템",
      "problem": "2025년 9월 초 뉴스 기사 급증 현상의 원인을 파악하고, 이에 따른 기업의 리스크 및 기회를 사전에 예측하고 대응하는 데 어려움이 있습니다.  기존 시스템은 실시간 예측 및 대응에 한계가 있으며, 특정 이벤트에 대한 정보 수집 및 분석에 시간이 많이 소요됩니다.  이로 인해 기업은 시장 변화에 대한 신속한 대응이 어렵고,  잠재적 위험에 효과적으로 대처하지 못할 수 있습니다.",
      "target_customer": "대기업 홍보/PR팀, 위기관리팀, 시장조사 기관",
      "value_prop": "본 시스템은 AI 기반 실시간 뉴스 분석을 통해 2025년 9월 초와 같은 뉴스 기사 급증 현상을 사전에 예측하고,  잠재적 위험 요인과 기회 요인을 분석하여 신속한 대응 전략 수립을 지원합니다.  경쟁 시스템 대비 빠른 속도와 정확도를 제공하며,  다양한 시각화 도구를 통해 직관적인 이해를 돕습니다.  특히,  주요 이슈에 대한 심층 분석 보고서를 제공하여 효율적인 의사결정을 지원합니다.",
      "solution": [
        "AI 기반 실시간 뉴스 감지 및 분석 엔진",
        "잠재적 위험 및 기회 요인 예측 알고리즘",
        "실시간 대시보드 및 시각화 도구",
        "심층 분석 보고서 자동 생성 기능"
      ],
      "poc_plan": [
        "뉴스 데이터 수집 및 전처리 파이프라인 구축 (2주)",
        "AI 모델 학습 및 성능 평가 (2주)",
        "대시보드 및 보고서 기능 개발 (2주)",
        "주요 기업 대상 시스템 데모 및 피드백 수집 (2주)",
        "최종 보고서 작성 및 결과 발표 (2주)"
      ],
      "risks": [
        "데이터 부족 및 품질 저하",
        "AI 모델의 정확도 한계",
        "예측 결과의 오류로 인한 의사결정 오류",
        "시스템 보안 및 개인정보보호 문제"
      ],
      "roadmap_3m": [
        "1개월차: 시스템 개발 및 테스트 완료",
        "2개월차: 주요 기업 대상 베타 서비스 제공 및 피드백 반영",
        "3개월차: 정식 서비스 출시 및 마케팅"
      ],
      "metrics": [
        "예측 정확도",
        "시스템 처리 속도",
        "사용자 만족도",
        "위험 요인 조기 경고율",
        "기회 요인 발견율"
      ],
      "priority_score": 3.8
    },
    {
      "idea": "2025년 9월 초 뉴스 기사 급증 예측 및 대응 플랫폼",
      "problem": "2025년 9월 초 뉴스 기사 급증 현상의 원인을 사전에 파악하고, 잠재적 위험을 예방하며, 기회를 선점하기 위한 효과적인 시스템이 부족합니다.  기존 시스템은 주로 사후 분석에 집중하며, 실시간 예측 및 대응에는 한계가 있습니다.  이로 인해 기업들은 급작스러운 위기 상황에 효과적으로 대응하지 못하고, 시장 기회를 놓칠 수 있습니다.",
      "target_customer": "대기업 홍보/위기관리팀, 시장조사 기관, 금융투자사 리서치팀",
      "value_prop": "본 플랫폼은 AI 기반 예측 모델을 통해 2025년 9월 초 뉴스 기사 급증 현상을 사전에 예측하고,  잠재적 위험 요인과 기회를 분석하여 실시간으로 대응 전략을 수립할 수 있도록 지원합니다.  경쟁 플랫폼과 달리, 다양한 데이터 소스를 통합 분석하여 정확도를 높이고,  맞춤형 대응 전략을 제공합니다.  또한,  사후 분석 기능을 통해 예측 정확도를 지속적으로 개선합니다.",
      "solution": [
        "AI 기반 뉴스 기사 급증 예측 모델 개발",
        "실시간 뉴스 모니터링 및 분석 시스템 구축",
        "잠재적 위험 및 기회 분석 기능 제공",
        "맞춤형 대응 전략 수립 및 제안"
      ],
      "poc_plan": [
        "뉴스 기사 데이터 수집 및 전처리 (1주)",
        "AI 모델 개발 및 성능 평가 (2주)",
        "플랫폼 UI/UX 디자인 및 개발 (2주)",
        "대상 기업 대상 시범 운영 및 피드백 수렴 (1주)",
        "최종 보고서 작성 및 결과 발표 (1주)"
      ],
      "risks": [
        "데이터 부족 및 품질 저하",
        "AI 모델의 예측 정확도 한계",
        "시장 수요 부족 및 경쟁 심화",
        "개인정보보호 및 데이터 보안 문제"
      ],
      "roadmap_3m": [
        "1개월차: AI 모델 개발 및 데이터 수집 완료",
        "2개월차: 플랫폼 개발 및 시범 운영",
        "3개월차: 플랫폼 출시 및 마케팅"
      ],
      "metrics": [
        "예측 정확도",
        "플랫폼 사용자 수",
        "위기 상황 대응 성공률",
        "시장 점유율",
        "고객 만족도"
      ],
      "priority_score": 3.8
    },
    {
      "idea": "AI 기반 뉴스 기사 급증 예측 및 위기 관리 시스템",
      "problem": "2025년 9월 초 뉴스 기사 급증 현상과 같은 예측 불가능한 이벤트로 인해 기업의 평판 및 주가에 미치는 부정적 영향을 최소화할 수 있는 효과적인 시스템이 부족합니다.  기존의 시장조사 및 위기관리 방식은 속도와 정확성 측면에서 한계를 보이며, 신속한 대응에 어려움을 겪습니다.  따라서 실시간 뉴스 데이터 분석을 통해 위기 상황을 조기에 감지하고 효과적으로 대응할 수 있는 시스템이 필요합니다.",
      "target_customer": "대기업 홍보/위기관리팀, IR팀, 시장조사 기관",
      "value_prop": "AI 기반 실시간 뉴스 분석을 통해 잠재적 위기 상황을 조기에 예측하고, 신속한 대응 전략 수립을 지원합니다.  기존 시스템보다 정확도와 속도를 높여 위기 발생에 따른 피해를 최소화하고, 효율적인 위기 관리를 가능하게 합니다.  특히 급증하는 뉴스 기사량에 대한 실시간 분석 및 예측 기능을 제공하여 선제적 대응을 지원하는 것이 차별점입니다.",
      "solution": [
        "AI 기반 뉴스 데이터 실시간 수집 및 분석",
        "뉴스 기사 급증 예측 알고리즘 개발 및 적용",
        "위기 상황 자동 감지 및 알림 기능 제공",
        "대응 전략 수립을 위한 데이터 시각화 및 분석 도구 제공"
      ],
      "poc_plan": [
        "뉴스 데이터 수집 및 전처리 파이프라인 구축 (2주)",
        "기사 급증 예측 알고리즘 개발 및 테스트 (2주)",
        "알림 기능 및 시각화 도구 개발 (1주)",
        "주요 대기업 홍보팀과의 시스템 검증 및 피드백 반영 (1주)",
        "최종 시스템 데모 및 성능 평가 (1주)"
      ],
      "risks": [
        "데이터 편향으로 인한 예측 오류",
        "뉴스 데이터 수집의 제한 및 비용",
        "AI 알고리즘의 지속적인 개선 및 유지보수 필요성",
        "예측 결과의 오용 및 남용 가능성"
      ],
      "roadmap_3m": [
        "1개월차: 뉴스 데이터 수집 및 전처리 시스템 구축 완료",
        "2개월차: AI 기반 예측 알고리즘 개발 및 베타 버전 출시",
        "3개월차: 시스템 성능 개선 및 주요 고객 대상 시범 운영"
      ],
      "metrics": [
        "예측 정확도",
        "위기 상황 조기 감지율",
        "대응 시간 단축률",
        "고객 만족도",
        "시스템 사용률"
      ],
      "priority_score": 3.8
    },
    {
      "idea": "2025년 9월 초 뉴스 기사 급증 현상 분석 및 예측 서비스",
      "problem": "2025년 9월 초 한국 뉴스 기사의 급증 현상 원인을 분석하고, 향후 유사한 현상 발생을 예측하는 데 어려움이 있습니다.  기존의 뉴스 분석 서비스는 단순 키워드 추출에 그치는 경우가 많으며, 시계열 데이터 분석을 통한 예측 기능이 부족합니다.  이로 인해 기업들은 시장 변화에 대한 빠른 대응에 어려움을 겪고 있습니다.",
      "target_customer": "대기업 홍보/PR팀, 시장조사 기관, 투자사 리서치팀",
      "value_prop": "AI 기반 뉴스 기사 분석 및 예측 서비스를 통해 2025년 9월 초와 같은 급증 현상의 원인을 정확히 분석하고, 미래 예측을 제공합니다.  다양한 데이터 소스를 통합 분석하여 정확도를 높이고, 시각화된 보고서를 통해 직관적인 이해를 돕습니다. 경쟁 서비스 대비 빠른 속도와 정확한 예측으로 의사결정을 지원합니다.",
      "solution": [
        "뉴스 기사 텍스트 및 시계열 데이터 분석",
        "AI 기반 원인 분석 및 예측 모델 개발",
        "시각화된 분석 보고서 제공",
        "실시간 알림 기능"
      ],
      "poc_plan": [
        "주요 뉴스 사이트 데이터 수집 및 전처리(1주)",
        "AI 모델 개발 및 학습(2주)",
        "예측 정확도 평가 및 개선(1주)",
        "데모 서비스 개발 및 테스트(2주)",
        "잠재 고객 대상 피드백 수집(1주)"
      ],
      "risks": [
        "데이터 부족 및 품질 저하",
        "AI 모델의 예측 정확도 한계",
        "경쟁 서비스 출현",
        "개인정보보호 및 윤리적 문제"
      ],
      "roadmap_3m": [
        "최소 기능 제품(MVP) 개발 및 출시(1개월)",
        "주요 기능 추가 및 성능 개선(1개월)",
        "고객 피드백 반영 및 서비스 안정화(1개월)"
      ],
      "metrics": [
        "예측 정확도",
        "고객 만족도",
        "서비스 이용률",
        "매출액",
        "데이터 처리 속도"
      ],
      "priority_score": 3.5
    }
  ]
}