{
  "stats": {
    "num_docs": 28
  },
  "keywords": [
    {
      "keyword": "디스플레",
      "score": 3.6760638411495004
    },
    {
      "keyword": "제품",
      "score": 2.757447213729713
    },
    {
      "keyword": "혁신",
      "score": 2.4650916581231077
    },
    {
      "keyword": "분야",
      "score": 2.4169381651991504
    },
    {
      "keyword": "무선",
      "score": 2.2268159208053664
    },
    {
      "keyword": "삼성",
      "score": 2.1917974047110813
    },
    {
      "keyword": "청소년",
      "score": 1.9837795114665417
    },
    {
      "keyword": "디지털",
      "score": 1.9427277331139332
    },
    {
      "keyword": "교육",
      "score": 1.882012371248281
    },
    {
      "keyword": "갤럭시",
      "score": 1.8783194524164322
    },
    {
      "keyword": "대거",
      "score": 1.840062033145101
    },
    {
      "keyword": "함께",
      "score": 1.8361442240734993
    },
    {
      "keyword": "소개",
      "score": 1.7885045798708856
    },
    {
      "keyword": "기기",
      "score": 1.7107926583044253
    },
    {
      "keyword": "최장",
      "score": 1.7035909691353348
    },
    {
      "keyword": "화질",
      "score": 1.6907624985090801
    },
    {
      "keyword": "이들",
      "score": 1.6368999722840814
    },
    {
      "keyword": "실시간",
      "score": 1.6298919298979775
    },
    {
      "keyword": "확산",
      "score": 1.625967455763449
    },
    {
      "keyword": "억대",
      "score": 1.4305762695613602
    },
    {
      "keyword": "지표인",
      "score": 1.4054470240650985
    },
    {
      "keyword": "모바일",
      "score": 1.3992177925214744
    },
    {
      "keyword": "각각",
      "score": 1.3717777153509587
    },
    {
      "keyword": "탑재한",
      "score": 1.2787288447160745
    },
    {
      "keyword": "밝혔다",
      "score": 1.2769810904803713
    },
    {
      "keyword": "경험",
      "score": 1.2414722249193888
    },
    {
      "keyword": "사업",
      "score": 1.2138939191075773
    }
  ]
}