{
  "summary": "1. **핵심 맥락:**  제공된 데이터는 2024년부터 2025년 9월 초까지의 한국 뉴스 기사 토픽을 분석한 결과입니다.  주요 토픽은 중국 관련 뉴스(topic 0), 게임 및 관련 산업(topic 1), 디스플레이 기술 및 LG 관련 뉴스(topic 2), AI 및 반도체 기술(topic 3), 그리고 AI 기업 및 인재 확보(topic 4)로 요약됩니다. 이는 한국 경제의 주요 성장 동력 및 미래 전략과 밀접하게 관련된 이슈들을 반영하고 있습니다.\n\n2. **최근 변화/스파이크:** 2025년 9월 초(9월 3일)에 기사 수가 급증하는 스파이크 현상이 나타났습니다.  이는 특정 이벤트 또는 뉴스 발생으로 인한 집중적인 보도를 시사하며,  해당 시점 이전까지는 상대적으로 기사 수가 적었던 점을 고려할 때 주목할 만한 변화입니다.\n\n3. **실무 인사이트:**\n\n* **긴급 상황 대응 매뉴얼 준비:** 2025년 9월 초의 기사 급증 사례를 바탕으로, 향후 예상치 못한 뉴스 발생에 대한 긴급 상황 대응 매뉴얼을 마련하고,  실시간 모니터링 시스템을 구축하여 신속한 대처가 가능하도록 합니다.  특히,  주요 키워드(AI, 반도체, 중국, LG, 게임 등)를 중심으로 모니터링을 강화해야 합니다.\n* **주요 키워드 기반 뉴스 분석 시스템 구축:**  주요 토픽 키워드를 활용하여 뉴스 기사를 자동으로 분류하고 분석하는 시스템을 구축하여,  실시간으로 주요 이슈를 파악하고,  각 이슈에 대한 효과적인 대응 전략을 수립할 수 있도록 합니다.  이를 통해  데이터 기반 의사결정을 강화할 수 있습니다.\n* **미래 이슈 선제적 대응 전략 수립:**  AI, 반도체, 디스플레이 등 미래 기술 분야에 대한 지속적인 모니터링과 분석을 통해,  잠재적인 위험과 기회를 사전에 파악하고,  선제적인 대응 전략을 수립합니다.  특히,  중국 시장 변화에 대한 예측 및 대응 계획을 수립하는 것이 중요합니다.",
  "top_topics": [
    {
      "topic_id": 0,
      "top_words": [
        {
          "word": "to",
          "prob": 0.03708508238196373
        },
        {
          "word": "the",
          "prob": 0.034768711775541306
        },
        {
          "word": "2025",
          "prob": 0.03245234116911888
        },
        {
          "word": "and",
          "prob": 0.025503233075141907
        },
        {
          "word": "in",
          "prob": 0.023186862468719482
        },
        {
          "word": "china",
          "prob": 0.020870491862297058
        },
        {
          "word": "of",
          "prob": 0.020870491862297058
        },
        {
          "word": "선포",
          "prob": 0.01623775251209736
        }
      ]
    },
    {
      "topic_id": 1,
      "top_words": [
        {
          "word": "선정",
          "prob": 0.030732862651348114
        },
        {
          "word": "개최",
          "prob": 0.027662646025419235
        },
        {
          "word": "넷마블",
          "prob": 0.024592429399490356
        },
        {
          "word": "뱀피르",
          "prob": 0.024592429399490356
        },
        {
          "word": "과제",
          "prob": 0.021522214636206627
        },
        {
          "word": "관련주",
          "prob": 0.018451998010277748
        },
        {
          "word": "브리프",
          "prob": 0.018451998010277748
        },
        {
          "word": "분야",
          "prob": 0.018451998010277748
        }
      ]
    },
    {
      "topic_id": 2,
      "top_words": [
        {
          "word": "lg",
          "prob": 0.027753271162509918
        },
        {
          "word": "디스플레이",
          "prob": 0.02523253858089447
        },
        {
          "word": "선정",
          "prob": 0.020191073417663574
        },
        {
          "word": "위한",
          "prob": 0.020191073417663574
        },
        {
          "word": "직접",
          "prob": 0.017670338973402977
        },
        {
          "word": "dgist",
          "prob": 0.017670338973402977
        },
        {
          "word": "전략",
          "prob": 0.017670338973402977
        },
        {
          "word": "oled",
          "prob": 0.017670338973402977
        }
      ]
    },
    {
      "topic_id": 3,
      "top_words": [
        {
          "word": "ai",
          "prob": 0.05778416246175766
        },
        {
          "word": "기술",
          "prob": 0.03383071720600128
        },
        {
          "word": "2025",
          "prob": 0.028194613754749298
        },
        {
          "word": "개최",
          "prob": 0.028194613754749298
        },
        {
          "word": "반도체",
          "prob": 0.025376562029123306
        },
        {
          "word": "삼성전기",
          "prob": 0.025376562029123306
        },
        {
          "word": "차세대",
          "prob": 0.022558510303497314
        },
        {
          "word": "기판",
          "prob": 0.019740456715226173
        }
      ]
    },
    {
      "topic_id": 4,
      "top_words": [
        {
          "word": "ai",
          "prob": 0.06590833514928818
        },
        {
          "word": "기업",
          "prob": 0.024292971938848495
        },
        {
          "word": "최대",
          "prob": 0.019091051071882248
        },
        {
          "word": "확산",
          "prob": 0.017357077449560165
        },
        {
          "word": "출시",
          "prob": 0.015623102895915508
        },
        {
          "word": "삼성",
          "prob": 0.015623102895915508
        },
        {
          "word": "국내",
          "prob": 0.015623102895915508
        },
        {
          "word": "인재",
          "prob": 0.015623102895915508
        }
      ]
    }
  ],
  "evidence": {
    "timeseries": [
      {
        "date": "2025-08-11",
        "count": 2
      },
      {
        "date": "2025-08-15",
        "count": 1
      },
      {
        "date": "2025-08-16",
        "count": 2
      },
      {
        "date": "2025-08-25",
        "count": 4
      },
      {
        "date": "2025-08-26",
        "count": 7
      },
      {
        "date": "2025-08-27",
        "count": 5
      },
      {
        "date": "2025-08-28",
        "count": 2
      },
      {
        "date": "2025-08-29",
        "count": 6
      },
      {
        "date": "2025-08-30",
        "count": 1
      },
      {
        "date": "2025-08-31",
        "count": 5
      },
      {
        "date": "2025-09-01",
        "count": 19
      },
      {
        "date": "2025-09-02",
        "count": 24
      },
      {
        "date": "2025-09-03",
        "count": 416
      },
      {
        "date": "2025-09-04",
        "count": 220
      }
    ]
  }
}