{
  "ideas": [
    {
      "idea": "AI 기반 맞춤형 디스플레이 광고 플랫폼",
      "problem": "기존 디스플레이 광고는 타겟팅이 부족하고 효율이 낮습니다. 소비자는 원치 않는 광고에 노출되고, 광고주는 ROI 저하에 직면합니다.  AI 기반의 정교한 타겟팅과 개인화된 광고 경험이 부족합니다.",
      "target_customer": "대기업 및 중소기업 광고주, 디지털 마케팅 에이전시, 쇼핑몰 운영자",
      "value_prop": "AI 기반 실시간 데이터 분석을 통해 최적의 타겟 고객에게 최적의 광고를 제공하여 광고 효율을 극대화합니다. 개인 맞춤형 광고 경험을 제공하여 소비자 만족도를 높입니다.  다양한 디스플레이 환경(온라인, 오프라인)에 적용 가능합니다.",
      "solution": [
        "AI 기반 실시간 데이터 분석 및 타겟팅 시스템",
        "개인화된 광고 콘텐츠 자동 생성 기능",
        "다양한 디스플레이 환경(웹, 모바일, 키오스크) 지원",
        "광고 효과 측정 및 분석 대시보드 제공"
      ],
      "risks": [
        "AI 알고리즘의 편향성 및 윤리적 문제",
        "개인정보보호 관련 규제 준수 어려움",
        "경쟁 플랫폼과의 차별화"
      ],
      "priority_score": 4.0
    },
    {
      "idea": "투명 OLED 디스플레이 기반 스마트 윈도우",
      "problem": "기존 건물 창문은 단순히 채광 및 시야 확보 기능만 제공합니다.  건물 에너지 효율 개선 및 정보 제공 기능이 부족합니다.  스마트 건물 구축에 필요한 기술적 지원이 부족합니다.",
      "target_customer": "건설업체, 건물 관리 회사, 스마트 시티 구축 사업자",
      "value_prop": "투명 OLED 디스플레이를 활용하여 건물 창문에 정보를 표시하고, 에너지 효율을 높입니다.  실시간 정보 제공, 광고 게재, 분위기 연출 등 다양한 기능을 제공합니다.  건물 디자인 및 미적 가치를 향상시킵니다.",
      "solution": [
        "투명 OLED 디스플레이 모듈",
        "스마트 윈도우 제어 시스템",
        "에너지 관리 시스템 연동",
        "원격 관리 및 콘텐츠 업데이트 기능"
      ],
      "risks": [
        "투명 OLED 디스플레이의 높은 제조 단가",
        "기술적 안정성 및 내구성 문제",
        "건물 설계 및 시공과의 호환성 문제"
      ],
      "priority_score": 3.8
    },
    {
      "idea": "플렉서블 디스플레이 기반의 맞춤형 의류",
      "problem": "기존 의류는 디자인 및 기능이 제한적입니다.  개인 맞춤형 디자인 및 기능 구현이 어렵습니다.  소비자의 개성 표현에 대한 요구를 충족하지 못합니다.",
      "target_customer": "패션 디자이너, 의류 제조업체, 개인 소비자",
      "value_prop": "플렉서블 디스플레이를 활용하여 개인의 취향에 맞는 디자인과 기능을 구현합니다.  다양한 디자인과 색상을 제공하고,  소비자의 개성을 표현할 수 있도록 합니다.  웨어러블 기기와 연동하여 편리성을 높입니다.",
      "solution": [
        "플렉서블 디스플레이 패널",
        "맞춤형 디자인 소프트웨어",
        "무선 통신 모듈",
        "세탁 가능한 내구성"
      ],
      "risks": [
        "플렉서블 디스플레이의 높은 제조 단가",
        "내구성 및 안정성 문제",
        "소비자의 디자인 및 기능에 대한 선호도 파악 어려움"
      ],
      "priority_score": 3.7
    },
    {
      "idea": "홀로그램 기술 기반의 차세대 디지털 사이니지",
      "problem": "기존 디지털 사이니지는 시각적 한계로 인해 정보 전달력이 떨어지고, 소비자의 주목도가 낮습니다.  3차원적인 정보 표현이 어렵고, 상호작용 기능이 부족합니다.",
      "target_customer": "백화점, 쇼핑몰, 공항, 박물관 등 대형 공공시설 운영자",
      "value_prop": "홀로그램 기술을 활용하여 현실감 넘치는 3차원 영상을 구현하여 소비자의 시선을 사로잡고, 정보 전달력을 높입니다.  상호작용 기능을 통해 소비자 참여를 유도하고,  매장 분위기 연출 및 브랜드 이미지 제고에 효과적입니다.",
      "solution": [
        "홀로그램 영상 제작 및 관리 시스템",
        "터치스크린 및 모션 인식 기반 상호작용 기능",
        "다양한 크기 및 형태의 디스플레이 모듈 제공",
        "원격 관리 및 콘텐츠 업데이트 기능"
      ],
      "risks": [
        "홀로그램 기술의 높은 구축 비용",
        "기술적 안정성 및 유지보수 문제",
        "소비자의 홀로그램 기술에 대한 낮은 인지도"
      ],
      "priority_score": 3.5
    },
    {
      "idea": "AR 글래스 연동형 모바일 디스플레이",
      "problem": "기존 모바일 디스플레이는 화면 크기가 제한적이고, 휴대성이 떨어집니다.  증강현실(AR) 경험을 제대로 제공하지 못합니다.  다양한 환경에서의 사용성이 떨어집니다.",
      "target_customer": "게임 유저, AR 콘텐츠 개발자, 건설 현장 작업자",
      "value_prop": "AR 글래스와 연동하여 모바일 디스플레이의 화면을 확장하고, AR 경험을 향상시킵니다.  휴대성과 사용 편의성을 높이고, 다양한 환경에서 활용 가능합니다.  몰입감 높은 AR 콘텐츠를 제공합니다.",
      "solution": [
        "AR 글래스와의 무선 연결 기능",
        "AR 콘텐츠 플랫폼 연동",
        "손동작 및 음성 제어 기능",
        "다양한 AR 애플리케이션 지원"
      ],
      "risks": [
        "AR 글래스의 높은 가격 및 기술적 한계",
        "AR 콘텐츠 부족 및 개발 어려움",
        "개인정보보호 및 안전 문제"
      ],
      "priority_score": 3.2
    }
  ]
}