{
  "stats": {
    "num_docs": 27
  },
  "keywords": [
    {
      "keyword": "디스플레",
      "score": 5.4334157484441805
    },
    {
      "keyword": "삼성전자",
      "score": 3.430564873992019
    },
    {
      "keyword": "갤럭시",
      "score": 3.0497899038271568
    },
    {
      "keyword": "경험",
      "score": 2.83184050117998
    },
    {
      "keyword": "아머",
      "score": 2.70788157544266
    },
    {
      "keyword": "최대",
      "score": 2.0667049785804052
    },
    {
      "keyword": "공개",
      "score": 1.8933022808894515
    },
    {
      "keyword": "선사한다",
      "score": 1.8638478153773161
    },
    {
      "keyword": "탑재",
      "score": 1.8350598051005922
    },
    {
      "keyword": "다이내믹",
      "score": 1.7811505177743863
    },
    {
      "keyword": "지원",
      "score": 1.7760799445664621
    },
    {
      "keyword": "강화된",
      "score": 1.7470573247950596
    },
    {
      "keyword": "디지털",
      "score": 1.6918560467163113
    },
    {
      "keyword": "베젤",
      "score": 1.6642996907967311
    },
    {
      "keyword": "성능",
      "score": 1.627482465614721
    },
    {
      "keyword": "앞장서겠다\"고",
      "score": 1.6063035306496367
    },
    {
      "keyword": "수준",
      "score": 1.5310327673056499
    },
    {
      "keyword": "알루미늄",
      "score": 1.4074763400920136
    },
    {
      "keyword": "부족",
      "score": 1.3621119888605375
    },
    {
      "keyword": "보여준다\"며",
      "score": 1.3534376774630767
    },
    {
      "keyword": "아몰레드",
      "score": 1.3077089010515013
    },
    {
      "keyword": "인공지능",
      "score": 1.2904872389970548
    },
    {
      "keyword": "불안",
      "score": 1.2667066998712122
    },
    {
      "keyword": "대거",
      "score": 1.2508597659701262
    }
  ]
}