{
  "summary": "1. **핵심 맥락:**  제공된 데이터는 2024년부터 2025년 9월 초까지 한국 뉴스에서 주요하게 다뤄진 세 가지 핵심 주제를 보여줍니다. 첫째, AI 기술과 관련된 다양한 산업 분야(디스플레이, 반도체, 기판 등)의 적용 및 개발 현황입니다.  둘째, 삼성전자와 LG를 비롯한 한국 주요 기업들의 2025년 사업 전략 및 글로벌 시장 경쟁 상황을 보여줍니다. 마지막으로,  IFA와 같은 주요 전시회를 중심으로 한 신제품 공개 및 기술 트렌드를 반영하고 있습니다.  이러한 주제들은 한국 경제의 핵심 동력인 IT 산업의 현재와 미래를 반영하고 있습니다.\n\n2. **최근 변화/스파이크:** 2025년 9월 초(9월 1일~4일)에 기사 수가 급증하는 현상이 나타났습니다. 이는 특정 시점의 주요 뉴스 이벤트, 예를 들어 IFA 2025 전시회 개최 또는 관련 대규모 발표와 밀접한 관련이 있을 것으로 추측됩니다.  이 기간 동안 AI 기술, 삼성전자, LG 등 주요 기업 관련 뉴스가 집중적으로 보도되었을 가능성이 높습니다.\n\n3. **실무 인사이트:**\n\n* **주요 전시회 및 발표 시점에 맞춘 홍보 전략 강화:**  IFA 2025와 같은 주요 전시회 및 기업 발표 시점을 정확히 파악하여 집중적인 홍보 전략을 수립하고,  미디어 대응 체계를 미리 구축해야 합니다.  관련 키워드를 활용한 뉴스 모니터링 시스템 구축도 중요합니다.\n* **AI 기술 관련 뉴스 트렌드 분석 및 활용:**  AI 기술 적용 분야에 대한 뉴스 분석을 통해 시장 트렌드를 파악하고,  자사 제품 및 서비스와의 연관성을 강조하는 스토리텔링 전략을 개발해야 합니다.  AI 관련 전문가 네트워크 구축도 중요한 요소입니다.\n* **경쟁사 동향 모니터링 및 차별화 전략 수립:** 삼성전자와 LG 등 경쟁사의 사업 전략 및 신제품 출시 계획을 면밀히 모니터링하고,  자사만의 차별화된 경쟁력을 확보하기 위한 전략을 수립해야 합니다.  SWOT 분석을 통해 경쟁 우위를 확보할 수 있는 방안을 모색해야 합니다.",
  "top_topics": [
    {
      "topic_id": 0,
      "top_words": [
        {
          "word": "ai",
          "prob": 0.046033505350351334
        },
        {
          "word": "germany",
          "prob": 0.02302720956504345
        },
        {
          "word": "사진",
          "prob": 0.018844246864318848
        },
        {
          "word": "디스플레이",
          "prob": 0.01675276644527912
        },
        {
          "word": "기반",
          "prob": 0.01466128509491682
        },
        {
          "word": "과제",
          "prob": 0.01466128509491682
        },
        {
          "word": "protest",
          "prob": 0.01466128509491682
        },
        {
          "word": "oled",
          "prob": 0.01466128509491682
        }
      ]
    },
    {
      "topic_id": 1,
      "top_words": [
        {
          "word": "2025",
          "prob": 0.03312201052904129
        },
        {
          "word": "lg",
          "prob": 0.031466737389564514
        },
        {
          "word": "최대",
          "prob": 0.01987982727587223
        },
        {
          "word": "중국",
          "prob": 0.01656928099691868
        },
        {
          "word": "지원",
          "prob": 0.01656928099691868
        },
        {
          "word": "반도체",
          "prob": 0.01656928099691868
        },
        {
          "word": "세계",
          "prob": 0.014914008788764477
        },
        {
          "word": "유럽",
          "prob": 0.014914008788764477
        }
      ]
    },
    {
      "topic_id": 2,
      "top_words": [
        {
          "word": "개최",
          "prob": 0.048901643604040146
        },
        {
          "word": "2025",
          "prob": 0.03628593683242798
        },
        {
          "word": "ai",
          "prob": 0.03628593683242798
        },
        {
          "word": "기술",
          "prob": 0.03313200920820236
        },
        {
          "word": "차세대",
          "prob": 0.031555045396089554
        },
        {
          "word": "삼성전기",
          "prob": 0.028401115909218788
        },
        {
          "word": "기판",
          "prob": 0.022093262523412704
        },
        {
          "word": "lg이노텍",
          "prob": 0.020516298711299896
        }
      ]
    },
    {
      "topic_id": 3,
      "top_words": [
        {
          "word": "ai",
          "prob": 0.09213824570178986
        },
        {
          "word": "삼성전자",
          "prob": 0.07317139208316803
        },
        {
          "word": "공개",
          "prob": 0.06097841635346413
        },
        {
          "word": "ifa",
          "prob": 0.05284976586699486
        },
        {
          "word": "삼성",
          "prob": 0.03930202126502991
        },
        {
          "word": "갤럭시",
          "prob": 0.03930202126502991
        },
        {
          "word": "fe",
          "prob": 0.021689945831894875
        },
        {
          "word": "2025",
          "prob": 0.02033517137169838
        }
      ]
    },
    {
      "topic_id": 4,
      "top_words": [
        {
          "word": "ai",
          "prob": 0.062280964106321335
        },
        {
          "word": "기업",
          "prob": 0.024923060089349747
        },
        {
          "word": "운영",
          "prob": 0.02136516571044922
        },
        {
          "word": "출시",
          "prob": 0.019586216658353806
        },
        {
          "word": "강화",
          "prob": 0.01780726946890354
        },
        {
          "word": "인재",
          "prob": 0.01602832041680813
        },
        {
          "word": "기술",
          "prob": 0.014249373227357864
        },
        {
          "word": "선정",
          "prob": 0.014249373227357864
        }
      ]
    }
  ],
  "evidence": {
    "timeseries": [
      {
        "date": "2025-08-11",
        "count": 2
      },
      {
        "date": "2025-08-15",
        "count": 1
      },
      {
        "date": "2025-08-16",
        "count": 2
      },
      {
        "date": "2025-08-25",
        "count": 4
      },
      {
        "date": "2025-08-26",
        "count": 7
      },
      {
        "date": "2025-08-27",
        "count": 5
      },
      {
        "date": "2025-08-28",
        "count": 2
      },
      {
        "date": "2025-08-29",
        "count": 6
      },
      {
        "date": "2025-08-30",
        "count": 1
      },
      {
        "date": "2025-08-31",
        "count": 5
      },
      {
        "date": "2025-09-01",
        "count": 19
      },
      {
        "date": "2025-09-02",
        "count": 24
      },
      {
        "date": "2025-09-03",
        "count": 416
      },
      {
        "date": "2025-09-04",
        "count": 265
      }
    ]
  }
}