{
  "ideas": [
    {
      "idea": "개인 맞춤형 AI 기반 스마트홈 에너지 관리 솔루션",
      "problem": "소비자는 에너지 소비량을 실시간으로 파악하고 효율적으로 관리하는 데 어려움을 겪고 있으며, 에너지 절약을 위한 정보 접근성이 부족합니다.  또한, 기존 스마트홈 시스템은 개인의 에너지 사용 패턴을 고려하지 않은 일반적인 솔루션을 제공하는 경우가 많습니다.",
      "target_customer": "스마트홈 사용자(20-50대), 에너지 절약에 관심 있는 가구, 환경 보호에 대한 인식이 높은 소비자",
      "value_prop": "AI 기반 개인 맞춤형 에너지 관리 솔루션을 통해 실시간 에너지 소비량 모니터링, 사용 패턴 분석, 에너지 절약 팁 제공, 맞춤형 에너지 절약 목표 설정 등을 제공합니다.  경쟁 솔루션 대비 개인화된 분석 및 맞춤형 솔루션 제공을 통해 에너지 절약 효율을 극대화하고 사용자 편의성을 높입니다.",
      "solution": [
        "AI 기반 에너지 소비량 분석 및 예측",
        "개인 맞춤형 에너지 절약 목표 설정 및 관리",
        "실시간 에너지 사용량 모니터링 및 알림",
        "에너지 절약 팁 및 정보 제공"
      ],
      "poc_plan": [
        "3주차: AI 알고리즘 개발 및 테스트 (데이터 수집 및 전처리)",
        "5주차: 사용자 인터페이스 개발 및 사용성 테스트",
        "6주차: 파일럿 사용자 그룹 대상 베타 테스트 및 피드백 수집"
      ],
      "risks": [
        "AI 알고리즘 정확도",
        "개인정보 보호 및 데이터 보안",
        "경쟁 솔루션과의 차별화"
      ],
      "roadmap_3m": [
        "1개월차: AI 알고리즘 개발 완료 및 베타 버전 출시",
        "2개월차: 사용자 피드백 반영 및 기능 개선",
        "3개월차: 정식 서비스 출시 및 마케팅"
      ],
      "metrics": [
        "에너지 절약률",
        "사용자 참여율",
        "고객 만족도",
        "앱 다운로드 수"
      ],
      "priority_score": 3.8
    },
    {
      "idea": "AI 기반 맞춤형 금융 상품 추천 플랫폼",
      "problem": "금융 상품 선택의 어려움과 정보 비대칭으로 인해 소비자는 최적의 금융 상품을 선택하지 못하고 있으며, 금융 기관은 고객의 니즈를 정확히 파악하지 못해 상품 개발 및 판매에 어려움을 겪고 있습니다.  기존의 상품 추천 시스템은 개인화 수준이 낮고, 소비자의 금융 지식 수준을 고려하지 못하는 한계가 있습니다.",
      "target_customer": "20-40대 직장인, 금융 상품 선택에 어려움을 느끼는 소비자, 자산 관리에 관심 있는 개인",
      "value_prop": "AI 기반의 정교한 알고리즘을 통해 개인의 금융 상황, 목표, 위험 감수 수준 등을 정확하게 분석하여 최적의 금융 상품을 추천합니다.  소비자의 금융 지식 수준에 맞춘 설명과 시각화된 정보 제공으로 이해도를 높이고, 투명하고 신뢰할 수 있는 추천 서비스를 제공합니다.  금융 기관에게는 고객의 니즈를 정확히 파악하여 상품 개발 및 마케팅 전략 수립에 도움을 줍니다.",
      "solution": [
        "AI 기반 개인 맞춤형 금융 상품 추천 엔진",
        "소비자의 금융 지식 수준에 맞춘 설명 및 시각화 기능",
        "다양한 금융 상품 비교 및 분석 기능",
        "안전하고 투명한 개인정보 보호 시스템"
      ],
      "poc_plan": [
        "데이터 수집 및 전처리 (2주)",
        "AI 알고리즘 개발 및 테스트 (2주)",
        "사용자 인터페이스 디자인 및 개발 (1주)",
        "소규모 사용자 테스트 및 피드백 반영 (1주)"
      ],
      "risks": [
        "AI 알고리즘의 정확도 문제",
        "개인정보 보호 및 보안 문제",
        "금융 규제 준수 문제",
        "경쟁 플랫폼과의 차별화"
      ],
      "roadmap_3m": [
        "최소 기능 제품(MVP) 출시 (1개월)",
        "주요 기능 추가 및 성능 개선 (1개월)",
        "마케팅 및 사용자 확보 (1개월)"
      ],
      "metrics": [
        "추천 정확도",
        "사용자 참여율",
        "상품 가입 전환율",
        "고객 만족도",
        "매출액"
      ],
      "priority_score": 3.8
    },
    {
      "idea": "AI 기반 맞춤형 스마트팩토리 솔루션",
      "problem": "중소 제조기업들은 생산 효율 향상과 불량률 감소를 위한 데이터 분석 및 관리에 어려움을 겪고 있습니다. 기존 솔루션들은 고가이며, 중소기업의 특수한 요구사항을 충족하지 못하는 경우가 많습니다. 또한, 전문 인력 부족으로 시스템 도입 및 활용에 어려움을 겪고 있습니다.",
      "target_customer": "중소 제조기업(종업원 100명 미만), 특히 AI 도입 경험이 부족한 기업",
      "value_prop": "본 솔루션은 AI 기반의 예측 정비 및 생산 최적화 기능을 제공하여 생산 효율을 향상시키고 불량률을 감소시킵니다. 사용자 친화적인 인터페이스를 통해 전문 인력 없이도 쉽게 시스템을 운영할 수 있으며, 중소기업의 예산에 맞춘 합리적인 가격으로 제공됩니다. 경쟁 솔루션 대비 AI 알고리즘의 정확도를 높여 더욱 정밀한 예측 및 분석을 제공합니다.",
      "solution": [
        "AI 기반 예측 정비 시스템을 통한 설비 고장 예방",
        "실시간 생산 데이터 모니터링 및 분석을 통한 생산 효율 최적화",
        "AI 기반 불량품 검출 시스템을 통한 불량률 감소",
        "사용자 친화적인 인터페이스를 통한 손쉬운 시스템 운영"
      ],
      "poc_plan": [
        "3주차: 핵심 기능 구현 및 테스트 환경 구축",
        "5주차: 2개 중소기업 대상 파일럿 테스트 실시 및 피드백 수렴",
        "6주차: 테스트 결과 분석 및 솔루션 개선"
      ],
      "risks": [
        "AI 알고리즘의 정확도 저하 가능성",
        "데이터 부족으로 인한 분석 정확도 저하",
        "중소기업의 IT 인프라 부족으로 인한 시스템 구축 어려움",
        "경쟁 솔루션과의 경쟁 심화"
      ],
      "roadmap_3m": [
        "1개월차: MVP 개발 및 파일럿 테스트",
        "2개월차: 고객 피드백 반영 및 기능 개선",
        "3개월차: 정식 서비스 출시 및 마케팅"
      ],
      "metrics": [
        "생산 효율 증가율",
        "불량률 감소율",
        "고객 만족도",
        "시스템 사용률",
        "매출 증가율"
      ],
      "priority_score": 3.8
    },
    {
      "idea": "개인 맞춤형 AI 기반 건강 관리 솔루션",
      "problem": "현대인들은 바쁜 일상 속에서 건강 관리에 어려움을 겪고 있으며, 개인에게 최적화된 건강 정보와 관리 방안을 얻기 어렵습니다. 기존 건강 관리 앱들은 일반적인 정보 제공에 그치는 경우가 많아, 개인의 특성과 목표에 맞춘 맞춤형 서비스가 부족합니다.  이로 인해 건강 관리의 효율성이 떨어지고, 건강 목표 달성에 어려움을 겪는 사람들이 많습니다.",
      "target_customer": "건강 관리에 관심 있는 20-50대 직장인, 만성 질환 예방 및 관리가 필요한 개인, 건강한 생활 습관을 개선하고자 하는 사람",
      "value_prop": "AI 기반 개인 맞춤형 건강 관리 솔루션을 통해 사용자의 건강 데이터(활동량, 수면 패턴, 식단 등)를 분석하고, 개인의 건강 상태와 목표에 맞는 맞춤형 건강 정보, 운동 계획, 식단 가이드를 제공합니다.  다양한 건강 목표(체중 감량, 근육 증량, 스트레스 관리 등)를 설정하고, 실시간 피드백과 동기 부여를 통해 목표 달성을 지원합니다.  기존 앱과 달리 개인의 생활 습관과 건강 상태를 종합적으로 고려하여 최적의 건강 관리 방안을 제시하는 것이 차별점입니다.",
      "solution": [
        "AI 기반 개인 맞춤형 건강 정보 제공",
        "맞춤형 운동 및 식단 계획 제공",
        "실시간 건강 데이터 모니터링 및 피드백",
        "건강 목표 설정 및 달성 지원"
      ],
      "poc_plan": [
        "1주차: 사용자 인터페이스(UI) 디자인 및 프로토타입 개발",
        "2주차: AI 알고리즘 개발 및 데이터 수집",
        "3주차: 베타 버전 앱 출시 및 사용자 테스트",
        "4주차: 사용자 피드백 분석 및 앱 개선",
        "5주차: 최종 버전 앱 출시 및 마케팅 전략 수립"
      ],
      "risks": [
        "개인정보보호 및 데이터 보안 문제",
        "AI 알고리즘의 정확성 및 신뢰성 확보",
        "사용자 참여율 저조",
        "경쟁 앱과의 차별화"
      ],
      "roadmap_3m": [
        "1개월: MVP 출시 및 초기 사용자 확보",
        "2개월: 사용자 피드백 반영 및 기능 개선",
        "3개월: 마케팅 강화 및 추가 기능 개발"
      ],
      "metrics": [
        "일일/월간 활성 사용자 수",
        "사용자 만족도",
        "목표 달성률",
        "앱 다운로드 수",
        "매출"
      ],
      "priority_score": 3.8
    },
    {
      "idea": "AI 기반 스마트팜 맞춤형 솔루션",
      "problem": "국내 스마트팜 시장은 아직 초기 단계이며, 농가별 맞춤형 솔루션 부족으로 생산성 향상에 어려움을 겪고 있습니다. 기존 솔루션들은 비용이 높고, 작물 특성을 제대로 반영하지 못하는 경우가 많습니다. 또한, 데이터 분석 및 예측 기능이 부족하여 효율적인 관리가 어렵습니다.",
      "target_customer": "스마트팜 운영 중소 농가 (50-100평 규모)",
      "value_prop": "AI 기반의 저렴하고 효율적인 스마트팜 솔루션을 제공하여, 작물 생육 환경을 최적화하고 생산성을 향상시킵니다. 농가의 재배 환경 및 작물 특성에 맞춘 맞춤형 솔루션을 제공하며, 데이터 분석 및 예측 기능을 통해 효율적인 관리를 지원합니다.  경쟁 솔루션 대비 저렴한 가격과 사용 편의성을 제공합니다.",
      "solution": [
        "AI 기반 작물 생육 환경 제어 및 모니터링",
        "맞춤형 재배 가이드 및 예측 시스템 제공",
        "실시간 데이터 분석 및 보고서 제공",
        "원격 관리 및 기술 지원"
      ],
      "poc_plan": [
        "3주차: 시스템 구축 및 작물 선정",
        "4주차: 농가 현장 테스트 및 데이터 수집",
        "5주차: AI 알고리즘 성능 평가 및 개선",
        "6주차: 최종 보고서 작성 및 발표"
      ],
      "risks": [
        "AI 알고리즘 정확도 문제",
        "데이터 부족 및 품질 저하",
        "농가의 기술 수용도 저하",
        "경쟁 솔루션 등장"
      ],
      "roadmap_3m": [
        "1개월차: 시스템 개발 및 베타 테스트",
        "2개월차: 농가 대상 파일럿 프로그램 운영",
        "3개월차: 시스템 개선 및 상용화 준비"
      ],
      "metrics": [
        "생산량 증가율",
        "생산비용 절감율",
        "농가 만족도",
        "시스템 사용률",
        "AI 알고리즘 정확도"
      ],
      "priority_score": 3.8
    }
  ]
}