{
  "stats": {
    "num_docs": 26
  },
  "keywords": [
    {
      "keyword": "디스플레",
      "score": 5.365367521370777
    },
    {
      "keyword": "비스포크",
      "score": 3.362690832977527
    },
    {
      "keyword": "인공지능",
      "score": 2.355757309563672
    },
    {
      "keyword": "획득",
      "score": 1.9866444881105063
    },
    {
      "keyword": "성능",
      "score": 1.932898125719079
    },
    {
      "keyword": "안정성",
      "score": 1.6486593653683839
    },
    {
      "keyword": "혁신",
      "score": 1.6382723365600547
    },
    {
      "keyword": "제공하",
      "score": 1.6177894517188465
    },
    {
      "keyword": "새것처럼",
      "score": 1.5846282029789336
    },
    {
      "keyword": "삼성",
      "score": 1.5817614627552024
    },
    {
      "keyword": "가전",
      "score": 1.521778718775073
    },
    {
      "keyword": "기업",
      "score": 1.4778351989015968
    },
    {
      "keyword": "기술",
      "score": 1.4362512946905555
    },
    {
      "keyword": "특히",
      "score": 1.425189298304534
    },
    {
      "keyword": "금융보안원",
      "score": 1.4089400764590767
    },
    {
      "keyword": "최초",
      "score": 1.3981096160932487
    },
    {
      "keyword": "미래",
      "score": 1.2913429810696297
    },
    {
      "keyword": "선보인다",
      "score": 1.2822105598328761
    },
    {
      "keyword": "마이크",
      "score": 1.266980994961306
    },
    {
      "keyword": "인증",
      "score": 1.2651111403532767
    },
    {
      "keyword": "최고",
      "score": 1.249736124911324
    },
    {
      "keyword": "편의성",
      "score": 1.242685246173039
    },
    {
      "keyword": "도입",
      "score": 1.2403033268278203
    },
    {
      "keyword": "보안",
      "score": 1.2060223829499965
    },
    {
      "keyword": "모델",
      "score": 1.1951461755721589
    }
  ]
}