{
  "summary": "1. 핵심 맥락 설명:  데이터는 크게 세 가지 주제로 묶을 수 있습니다. 첫째, 2025년을 중심으로 한 국내외 기업들의 경쟁 및 기술 개발 동향 (topic 0, 3, 4)입니다.  LG, 중국 기업과의 경쟁,  차세대 기술(AI, 반도체) 개발 등이 주요 내용입니다. 둘째, AI 기술의 발전과 시장 확대 및 기업들의 AI 전략 (topic 1, 3)입니다.  AI 모델 출시, 인재 확보, AI 기술 기반의 신제품 개발 등이 언급됩니다. 셋째, 애플, 구글 등 글로벌 기업들의 기술 경쟁 및 행보 (topic 2)입니다.  신기술 발표,  대회 개최 등을 통해 기술 경쟁력 강화에 힘쓰는 모습을 보여줍니다.  전반적으로 2025년을 기점으로 기술 경쟁이 심화되고 있음을 보여주는 데이터입니다.\n\n\n2. 최근 변화/스파이크: 2025년 9월 3일 기사 수가 급증(415건)한 것을 확인할 수 있습니다. 이는 특정 이벤트 또는 뉴스 보도로 인한 급격한 관심 증가를 시사하며,  이후 9월 4일에는 다소 감소했으나 여전히 높은 수치(108건)를 유지하고 있습니다.\n\n\n3. 실무 인사이트:\n* **9월 3일 기사 급증 원인 분석:** 9월 3일 기사 급증의 원인을 분석하여 향후 유사한 현상 발생 시 대응 전략을 수립합니다.  주요 키워드 분석, 관련 뉴스 이벤트 조사 등을 통해 원인을 파악해야 합니다.\n* **주요 토픽별 모니터링 강화:**  상위 3개 토픽(국내외 기업 경쟁, AI 기술 발전, 글로벌 기업 동향)에 대한 모니터링을 강화하여 시장 변화에 대한 빠른 대응 체계를 구축합니다.  주요 키워드를 활용한 실시간 뉴스 모니터링 시스템을 구축하고,  주요 기업의 발표 및 행보를 면밀히 관찰해야 합니다.\n* **2025년 전망 보고서 작성:**  데이터 분석 결과를 바탕으로 2025년 기술 및 시장 전망 보고서를 작성하여 경영 전략 수립에 활용합니다.  각 토픽별 전망과 시사점을 제시하고,  기업의 대응 전략을 구체적으로 제시해야 합니다.",
  "top_topics": [
    {
      "topic_id": 0,
      "top_words": [
        {
          "word": "2025",
          "prob": 0.029473967850208282
        },
        {
          "word": "중국",
          "prob": 0.02679695002734661
        },
        {
          "word": "지원",
          "prob": 0.02411993220448494
        },
        {
          "word": "lg",
          "prob": 0.021442914381623268
        },
        {
          "word": "국내",
          "prob": 0.021442914381623268
        },
        {
          "word": "protest",
          "prob": 0.018765896558761597
        },
        {
          "word": "연기",
          "prob": 0.018765896558761597
        },
        {
          "word": "germany",
          "prob": 0.018765896558761597
        }
      ]
    },
    {
      "topic_id": 1,
      "top_words": [
        {
          "word": "ai",
          "prob": 0.07057387381792068
        },
        {
          "word": "출시",
          "prob": 0.029873831197619438
        },
        {
          "word": "기업",
          "prob": 0.029873831197619438
        },
        {
          "word": "모델",
          "prob": 0.019020486623048782
        },
        {
          "word": "시장",
          "prob": 0.019020486623048782
        },
        {
          "word": "기아",
          "prob": 0.019020486623048782
        },
        {
          "word": "선정",
          "prob": 0.016307150945067406
        },
        {
          "word": "인재",
          "prob": 0.016307150945067406
        }
      ]
    },
    {
      "topic_id": 2,
      "top_words": [
        {
          "word": "애플",
          "prob": 0.026443008333444595
        },
        {
          "word": "비전",
          "prob": 0.023801349103450775
        },
        {
          "word": "선정",
          "prob": 0.023801349103450775
        },
        {
          "word": "개최",
          "prob": 0.023801349103450775
        },
        {
          "word": "과제",
          "prob": 0.018518030643463135
        },
        {
          "word": "구글",
          "prob": 0.018518030643463135
        },
        {
          "word": "강화",
          "prob": 0.018518030643463135
        },
        {
          "word": "실시",
          "prob": 0.015876371413469315
        }
      ]
    },
    {
      "topic_id": 3,
      "top_words": [
        {
          "word": "ai",
          "prob": 0.05411207675933838
        },
        {
          "word": "기술",
          "prob": 0.045659709721803665
        },
        {
          "word": "차세대",
          "prob": 0.03551686182618141
        },
        {
          "word": "2025",
          "prob": 0.032135915011167526
        },
        {
          "word": "삼성전기",
          "prob": 0.030445441603660583
        },
        {
          "word": "공개",
          "prob": 0.025374017655849457
        },
        {
          "word": "반도체",
          "prob": 0.025374017655849457
        },
        {
          "word": "기판",
          "prob": 0.023683544248342514
        }
      ]
    },
    {
      "topic_id": 4,
      "top_words": [
        {
          "word": "to",
          "prob": 0.038642946630716324
        },
        {
          "word": "the",
          "prob": 0.035884708166122437
        },
        {
          "word": "2025",
          "prob": 0.030368227511644363
        },
        {
          "word": "in",
          "prob": 0.027609987184405327
        },
        {
          "word": "and",
          "prob": 0.027609987184405327
        },
        {
          "word": "of",
          "prob": 0.02485174685716629
        },
        {
          "word": "사진",
          "prob": 0.02485174685716629
        },
        {
          "word": "china",
          "prob": 0.022093506529927254
        }
      ]
    }
  ],
  "evidence": {
    "timeseries": [
      {
        "date": "2025-08-11",
        "count": 2
      },
      {
        "date": "2025-08-15",
        "count": 1
      },
      {
        "date": "2025-08-16",
        "count": 2
      },
      {
        "date": "2025-08-25",
        "count": 4
      },
      {
        "date": "2025-08-26",
        "count": 7
      },
      {
        "date": "2025-08-27",
        "count": 5
      },
      {
        "date": "2025-08-28",
        "count": 2
      },
      {
        "date": "2025-08-29",
        "count": 6
      },
      {
        "date": "2025-08-30",
        "count": 1
      },
      {
        "date": "2025-08-31",
        "count": 5
      },
      {
        "date": "2025-09-01",
        "count": 19
      },
      {
        "date": "2025-09-02",
        "count": 24
      },
      {
        "date": "2025-09-03",
        "count": 415
      },
      {
        "date": "2025-09-04",
        "count": 108
      }
    ]
  }
}