{
  "ideas": [
    {
      "idea": "AI 기반 디스플레이 패널 불량 예측 및 예방 시스템",
      "problem": "디스플레이 패널 제조 공정에서 불량 발생은 높은 비용과 시간 손실을 초래합니다. 기존의 불량 검출 시스템은 주로 생산 후 단계에서 이루어지며, 예방적인 조치가 부족합니다.  AI 기반 예측 시스템이 부재하여, 불량 원인 분석 및 예방에 어려움을 겪고 있습니다.",
      "target_customer": "LG디스플레이, 삼성디스플레이 등 대규모 디스플레이 패널 제조 기업의 생산 관리 부서 및 품질 관리 부서",
      "value_prop": "AI 기반 머신러닝 알고리즘을 통해 디스플레이 패널 제조 공정 중 불량 발생을 사전에 예측하고, 예방 조치를 제안하여 불량률 감소 및 생산 효율 증대에 기여합니다.  실시간 데이터 분석 및 시각화를 통해 문제 발생 시 신속한 대응이 가능하며,  기존 시스템과의 연동을 통해 기존 인프라 활용도를 높입니다.",
      "solution": [
        "공정 데이터 수집 및 전처리 AI 기반 머신러닝 모델 개발",
        "불량 패널 예측 및 예방 조치 제안",
        "실시간 데이터 분석 및 시각화 대시보드 제공",
        "기존 시스템과의 연동 및 통합"
      ],
      "poc_plan": [
        "데이터 수집 및 전처리 파이프라인 구축 (2주)",
        "머신러닝 모델 개발 및 학습 (2주)",
        "시제품 개발 및 테스트 (1주)",
        "주요 지표 측정 및 결과 분석 (1주)"
      ],
      "risks": [
        "데이터 부족 및 품질 문제",
        "AI 모델의 정확도 및 신뢰성 문제",
        "기존 시스템과의 호환성 문제",
        "예측 결과의 오류로 인한 손실 발생 가능성"
      ],
      "roadmap_3m": [
        "1개월차: 데이터 수집 및 전처리 완료, 머신러닝 모델 개발 시작",
        "2개월차: 머신러닝 모델 학습 및 검증, 시제품 개발",
        "3개월차: 시제품 테스트 및 성능 평가, 고객 피드백 반영"
      ],
      "metrics": [
        "불량률 감소율",
        "생산 효율 증가율",
        "예측 정확도",
        "시스템 운영 안정성",
        "고객 만족도"
      ],
      "priority_score": 3.8
    },
    {
      "idea": "중소기업 대상 AI 기반 ESG 경영 솔루션",
      "problem": "중소기업은 ESG 경영에 대한 이해도 부족 및 전문 인력 부재로 인해 ESG 경영 도입에 어려움을 겪고 있으며, 관련 정보 접근성 또한 낮습니다.  ESG 경영 시스템 구축에 필요한 비용과 시간이 부담스러워 체계적인 관리가 어렵습니다.",
      "target_customer": "ESG 경영 도입을 원하지만 자원이 부족한 중소기업 (직원 수 100명 미만)",
      "value_prop": "AI 기반 ESG 경영 솔루션을 통해 중소기업이 ESG 경영을 손쉽게 도입하고 관리할 수 있도록 지원합니다.  자동화된 데이터 분석 및 보고 기능을 제공하여 시간과 비용을 절감하고, 맞춤형 ESG 경영 전략 수립을 지원하여 경쟁력을 강화합니다.  다양한 ESG 관련 정보와 전문가 컨설팅을 제공하여 지속가능한 성장을 돕습니다.",
      "solution": [
        "AI 기반 ESG 지표 자동 측정 및 분석",
        "맞춤형 ESG 경영 전략 수립 지원",
        "ESG 관련 정보 및 교육 자료 제공",
        "전문가 컨설팅 제공"
      ],
      "poc_plan": [
        "1주차: 솔루션 데모 및 타겟 기업 선정",
        "2주차: 솔루션 설치 및 데이터 연동",
        "3주차: AI 기반 지표 측정 및 분석",
        "4주차:  ESG 경영 전략 수립 및 피드백",
        "5주차: 최종 보고서 작성 및 결과 발표"
      ],
      "risks": [
        "데이터 부족으로 인한 정확도 저하",
        "중소기업의 솔루션 도입 저항",
        "AI 기술 발전 속도에 따른 솔루션 업데이트 필요성",
        "개인정보보호 및 데이터 보안 문제",
        "경쟁 솔루션 출현"
      ],
      "roadmap_3m": [
        "1개월차: 솔루션 개발 완료 및 베타 테스트",
        "2개월차: 시범 서비스 운영 및 고객 피드백 반영",
        "3개월차: 정식 서비스 출시 및 마케팅"
      ],
      "metrics": [
        "솔루션 사용 기업 수",
        "ESG 지표 개선율",
        "고객 만족도",
        "재계약률",
        "매출액"
      ],
      "priority_score": 3.8
    },
    {
      "idea": "AI 기반 스마트 팩토리 에너지 관리 시스템",
      "problem": "국내 제조업체들은 증가하는 에너지 비용과 탄소 배출 규제에 직면하고 있습니다.  기존의 에너지 관리 시스템은 데이터 분석 및 예측 기능이 부족하여 에너지 효율 개선에 한계가 있습니다.  이로 인해 생산성 저하와 경쟁력 약화가 발생합니다.",
      "target_customer": "중견 제조기업 생산 관리 부서 (직원 수 500명 이상)",
      "value_prop": "AI 기반 실시간 에너지 모니터링 및 예측 분석으로 에너지 소비량을 최대 20% 절감하고, 탄소 배출량 감소를 통해 ESG 경영에 기여합니다.  자동화된 에너지 관리 시스템을 통해 운영 효율을 높이고, 예측 기반의 유지보수로 가동 중단 시간을 최소화합니다.  경쟁사 대비 차별화된 에너지 효율성을 확보하여 수익성을 개선합니다.",
      "solution": [
        "AI 기반 실시간 에너지 소비량 모니터링 및 분석",
        "머신러닝 기반 에너지 소비량 예측 및 최적화 제안",
        "자동화된 에너지 관리 시스템 및 알람 기능",
        "에너지 효율 개선 보고서 및 탄소 배출량 관리"
      ],
      "poc_plan": [
        "3주차:  대상 기업 선정 및 시스템 설치",
        "4주차:  데이터 수집 및 AI 모델 학습",
        "5주차:  에너지 절감 효과 및 시스템 성능 검증",
        "6주차:  최종 보고서 작성 및 발표"
      ],
      "risks": [
        "데이터 부족으로 인한 AI 모델 정확도 저하",
        "시스템 구축 및 유지보수 비용",
        "기존 시스템과의 호환성 문제",
        "사이버 보안 위협"
      ],
      "roadmap_3m": [
        "1개월차:  PoC 완료 및 시스템 개선",
        "2개월차:  고객사 확보 및 계약 체결",
        "3개월차:  시스템 배포 및 고객 지원"
      ],
      "metrics": [
        "에너지 소비량 절감률",
        "탄소 배출량 감소량",
        "시스템 가동률",
        "고객 만족도",
        "투자 수익률"
      ],
      "priority_score": 3.8
    },
    {
      "idea": "AI 기반 스마트팜 토탈 솔루션",
      "problem": "국내 스마트팜 시장은 확대되고 있으나, 개별 솔루션의 통합 및 관리의 어려움, 높은 초기 투자 비용, 전문 인력 부족으로 인해 효율적인 운영에 어려움을 겪고 있습니다. 특히, 중소 규모 스마트팜은 이러한 문제를 더욱 심각하게 겪고 있습니다.  농가별 맞춤형 솔루션 부재로 인한 생산성 저하 문제 또한 존재합니다.",
      "target_customer": "중소 규모 스마트팜 운영 농가 (직원 수 10명 미만)",
      "value_prop": "AI 기반 통합 플랫폼을 통해 다양한 센서 데이터를 실시간으로 수집 및 분석하여 작물 생육 환경을 최적화하고, 예측 기반의 정밀 관리를 제공합니다.  농가의 경험과 데이터 기반의 AI 알고리즘을 결합하여 맞춤형 솔루션을 제공하며, 초기 투자 비용을 절감하고 전문 인력 없이도 쉽게 사용할 수 있도록 사용자 친화적인 인터페이스를 제공합니다.  경쟁사 대비 낮은 구독료로 접근성을 높입니다.",
      "solution": [
        "AI 기반 환경 제어 시스템 (온도, 습도, 조명 등)",
        "작물 생육 예측 및 관리 시스템",
        "병충해 예방 및 진단 시스템",
        "수확량 예측 및 최적화 시스템"
      ],
      "poc_plan": [
        "3주차: 핵심 기능 개발 및 테스트 (온도, 습도 제어)",
        "5주차: 작물 생육 예측 모델 구축 및 검증 (상추 재배)",
        "6주차: 농가 현장 테스트 및 피드백 반영"
      ],
      "risks": [
        "AI 알고리즘 정확도 저하 가능성",
        "데이터 부족으로 인한 예측 정확도 저하",
        "농가의 기술 수용도 저하"
      ],
      "roadmap_3m": [
        "1개월차: 핵심 기능 개발 완료 및 베타 서비스 시작",
        "2개월차: 농가 현장 테스트 및 피드백 반영, 알고리즘 개선",
        "3개월차: 정식 서비스 출시 및 마케팅 시작"
      ],
      "metrics": [
        "월간 활성 사용자 수 (MAU)",
        "작물 생육 개선율",
        "수확량 증가율",
        "고객 만족도",
        "구독률"
      ],
      "priority_score": 3.8
    },
    {
      "idea": "AI 기반 반도체 공정 최적화 솔루션",
      "problem": "반도체 공정의 복잡성 증가로 인해 최적화에 어려움을 겪고 있으며, 이는 생산성 저하와 비용 증가로 이어집니다. 기존 솔루션들은 특정 공정에만 국한되거나,  데이터 분석의 정확성이 떨어지는 문제점을 가지고 있습니다.  AI 기반 자동화된 최적화 시스템이 부족하여 전문가의 높은 의존도가 불가피합니다.",
      "target_customer": "삼성전자, SK하이닉스 등 대규모 반도체 제조 기업의 공정 엔지니어 및 관리자",
      "value_prop": "AI 기반 머신러닝 알고리즘을 통해 반도체 공정 데이터를 실시간으로 분석하고, 최적의 공정 파라미터를 자동으로 제안하여 생산성을 향상시키고 불량률을 감소시킵니다.  기존 솔루션 대비 정확도와 효율성을 높였으며, 다양한 공정에 적용 가능한 확장성을 제공합니다.  전문가의 경험에 의존하지 않고 데이터 기반의 객관적인 최적화를 제공합니다.",
      "solution": [
        "실시간 데이터 분석 및 예측 기능",
        "자동화된 공정 파라미터 조정 기능",
        "다양한 공정 유형 지원",
        "사용자 친화적인 인터페이스"
      ],
      "poc_plan": [
        "특정 공정에 대한 AI 모델 개발 및 검증 (4주)",
        "실제 생산 라인에서의 파일럿 테스트 (2주)",
        "성능 평가 및 개선 (2주)",
        "다른 공정 유형으로의 확장 가능성 검토 (2주)",
        "보안 및 안정성 테스트 (2주)"
      ],
      "risks": [
        "데이터 부족으로 인한 모델 정확도 저하",
        "예상치 못한 공정 오류 발생 가능성",
        "기존 시스템과의 호환성 문제",
        "AI 모델의 설명 가능성 부족",
        "높은 초기 구축 비용"
      ],
      "roadmap_3m": [
        "1개월차: AI 모델 개발 및 초기 검증 완료",
        "2개월차: 파일럿 테스트 및 성능 평가",
        "3개월차:  다른 공정 유형 적용 및 고객 대상 데모 시연"
      ],
      "metrics": [
        "생산성 향상률",
        "불량률 감소율",
        "공정 시간 단축률",
        "AI 모델 정확도",
        "고객 만족도"
      ],
      "priority_score": 3.5
    }
  ]
}