{
  "stats": {
    "num_docs": 192
  },
  "keywords": [
    {
      "keyword": "반도체",
      "score": 5.437547211092149
    },
    {
      "keyword": "디스플레이",
      "score": 4.995115556222429
    },
    {
      "keyword": "삼성",
      "score": 4.853356159200529
    },
    {
      "keyword": "기술",
      "score": 4.317011789223534
    },
    {
      "keyword": "공정",
      "score": 3.2492735582395493
    },
    {
      "keyword": "애플",
      "score": 3.1760123833522518
    },
    {
      "keyword": "기판",
      "score": 3.096275199848629
    },
    {
      "keyword": "차세대",
      "score": 2.812934857744468
    },
    {
      "keyword": "통해",
      "score": 2.5972496684835713
    },
    {
      "keyword": "개발",
      "score": 2.477968962586503
    },
    {
      "keyword": "글로벌",
      "score": 2.26668976465394
    },
    {
      "keyword": "패키징",
      "score": 2.1094715427526367
    },
    {
      "keyword": "이노텍",
      "score": 2.070095642958307
    },
    {
      "keyword": "포토",
      "score": 2.021375080086325
    },
    {
      "keyword": "기업",
      "score": 2.021064881996556
    },
    {
      "keyword": "전자",
      "score": 2.018970267245255
    },
    {
      "keyword": "인증",
      "score": 1.9769041073203661
    },
    {
      "keyword": "전시",
      "score": 1.9472773144625806
    },
    {
      "keyword": "환경성적표지",
      "score": 1.9256445933889759
    },
    {
      "keyword": "마이크로",
      "score": 1.9070559484274137
    },
    {
      "keyword": "한국",
      "score": 1.9003513156614433
    },
    {
      "keyword": "후공정",
      "score": 1.879610005116739
    },
    {
      "keyword": "건설",
      "score": 1.7876850174734824
    },
    {
      "keyword": "고신뢰성",
      "score": 1.7694652658533108
    },
    {
      "keyword": "이준식",
      "score": 1.7433218942501023
    },
    {
      "keyword": "화학",
      "score": 1.736652295828661
    },
    {
      "keyword": "대만",
      "score": 1.685111380727395
    },
    {
      "keyword": "관련",
      "score": 1.6771687527870074
    },
    {
      "keyword": "스마트폰",
      "score": 1.6741491778047775
    },
    {
      "keyword": "중국",
      "score": 1.67398879263976
    }
  ]
}