{
  "topics": [
    {
      "topic_id": 0,
      "top_words": [
        {
          "word": "ai",
          "prob": 0.05604703351855278
        },
        {
          "word": "시장",
          "prob": 0.0392497181892395
        },
        {
          "word": "공정",
          "prob": 0.03365061432123184
        },
        {
          "word": "삼성",
          "prob": 0.03365061432123184
        },
        {
          "word": "lh",
          "prob": 0.02805151231586933
        },
        {
          "word": "강화",
          "prob": 0.02805151231586933
        },
        {
          "word": "관련주",
          "prob": 0.02805151231586933
        },
        {
          "word": "예방",
          "prob": 0.02245240844786167
        }
      ]
    },
    {
      "topic_id": 1,
      "top_words": [
        {
          "word": "the",
          "prob": 0.05364415794610977
        },
        {
          "word": "2025",
          "prob": 0.04292604327201843
        },
        {
          "word": "and",
          "prob": 0.03756698966026306
        },
        {
          "word": "to",
          "prob": 0.03220793232321739
        },
        {
          "word": "반도체",
          "prob": 0.03220793232321739
        },
        {
          "word": "미래",
          "prob": 0.026848874986171722
        },
        {
          "word": "인천시",
          "prob": 0.026848874986171722
        },
        {
          "word": "모집",
          "prob": 0.026848874986171722
        }
      ]
    },
    {
      "topic_id": 2,
      "top_words": [
        {
          "word": "ai",
          "prob": 0.03443025425076485
        },
        {
          "word": "삼성",
          "prob": 0.02951866388320923
        },
        {
          "word": "출시",
          "prob": 0.02951866388320923
        },
        {
          "word": "세계",
          "prob": 0.02951866388320923
        },
        {
          "word": "기아",
          "prob": 0.02460707351565361
        },
        {
          "word": "유죄",
          "prob": 0.02460707351565361
        },
        {
          "word": "국내",
          "prob": 0.02460707351565361
        },
        {
          "word": "epd",
          "prob": 0.019695481285452843
        }
      ]
    },
    {
      "topic_id": 3,
      "top_words": [
        {
          "word": "lg",
          "prob": 0.050402820110321045
        },
        {
          "word": "선정",
          "prob": 0.050402820110321045
        },
        {
          "word": "과제",
          "prob": 0.035297080874443054
        },
        {
          "word": "연기",
          "prob": 0.03026183322072029
        },
        {
          "word": "브리프",
          "prob": 0.03026183322072029
        },
        {
          "word": "아폴론",
          "prob": 0.025226585566997528
        },
        {
          "word": "애플",
          "prob": 0.025226585566997528
        },
        {
          "word": "ai",
          "prob": 0.025226585566997528
        }
      ]
    },
    {
      "topic_id": 4,
      "top_words": [
        {
          "word": "넷마블",
          "prob": 0.057648029178380966
        },
        {
          "word": "뱀피르",
          "prob": 0.049424342811107635
        },
        {
          "word": "비전",
          "prob": 0.0412006601691246
        },
        {
          "word": "블리스",
          "prob": 0.03297697752714157
        },
        {
          "word": "청호나이스",
          "prob": 0.03297697752714157
        },
        {
          "word": "빌트인",
          "prob": 0.03297697752714157
        },
        {
          "word": "정수기",
          "prob": 0.03297697752714157
        },
        {
          "word": "선정",
          "prob": 0.03297697752714157
        }
      ]
    },
    {
      "topic_id": 5,
      "top_words": [
        {
          "word": "차세대",
          "prob": 0.054068658500909805
        },
        {
          "word": "기술",
          "prob": 0.05089001730084419
        },
        {
          "word": "삼성전기",
          "prob": 0.04771137982606888
        },
        {
          "word": "2025",
          "prob": 0.04135410115122795
        },
        {
          "word": "기판",
          "prob": 0.03817545995116234
        },
        {
          "word": "반도체",
          "prob": 0.034996822476387024
        },
        {
          "word": "lg이노텍",
          "prob": 0.034996822476387024
        },
        {
          "word": "ai",
          "prob": 0.03181818127632141
        }
      ]
    }
  ],
  "doc_topics": [
    [
      {
        "topic_id": 5,
        "prob": 0.9564369320869446
      },
      {
        "topic_id": 2,
        "prob": 0.010706756263971329
      },
      {
        "topic_id": 3,
        "prob": 0.010088838636875153
      }
    ],
    [
      {
        "topic_id": 5,
        "prob": 0.9364877343177795
      },
      {
        "topic_id": 2,
        "prob": 0.01560980174690485
      },
      {
        "topic_id": 3,
        "prob": 0.014708916656672955
      }
    ],
    [
      {
        "topic_id": 3,
        "prob": 0.8719474673271179
      },
      {
        "topic_id": 5,
        "prob": 0.03801947087049484
      },
      {
        "topic_id": 2,
        "prob": 0.028797155246138573
      }
    ],
    [
      {
        "topic_id": 5,
        "prob": 0.9364877343177795
      },
      {
        "topic_id": 2,
        "prob": 0.01560980174690485
      },
      {
        "topic_id": 3,
        "prob": 0.014708916656672955
      }
    ],
    [
      {
        "topic_id": 1,
        "prob": 0.8709802627563477
      },
      {
        "topic_id": 5,
        "prob": 0.03801947087049484
      },
      {
        "topic_id": 2,
        "prob": 0.028797155246138573
      }
    ],
    [
      {
        "topic_id": 2,
        "prob": 0.9314886331558228
      },
      {
        "topic_id": 5,
        "prob": 0.02060885541141033
      },
      {
        "topic_id": 3,
        "prob": 0.014708916656672955
      }
    ],
    [
      {
        "topic_id": 1,
        "prob": 0.952030599117279
      },
      {
        "topic_id": 5,
        "prob": 0.014135604724287987
      },
      {
        "topic_id": 2,
        "prob": 0.010706756263971329
      }
    ],
    [
      {
        "topic_id": 3,
        "prob": 0.9305877685546875
      },
      {
        "topic_id": 5,
        "prob": 0.02060885541141033
      },
      {
        "topic_id": 2,
        "prob": 0.01560980174690485
      }
    ],
    [
      {
        "topic_id": 5,
        "prob": 0.8158558011054993
      },
      {
        "topic_id": 2,
        "prob": 0.16722802817821503
      },
      {
        "topic_id": 3,
        "prob": 0.005194270517677069
      }
    ],
    [
      {
        "topic_id": 3,
        "prob": 0.952390193939209
      },
      {
        "topic_id": 5,
        "prob": 0.014135604724287987
      },
      {
        "topic_id": 2,
        "prob": 0.010706756263971329
      }
    ],
    [
      {
        "topic_id": 0,
        "prob": 0.9296179413795471
      },
      {
        "topic_id": 5,
        "prob": 0.02060885541141033
      },
      {
        "topic_id": 2,
        "prob": 0.01560980174690485
      }
    ],
    [
      {
        "topic_id": 0,
        "prob": 0.6376245021820068
      },
      {
        "topic_id": 5,
        "prob": 0.32823604345321655
      },
      {
        "topic_id": 2,
        "prob": 0.010706756263971329
      }
    ],
    [
      {
        "topic_id": 5,
        "prob": 0.24499036371707916
      },
      {
        "topic_id": 2,
        "prob": 0.18556348979473114
      },
      {
        "topic_id": 3,
        "prob": 0.1748540997505188
      }
    ],
    [
      {
        "topic_id": 5,
        "prob": 0.24499036371707916
      },
      {
        "topic_id": 2,
        "prob": 0.18556348979473114
      },
      {
        "topic_id": 3,
        "prob": 0.1748540997505188
      }
    ],
    [
      {
        "topic_id": 0,
        "prob": 0.7242406606674194
      },
      {
        "topic_id": 2,
        "prob": 0.24717076122760773
      },
      {
        "topic_id": 5,
        "prob": 0.010756867937743664
      }
    ],
    [
      {
        "topic_id": 0,
        "prob": 0.9296179413795471
      },
      {
        "topic_id": 5,
        "prob": 0.02060885541141033
      },
      {
        "topic_id": 2,
        "prob": 0.01560980174690485
      }
    ],
    [
      {
        "topic_id": 5,
        "prob": 0.9364877343177795
      },
      {
        "topic_id": 2,
        "prob": 0.01560980174690485
      },
      {
        "topic_id": 3,
        "prob": 0.014708916656672955
      }
    ],
    [
      {
        "topic_id": 5,
        "prob": 0.9364877343177795
      },
      {
        "topic_id": 2,
        "prob": 0.01560980174690485
      },
      {
        "topic_id": 3,
        "prob": 0.014708916656672955
      }
    ],
    [
      {
        "topic_id": 3,
        "prob": 0.952390193939209
      },
      {
        "topic_id": 5,
        "prob": 0.014135604724287987
      },
      {
        "topic_id": 2,
        "prob": 0.010706756263971329
      }
    ],
    [
      {
        "topic_id": 0,
        "prob": 0.9517249464988708
      },
      {
        "topic_id": 5,
        "prob": 0.014135604724287987
      },
      {
        "topic_id": 2,
        "prob": 0.010706756263971329
      }
    ],
    [
      {
        "topic_id": 2,
        "prob": 0.9758061170578003
      },
      {
        "topic_id": 5,
        "prob": 0.0072777606546878815
      },
      {
        "topic_id": 3,
        "prob": 0.005194270517677069
      }
    ],
    [
      {
        "topic_id": 2,
        "prob": 0.964240312576294
      },
      {
        "topic_id": 5,
        "prob": 0.010756867937743664
      },
      {
        "topic_id": 3,
        "prob": 0.007677372545003891
      }
    ],
    [
      {
        "topic_id": 4,
        "prob": 0.9459160566329956
      },
      {
        "topic_id": 5,
        "prob": 0.014135604724287987
      },
      {
        "topic_id": 2,
        "prob": 0.010706756263971329
      }
    ],
    [
      {
        "topic_id": 2,
        "prob": 0.9817188382148743
      },
      {
        "topic_id": 5,
        "prob": 0.005499160382896662
      },
      {
        "topic_id": 3,
        "prob": 0.003924851305782795
      }
    ],
    [
      {
        "topic_id": 2,
        "prob": 0.9817188382148743
      },
      {
        "topic_id": 5,
        "prob": 0.005499160382896662
      },
      {
        "topic_id": 3,
        "prob": 0.003924851305782795
      }
    ],
    [
      {
        "topic_id": 3,
        "prob": 0.8719474673271179
      },
      {
        "topic_id": 5,
        "prob": 0.03801947087049484
      },
      {
        "topic_id": 2,
        "prob": 0.028797155246138573
      }
    ],
    [
      {
        "topic_id": 2,
        "prob": 0.964240312576294
      },
      {
        "topic_id": 5,
        "prob": 0.010756867937743664
      },
      {
        "topic_id": 3,
        "prob": 0.007677372545003891
      }
    ],
    [
      {
        "topic_id": 1,
        "prob": 0.8709802627563477
      },
      {
        "topic_id": 5,
        "prob": 0.03801947087049484
      },
      {
        "topic_id": 2,
        "prob": 0.028797155246138573
      }
    ],
    [
      {
        "topic_id": 1,
        "prob": 0.9300634860992432
      },
      {
        "topic_id": 5,
        "prob": 0.02060885541141033
      },
      {
        "topic_id": 2,
        "prob": 0.01560980174690485
      }
    ],
    [
      {
        "topic_id": 0,
        "prob": 0.839401125907898
      },
      {
        "topic_id": 2,
        "prob": 0.14394919574260712
      },
      {
        "topic_id": 5,
        "prob": 0.006264666561037302
      }
    ],
    [
      {
        "topic_id": 2,
        "prob": 0.9711387753486633
      },
      {
        "topic_id": 5,
        "prob": 0.00868173222988844
      },
      {
        "topic_id": 3,
        "prob": 0.006196310743689537
      }
    ],
    [
      {
        "topic_id": 2,
        "prob": 0.9711387753486633
      },
      {
        "topic_id": 5,
        "prob": 0.00868173222988844
      },
      {
        "topic_id": 3,
        "prob": 0.006196310743689537
      }
    ],
    [
      {
        "topic_id": 2,
        "prob": 0.964240312576294
      },
      {
        "topic_id": 5,
        "prob": 0.010756867937743664
      },
      {
        "topic_id": 3,
        "prob": 0.007677372545003891
      }
    ],
    [
      {
        "topic_id": 2,
        "prob": 0.9530081152915955
      },
      {
        "topic_id": 5,
        "prob": 0.014135604724287987
      },
      {
        "topic_id": 3,
        "prob": 0.010088838636875153
      }
    ],
    [
      {
        "topic_id": 0,
        "prob": 0.9703506231307983
      },
      {
        "topic_id": 5,
        "prob": 0.00868173222988844
      },
      {
        "topic_id": 2,
        "prob": 0.0065758200362324715
      }
    ],
    [
      {
        "topic_id": 2,
        "prob": 0.8736094832420349
      },
      {
        "topic_id": 5,
        "prob": 0.03801947087049484
      },
      {
        "topic_id": 3,
        "prob": 0.02713518962264061
      }
    ],
    [
      {
        "topic_id": 0,
        "prob": 0.9786052703857422
      },
      {
        "topic_id": 5,
        "prob": 0.006264666561037302
      },
      {
        "topic_id": 2,
        "prob": 0.004745057318359613
      }
    ],
    [
      {
        "topic_id": 5,
        "prob": 0.24499036371707916
      },
      {
        "topic_id": 2,
        "prob": 0.18556348979473114
      },
      {
        "topic_id": 3,
        "prob": 0.1748540997505188
      }
    ],
    [
      {
        "topic_id": 3,
        "prob": 0.8137723207473755
      },
      {
        "topic_id": 2,
        "prob": 0.16722802817821503
      },
      {
        "topic_id": 5,
        "prob": 0.0072777606546878815
      }
    ],
    [
      {
        "topic_id": 0,
        "prob": 0.9703506231307983
      },
      {
        "topic_id": 5,
        "prob": 0.00868173222988844
      },
      {
        "topic_id": 2,
        "prob": 0.0065758200362324715
      }
    ],
    [
      {
        "topic_id": 0,
        "prob": 0.9296179413795471
      },
      {
        "topic_id": 5,
        "prob": 0.02060885541141033
      },
      {
        "topic_id": 2,
        "prob": 0.01560980174690485
      }
    ],
    [
      {
        "topic_id": 1,
        "prob": 0.8709802627563477
      },
      {
        "topic_id": 5,
        "prob": 0.03801947087049484
      },
      {
        "topic_id": 2,
        "prob": 0.028797155246138573
      }
    ],
    [
      {
        "topic_id": 5,
        "prob": 0.24499036371707916
      },
      {
        "topic_id": 2,
        "prob": 0.18556348979473114
      },
      {
        "topic_id": 3,
        "prob": 0.1748540997505188
      }
    ],
    [
      {
        "topic_id": 0,
        "prob": 0.9517249464988708
      },
      {
        "topic_id": 5,
        "prob": 0.014135604724287987
      },
      {
        "topic_id": 2,
        "prob": 0.010706756263971329
      }
    ],
    [
      {
        "topic_id": 0,
        "prob": 0.9812195897102356
      },
      {
        "topic_id": 5,
        "prob": 0.005499160382896662
      },
      {
        "topic_id": 2,
        "prob": 0.004165238700807095
      }
    ],
    [
      {
        "topic_id": 0,
        "prob": 0.9862573742866516
      },
      {
        "topic_id": 5,
        "prob": 0.0040240236558020115
      },
      {
        "topic_id": 2,
        "prob": 0.0030479233246296644
      }
    ],
    [
      {
        "topic_id": 3,
        "prob": 0.952390193939209
      },
      {
        "topic_id": 5,
        "prob": 0.014135604724287987
      },
      {
        "topic_id": 2,
        "prob": 0.010706756263971329
      }
    ],
    [
      {
        "topic_id": 5,
        "prob": 0.9732446670532227
      },
      {
        "topic_id": 2,
        "prob": 0.0065758200362324715
      },
      {
        "topic_id": 3,
        "prob": 0.006196310743689537
      }
    ],
    [
      {
        "topic_id": 5,
        "prob": 0.9830527901649475
      },
      {
        "topic_id": 2,
        "prob": 0.004165238700807095
      },
      {
        "topic_id": 3,
        "prob": 0.003924851305782795
      }
    ],
    [
      {
        "topic_id": 2,
        "prob": 0.9314886331558228
      },
      {
        "topic_id": 5,
        "prob": 0.02060885541141033
      },
      {
        "topic_id": 3,
        "prob": 0.014708916656672955
      }
    ],
    [
      {
        "topic_id": 5,
        "prob": 0.977571427822113
      },
      {
        "topic_id": 2,
        "prob": 0.005512407049536705
      },
      {
        "topic_id": 3,
        "prob": 0.005194270517677069
      }
    ],
    [
      {
        "topic_id": 5,
        "prob": 0.9848981499671936
      },
      {
        "topic_id": 2,
        "prob": 0.003711691591888666
      },
      {
        "topic_id": 3,
        "prob": 0.003497479483485222
      }
    ],
    [
      {
        "topic_id": 5,
        "prob": 0.9848981499671936
      },
      {
        "topic_id": 2,
        "prob": 0.003711691591888666
      },
      {
        "topic_id": 3,
        "prob": 0.003497479483485222
      }
    ],
    [
      {
        "topic_id": 2,
        "prob": 0.6389076113700867
      },
      {
        "topic_id": 1,
        "prob": 0.32382968068122864
      },
      {
        "topic_id": 5,
        "prob": 0.014135604724287987
      }
    ],
    [
      {
        "topic_id": 1,
        "prob": 0.8709802627563477
      },
      {
        "topic_id": 5,
        "prob": 0.03801947087049484
      },
      {
        "topic_id": 2,
        "prob": 0.028797155246138573
      }
    ],
    [
      {
        "topic_id": 1,
        "prob": 0.9753028154373169
      },
      {
        "topic_id": 5,
        "prob": 0.0072777606546878815
      },
      {
        "topic_id": 2,
        "prob": 0.005512407049536705
      }
    ],
    [
      {
        "topic_id": 2,
        "prob": 0.964240312576294
      },
      {
        "topic_id": 5,
        "prob": 0.010756867937743664
      },
      {
        "topic_id": 3,
        "prob": 0.007677372545003891
      }
    ],
    [
      {
        "topic_id": 2,
        "prob": 0.964240312576294
      },
      {
        "topic_id": 5,
        "prob": 0.010756867937743664
      },
      {
        "topic_id": 3,
        "prob": 0.007677372545003891
      }
    ],
    [
      {
        "topic_id": 0,
        "prob": 0.7242406606674194
      },
      {
        "topic_id": 5,
        "prob": 0.24978002905845642
      },
      {
        "topic_id": 2,
        "prob": 0.008147592656314373
      }
    ],
    [
      {
        "topic_id": 1,
        "prob": 0.952030599117279
      },
      {
        "topic_id": 5,
        "prob": 0.014135604724287987
      },
      {
        "topic_id": 2,
        "prob": 0.010706756263971329
      }
    ],
    [
      {
        "topic_id": 5,
        "prob": 0.977571427822113
      },
      {
        "topic_id": 2,
        "prob": 0.005512407049536705
      },
      {
        "topic_id": 3,
        "prob": 0.005194270517677069
      }
    ],
    [
      {
        "topic_id": 2,
        "prob": 0.8736094832420349
      },
      {
        "topic_id": 5,
        "prob": 0.03801947087049484
      },
      {
        "topic_id": 3,
        "prob": 0.02713518962264061
      }
    ],
    [
      {
        "topic_id": 5,
        "prob": 0.24499036371707916
      },
      {
        "topic_id": 2,
        "prob": 0.18556348979473114
      },
      {
        "topic_id": 3,
        "prob": 0.1748540997505188
      }
    ],
    [
      {
        "topic_id": 0,
        "prob": 0.9296179413795471
      },
      {
        "topic_id": 5,
        "prob": 0.02060885541141033
      },
      {
        "topic_id": 2,
        "prob": 0.01560980174690485
      }
    ],
    [
      {
        "topic_id": 1,
        "prob": 0.952030599117279
      },
      {
        "topic_id": 5,
        "prob": 0.014135604724287987
      },
      {
        "topic_id": 2,
        "prob": 0.010706756263971329
      }
    ],
    [
      {
        "topic_id": 2,
        "prob": 0.8736094832420349
      },
      {
        "topic_id": 5,
        "prob": 0.03801947087049484
      },
      {
        "topic_id": 3,
        "prob": 0.02713518962264061
      }
    ],
    [
      {
        "topic_id": 0,
        "prob": 0.48521748185157776
      },
      {
        "topic_id": 3,
        "prob": 0.24670054018497467
      },
      {
        "topic_id": 1,
        "prob": 0.24642688035964966
      }
    ],
    [
      {
        "topic_id": 5,
        "prob": 0.8828317523002625
      },
      {
        "topic_id": 2,
        "prob": 0.028797155246138573
      },
      {
        "topic_id": 3,
        "prob": 0.02713518962264061
      }
    ],
    [
      {
        "topic_id": 1,
        "prob": 0.8709802627563477
      },
      {
        "topic_id": 5,
        "prob": 0.03801947087049484
      },
      {
        "topic_id": 2,
        "prob": 0.028797155246138573
      }
    ],
    [
      {
        "topic_id": 5,
        "prob": 0.9564369320869446
      },
      {
        "topic_id": 2,
        "prob": 0.010706756263971329
      },
      {
        "topic_id": 3,
        "prob": 0.010088838636875153
      }
    ],
    [
      {
        "topic_id": 4,
        "prob": 0.9789597392082214
      },
      {
        "topic_id": 5,
        "prob": 0.005499160382896662
      },
      {
        "topic_id": 2,
        "prob": 0.004165238700807095
      }
    ],
    [
      {
        "topic_id": 4,
        "prob": 0.9789597392082214
      },
      {
        "topic_id": 5,
        "prob": 0.005499160382896662
      },
      {
        "topic_id": 2,
        "prob": 0.004165238700807095
      }
    ],
    [
      {
        "topic_id": 2,
        "prob": 0.7252171039581299
      },
      {
        "topic_id": 0,
        "prob": 0.2461942881345749
      },
      {
        "topic_id": 5,
        "prob": 0.010756867937743664
      }
    ],
    [
      {
        "topic_id": 3,
        "prob": 0.9707592725753784
      },
      {
        "topic_id": 5,
        "prob": 0.00868173222988844
      },
      {
        "topic_id": 2,
        "prob": 0.0065758200362324715
      }
    ],
    [
      {
        "topic_id": 3,
        "prob": 0.9754879474639893
      },
      {
        "topic_id": 5,
        "prob": 0.0072777606546878815
      },
      {
        "topic_id": 2,
        "prob": 0.005512407049536705
      }
    ],
    [
      {
        "topic_id": 3,
        "prob": 0.9754879474639893
      },
      {
        "topic_id": 5,
        "prob": 0.0072777606546878815
      },
      {
        "topic_id": 2,
        "prob": 0.005512407049536705
      }
    ],
    [
      {
        "topic_id": 3,
        "prob": 0.9707592725753784
      },
      {
        "topic_id": 5,
        "prob": 0.00868173222988844
      },
      {
        "topic_id": 2,
        "prob": 0.0065758200362324715
      }
    ],
    [
      {
        "topic_id": 3,
        "prob": 0.9754879474639893
      },
      {
        "topic_id": 5,
        "prob": 0.0072777606546878815
      },
      {
        "topic_id": 2,
        "prob": 0.005512407049536705
      }
    ],
    [
      {
        "topic_id": 5,
        "prob": 0.7278263568878174
      },
      {
        "topic_id": 1,
        "prob": 0.24642688035964966
      },
      {
        "topic_id": 2,
        "prob": 0.008147592656314373
      }
    ],
    [
      {
        "topic_id": 2,
        "prob": 0.6389076113700867
      },
      {
        "topic_id": 1,
        "prob": 0.32382968068122864
      },
      {
        "topic_id": 5,
        "prob": 0.014135604724287987
      }
    ],
    [
      {
        "topic_id": 2,
        "prob": 0.9711387753486633
      },
      {
        "topic_id": 5,
        "prob": 0.00868173222988844
      },
      {
        "topic_id": 3,
        "prob": 0.006196310743689537
      }
    ],
    [
      {
        "topic_id": 5,
        "prob": 0.9364877343177795
      },
      {
        "topic_id": 2,
        "prob": 0.01560980174690485
      },
      {
        "topic_id": 3,
        "prob": 0.014708916656672955
      }
    ],
    [
      {
        "topic_id": 5,
        "prob": 0.977571427822113
      },
      {
        "topic_id": 2,
        "prob": 0.005512407049536705
      },
      {
        "topic_id": 3,
        "prob": 0.005194270517677069
      }
    ],
    [
      {
        "topic_id": 1,
        "prob": 0.9813384413719177
      },
      {
        "topic_id": 5,
        "prob": 0.005499160382896662
      },
      {
        "topic_id": 2,
        "prob": 0.004165238700807095
      }
    ],
    [
      {
        "topic_id": 0,
        "prob": 0.9703506231307983
      },
      {
        "topic_id": 5,
        "prob": 0.00868173222988844
      },
      {
        "topic_id": 2,
        "prob": 0.0065758200362324715
      }
    ],
    [
      {
        "topic_id": 5,
        "prob": 0.24499036371707916
      },
      {
        "topic_id": 2,
        "prob": 0.18556348979473114
      },
      {
        "topic_id": 3,
        "prob": 0.1748540997505188
      }
    ],
    [
      {
        "topic_id": 0,
        "prob": 0.7774380445480347
      },
      {
        "topic_id": 1,
        "prob": 0.19888803362846375
      },
      {
        "topic_id": 5,
        "prob": 0.00868173222988844
      }
    ],
    [
      {
        "topic_id": 5,
        "prob": 0.6423364877700806
      },
      {
        "topic_id": 2,
        "prob": 0.32480722665786743
      },
      {
        "topic_id": 3,
        "prob": 0.010088838636875153
      }
    ],
    [
      {
        "topic_id": 3,
        "prob": 0.952390193939209
      },
      {
        "topic_id": 5,
        "prob": 0.014135604724287987
      },
      {
        "topic_id": 2,
        "prob": 0.010706756263971329
      }
    ],
    [
      {
        "topic_id": 4,
        "prob": 0.9789597392082214
      },
      {
        "topic_id": 5,
        "prob": 0.005499160382896662
      },
      {
        "topic_id": 2,
        "prob": 0.004165238700807095
      }
    ],
    [
      {
        "topic_id": 5,
        "prob": 0.9564369320869446
      },
      {
        "topic_id": 2,
        "prob": 0.010706756263971329
      },
      {
        "topic_id": 3,
        "prob": 0.010088838636875153
      }
    ],
    [
      {
        "topic_id": 4,
        "prob": 0.9760308861732483
      },
      {
        "topic_id": 5,
        "prob": 0.006264666561037302
      },
      {
        "topic_id": 2,
        "prob": 0.004745057318359613
      }
    ],
    [
      {
        "topic_id": 4,
        "prob": 0.9667829871177673
      },
      {
        "topic_id": 5,
        "prob": 0.00868173222988844
      },
      {
        "topic_id": 2,
        "prob": 0.0065758200362324715
      }
    ],
    [
      {
        "topic_id": 2,
        "prob": 0.9314886331558228
      },
      {
        "topic_id": 5,
        "prob": 0.02060885541141033
      },
      {
        "topic_id": 3,
        "prob": 0.014708916656672955
      }
    ],
    [
      {
        "topic_id": 5,
        "prob": 0.7022852897644043
      },
      {
        "topic_id": 1,
        "prob": 0.28272008895874023
      },
      {
        "topic_id": 2,
        "prob": 0.004745057318359613
      }
    ],
    [
      {
        "topic_id": 5,
        "prob": 0.9830527901649475
      },
      {
        "topic_id": 2,
        "prob": 0.004165238700807095
      },
      {
        "topic_id": 3,
        "prob": 0.003924851305782795
      }
    ],
    [
      {
        "topic_id": 2,
        "prob": 0.9711387753486633
      },
      {
        "topic_id": 5,
        "prob": 0.00868173222988844
      },
      {
        "topic_id": 3,
        "prob": 0.006196310743689537
      }
    ],
    [
      {
        "topic_id": 2,
        "prob": 0.9314886331558228
      },
      {
        "topic_id": 5,
        "prob": 0.02060885541141033
      },
      {
        "topic_id": 3,
        "prob": 0.014708916656672955
      }
    ],
    [
      {
        "topic_id": 5,
        "prob": 0.9806935787200928
      },
      {
        "topic_id": 2,
        "prob": 0.004745057318359613
      },
      {
        "topic_id": 3,
        "prob": 0.004471206571906805
      }
    ],
    [
      {
        "topic_id": 5,
        "prob": 0.24499036371707916
      },
      {
        "topic_id": 2,
        "prob": 0.18556348979473114
      },
      {
        "topic_id": 3,
        "prob": 0.1748540997505188
      }
    ],
    [
      {
        "topic_id": 5,
        "prob": 0.24499036371707916
      },
      {
        "topic_id": 2,
        "prob": 0.18556348979473114
      },
      {
        "topic_id": 3,
        "prob": 0.1748540997505188
      }
    ],
    [
      {
        "topic_id": 5,
        "prob": 0.24499036371707916
      },
      {
        "topic_id": 2,
        "prob": 0.18556348979473114
      },
      {
        "topic_id": 3,
        "prob": 0.1748540997505188
      }
    ],
    [
      {
        "topic_id": 1,
        "prob": 0.9705383777618408
      },
      {
        "topic_id": 5,
        "prob": 0.00868173222988844
      },
      {
        "topic_id": 2,
        "prob": 0.0065758200362324715
      }
    ],
    [
      {
        "topic_id": 1,
        "prob": 0.724473237991333
      },
      {
        "topic_id": 0,
        "prob": 0.2461942881345749
      },
      {
        "topic_id": 5,
        "prob": 0.010756867937743664
      }
    ],
    [
      {
        "topic_id": 5,
        "prob": 0.24499036371707916
      },
      {
        "topic_id": 2,
        "prob": 0.18556348979473114
      },
      {
        "topic_id": 3,
        "prob": 0.1748540997505188
      }
    ],
    [
      {
        "topic_id": 1,
        "prob": 0.9634963870048523
      },
      {
        "topic_id": 5,
        "prob": 0.010756867937743664
      },
      {
        "topic_id": 2,
        "prob": 0.008147592656314373
      }
    ],
    [
      {
        "topic_id": 3,
        "prob": 0.952390193939209
      },
      {
        "topic_id": 5,
        "prob": 0.014135604724287987
      },
      {
        "topic_id": 2,
        "prob": 0.010706756263971329
      }
    ],
    [
      {
        "topic_id": 4,
        "prob": 0.9459160566329956
      },
      {
        "topic_id": 5,
        "prob": 0.014135604724287987
      },
      {
        "topic_id": 2,
        "prob": 0.010706756263971329
      }
    ],
    [
      {
        "topic_id": 3,
        "prob": 0.9637700319290161
      },
      {
        "topic_id": 5,
        "prob": 0.010756867937743664
      },
      {
        "topic_id": 2,
        "prob": 0.008147592656314373
      }
    ],
    [
      {
        "topic_id": 2,
        "prob": 0.964240312576294
      },
      {
        "topic_id": 5,
        "prob": 0.010756867937743664
      },
      {
        "topic_id": 3,
        "prob": 0.007677372545003891
      }
    ],
    [
      {
        "topic_id": 3,
        "prob": 0.9637700319290161
      },
      {
        "topic_id": 5,
        "prob": 0.010756867937743664
      },
      {
        "topic_id": 2,
        "prob": 0.008147592656314373
      }
    ],
    [
      {
        "topic_id": 2,
        "prob": 0.9530081152915955
      },
      {
        "topic_id": 5,
        "prob": 0.014135604724287987
      },
      {
        "topic_id": 3,
        "prob": 0.010088838636875153
      }
    ],
    [
      {
        "topic_id": 0,
        "prob": 0.9703506231307983
      },
      {
        "topic_id": 5,
        "prob": 0.00868173222988844
      },
      {
        "topic_id": 2,
        "prob": 0.0065758200362324715
      }
    ],
    [
      {
        "topic_id": 3,
        "prob": 0.7247468829154968
      },
      {
        "topic_id": 0,
        "prob": 0.2461942881345749
      },
      {
        "topic_id": 5,
        "prob": 0.010756867937743664
      }
    ],
    [
      {
        "topic_id": 0,
        "prob": 0.8701581954956055
      },
      {
        "topic_id": 5,
        "prob": 0.03801947087049484
      },
      {
        "topic_id": 2,
        "prob": 0.028797155246138573
      }
    ],
    [
      {
        "topic_id": 5,
        "prob": 0.9668495655059814
      },
      {
        "topic_id": 2,
        "prob": 0.008147592656314373
      },
      {
        "topic_id": 3,
        "prob": 0.007677372545003891
      }
    ],
    [
      {
        "topic_id": 3,
        "prob": 0.9754879474639893
      },
      {
        "topic_id": 5,
        "prob": 0.0072777606546878815
      },
      {
        "topic_id": 2,
        "prob": 0.005512407049536705
      }
    ],
    [
      {
        "topic_id": 3,
        "prob": 0.9305877685546875
      },
      {
        "topic_id": 5,
        "prob": 0.02060885541141033
      },
      {
        "topic_id": 2,
        "prob": 0.01560980174690485
      }
    ],
    [
      {
        "topic_id": 5,
        "prob": 0.9668495655059814
      },
      {
        "topic_id": 2,
        "prob": 0.008147592656314373
      },
      {
        "topic_id": 3,
        "prob": 0.007677372545003891
      }
    ],
    [
      {
        "topic_id": 2,
        "prob": 0.9758061170578003
      },
      {
        "topic_id": 5,
        "prob": 0.0072777606546878815
      },
      {
        "topic_id": 3,
        "prob": 0.005194270517677069
      }
    ],
    [
      {
        "topic_id": 3,
        "prob": 0.47264835238456726
      },
      {
        "topic_id": 0,
        "prob": 0.4716784358024597
      },
      {
        "topic_id": 5,
        "prob": 0.02060885541141033
      }
    ],
    [
      {
        "topic_id": 0,
        "prob": 0.9296179413795471
      },
      {
        "topic_id": 5,
        "prob": 0.02060885541141033
      },
      {
        "topic_id": 2,
        "prob": 0.01560980174690485
      }
    ],
    [
      {
        "topic_id": 2,
        "prob": 0.7782261967658997
      },
      {
        "topic_id": 1,
        "prob": 0.19888803362846375
      },
      {
        "topic_id": 5,
        "prob": 0.00868173222988844
      }
    ],
    [
      {
        "topic_id": 4,
        "prob": 0.9721546769142151
      },
      {
        "topic_id": 5,
        "prob": 0.0072777606546878815
      },
      {
        "topic_id": 2,
        "prob": 0.005512407049536705
      }
    ],
    [
      {
        "topic_id": 3,
        "prob": 0.9637700319290161
      },
      {
        "topic_id": 5,
        "prob": 0.010756867937743664
      },
      {
        "topic_id": 2,
        "prob": 0.008147592656314373
      }
    ],
    [
      {
        "topic_id": 0,
        "prob": 0.8701581954956055
      },
      {
        "topic_id": 5,
        "prob": 0.03801947087049484
      },
      {
        "topic_id": 2,
        "prob": 0.028797155246138573
      }
    ],
    [
      {
        "topic_id": 5,
        "prob": 0.8828317523002625
      },
      {
        "topic_id": 2,
        "prob": 0.028797155246138573
      },
      {
        "topic_id": 3,
        "prob": 0.02713518962264061
      }
    ],
    [
      {
        "topic_id": 4,
        "prob": 0.9830918908119202
      },
      {
        "topic_id": 5,
        "prob": 0.004419167526066303
      },
      {
        "topic_id": 2,
        "prob": 0.003347217570990324
      }
    ],
    [
      {
        "topic_id": 3,
        "prob": 0.7247468829154968
      },
      {
        "topic_id": 5,
        "prob": 0.24978002905845642
      },
      {
        "topic_id": 2,
        "prob": 0.008147592656314373
      }
    ],
    [
      {
        "topic_id": 3,
        "prob": 0.9637700319290161
      },
      {
        "topic_id": 5,
        "prob": 0.010756867937743664
      },
      {
        "topic_id": 2,
        "prob": 0.008147592656314373
      }
    ],
    [
      {
        "topic_id": 0,
        "prob": 0.9517249464988708
      },
      {
        "topic_id": 5,
        "prob": 0.014135604724287987
      },
      {
        "topic_id": 2,
        "prob": 0.010706756263971329
      }
    ],
    [
      {
        "topic_id": 3,
        "prob": 0.47264835238456726
      },
      {
        "topic_id": 1,
        "prob": 0.4721240699291229
      },
      {
        "topic_id": 5,
        "prob": 0.02060885541141033
      }
    ],
    [
      {
        "topic_id": 5,
        "prob": 0.8828317523002625
      },
      {
        "topic_id": 2,
        "prob": 0.028797155246138573
      },
      {
        "topic_id": 3,
        "prob": 0.02713518962264061
      }
    ],
    [
      {
        "topic_id": 2,
        "prob": 0.8736094832420349
      },
      {
        "topic_id": 5,
        "prob": 0.03801947087049484
      },
      {
        "topic_id": 3,
        "prob": 0.02713518962264061
      }
    ],
    [
      {
        "topic_id": 5,
        "prob": 0.24499036371707916
      },
      {
        "topic_id": 2,
        "prob": 0.18556348979473114
      },
      {
        "topic_id": 3,
        "prob": 0.1748540997505188
      }
    ],
    [
      {
        "topic_id": 1,
        "prob": 0.952030599117279
      },
      {
        "topic_id": 5,
        "prob": 0.014135604724287987
      },
      {
        "topic_id": 2,
        "prob": 0.010706756263971329
      }
    ],
    [
      {
        "topic_id": 5,
        "prob": 0.977571427822113
      },
      {
        "topic_id": 2,
        "prob": 0.005512407049536705
      },
      {
        "topic_id": 3,
        "prob": 0.005194270517677069
      }
    ],
    [
      {
        "topic_id": 5,
        "prob": 0.8828317523002625
      },
      {
        "topic_id": 2,
        "prob": 0.028797155246138573
      },
      {
        "topic_id": 3,
        "prob": 0.02713518962264061
      }
    ],
    [
      {
        "topic_id": 5,
        "prob": 0.24499036371707916
      },
      {
        "topic_id": 2,
        "prob": 0.18556348979473114
      },
      {
        "topic_id": 3,
        "prob": 0.1748540997505188
      }
    ],
    [
      {
        "topic_id": 5,
        "prob": 0.9668495655059814
      },
      {
        "topic_id": 2,
        "prob": 0.008147592656314373
      },
      {
        "topic_id": 3,
        "prob": 0.007677372545003891
      }
    ],
    [
      {
        "topic_id": 4,
        "prob": 0.9459160566329956
      },
      {
        "topic_id": 5,
        "prob": 0.014135604724287987
      },
      {
        "topic_id": 2,
        "prob": 0.010706756263971329
      }
    ],
    [
      {
        "topic_id": 5,
        "prob": 0.4924246072769165
      },
      {
        "topic_id": 0,
        "prob": 0.48999860882759094
      },
      {
        "topic_id": 2,
        "prob": 0.005512407049536705
      }
    ],
    [
      {
        "topic_id": 3,
        "prob": 0.978900134563446
      },
      {
        "topic_id": 5,
        "prob": 0.006264666561037302
      },
      {
        "topic_id": 2,
        "prob": 0.004745057318359613
      }
    ],
    [
      {
        "topic_id": 3,
        "prob": 0.9637700319290161
      },
      {
        "topic_id": 5,
        "prob": 0.010756867937743664
      },
      {
        "topic_id": 2,
        "prob": 0.008147592656314373
      }
    ],
    [
      {
        "topic_id": 5,
        "prob": 0.24499036371707916
      },
      {
        "topic_id": 2,
        "prob": 0.18556348979473114
      },
      {
        "topic_id": 3,
        "prob": 0.1748540997505188
      }
    ],
    [
      {
        "topic_id": 1,
        "prob": 0.5847132205963135
      },
      {
        "topic_id": 2,
        "prob": 0.39240097999572754
      },
      {
        "topic_id": 5,
        "prob": 0.00868173222988844
      }
    ],
    [
      {
        "topic_id": 5,
        "prob": 0.8828317523002625
      },
      {
        "topic_id": 2,
        "prob": 0.028797155246138573
      },
      {
        "topic_id": 3,
        "prob": 0.02713518962264061
      }
    ],
    [
      {
        "topic_id": 5,
        "prob": 0.24499036371707916
      },
      {
        "topic_id": 2,
        "prob": 0.18556348979473114
      },
      {
        "topic_id": 3,
        "prob": 0.1748540997505188
      }
    ],
    [
      {
        "topic_id": 5,
        "prob": 0.780332088470459
      },
      {
        "topic_id": 2,
        "prob": 0.19948841631412506
      },
      {
        "topic_id": 3,
        "prob": 0.006196310743689537
      }
    ],
    [
      {
        "topic_id": 0,
        "prob": 0.9296179413795471
      },
      {
        "topic_id": 5,
        "prob": 0.02060885541141033
      },
      {
        "topic_id": 2,
        "prob": 0.01560980174690485
      }
    ],
    [
      {
        "topic_id": 0,
        "prob": 0.9296179413795471
      },
      {
        "topic_id": 5,
        "prob": 0.02060885541141033
      },
      {
        "topic_id": 2,
        "prob": 0.01560980174690485
      }
    ],
    [
      {
        "topic_id": 3,
        "prob": 0.8719474673271179
      },
      {
        "topic_id": 5,
        "prob": 0.03801947087049484
      },
      {
        "topic_id": 2,
        "prob": 0.028797155246138573
      }
    ],
    [
      {
        "topic_id": 4,
        "prob": 0.9789597392082214
      },
      {
        "topic_id": 5,
        "prob": 0.005499160382896662
      },
      {
        "topic_id": 2,
        "prob": 0.004165238700807095
      }
    ],
    [
      {
        "topic_id": 1,
        "prob": 0.9300634860992432
      },
      {
        "topic_id": 5,
        "prob": 0.02060885541141033
      },
      {
        "topic_id": 2,
        "prob": 0.01560980174690485
      }
    ],
    [
      {
        "topic_id": 2,
        "prob": 0.964240312576294
      },
      {
        "topic_id": 5,
        "prob": 0.010756867937743664
      },
      {
        "topic_id": 3,
        "prob": 0.007677372545003891
      }
    ],
    [
      {
        "topic_id": 3,
        "prob": 0.5849340558052063
      },
      {
        "topic_id": 2,
        "prob": 0.39240097999572754
      },
      {
        "topic_id": 5,
        "prob": 0.00868173222988844
      }
    ],
    [
      {
        "topic_id": 1,
        "prob": 0.7776257991790771
      },
      {
        "topic_id": 2,
        "prob": 0.19948841631412506
      },
      {
        "topic_id": 5,
        "prob": 0.00868173222988844
      }
    ],
    [
      {
        "topic_id": 5,
        "prob": 0.9668495655059814
      },
      {
        "topic_id": 2,
        "prob": 0.008147592656314373
      },
      {
        "topic_id": 3,
        "prob": 0.007677372545003891
      }
    ],
    [
      {
        "topic_id": 2,
        "prob": 0.979174017906189
      },
      {
        "topic_id": 5,
        "prob": 0.006264666561037302
      },
      {
        "topic_id": 3,
        "prob": 0.004471206571906805
      }
    ],
    [
      {
        "topic_id": 0,
        "prob": 0.8590253591537476
      },
      {
        "topic_id": 4,
        "prob": 0.12360038608312607
      },
      {
        "topic_id": 5,
        "prob": 0.005499160382896662
      }
    ],
    [
      {
        "topic_id": 2,
        "prob": 0.9758061170578003
      },
      {
        "topic_id": 5,
        "prob": 0.0072777606546878815
      },
      {
        "topic_id": 3,
        "prob": 0.005194270517677069
      }
    ],
    [
      {
        "topic_id": 2,
        "prob": 0.8736094832420349
      },
      {
        "topic_id": 5,
        "prob": 0.03801947087049484
      },
      {
        "topic_id": 3,
        "prob": 0.02713518962264061
      }
    ],
    [
      {
        "topic_id": 0,
        "prob": 0.9517249464988708
      },
      {
        "topic_id": 5,
        "prob": 0.014135604724287987
      },
      {
        "topic_id": 2,
        "prob": 0.010706756263971329
      }
    ],
    [
      {
        "topic_id": 1,
        "prob": 0.8709802627563477
      },
      {
        "topic_id": 5,
        "prob": 0.03801947087049484
      },
      {
        "topic_id": 2,
        "prob": 0.028797155246138573
      }
    ],
    [
      {
        "topic_id": 1,
        "prob": 0.9634963870048523
      },
      {
        "topic_id": 5,
        "prob": 0.010756867937743664
      },
      {
        "topic_id": 2,
        "prob": 0.008147592656314373
      }
    ],
    [
      {
        "topic_id": 1,
        "prob": 0.9300634860992432
      },
      {
        "topic_id": 5,
        "prob": 0.02060885541141033
      },
      {
        "topic_id": 2,
        "prob": 0.01560980174690485
      }
    ],
    [
      {
        "topic_id": 5,
        "prob": 0.24499036371707916
      },
      {
        "topic_id": 2,
        "prob": 0.18556348979473114
      },
      {
        "topic_id": 3,
        "prob": 0.1748540997505188
      }
    ],
    [
      {
        "topic_id": 1,
        "prob": 0.9300634860992432
      },
      {
        "topic_id": 5,
        "prob": 0.02060885541141033
      },
      {
        "topic_id": 2,
        "prob": 0.01560980174690485
      }
    ],
    [
      {
        "topic_id": 1,
        "prob": 0.9300634860992432
      },
      {
        "topic_id": 5,
        "prob": 0.02060885541141033
      },
      {
        "topic_id": 2,
        "prob": 0.01560980174690485
      }
    ],
    [
      {
        "topic_id": 1,
        "prob": 0.952030599117279
      },
      {
        "topic_id": 5,
        "prob": 0.014135604724287987
      },
      {
        "topic_id": 2,
        "prob": 0.010706756263971329
      }
    ],
    [
      {
        "topic_id": 2,
        "prob": 0.5853135585784912
      },
      {
        "topic_id": 3,
        "prob": 0.3920214772224426
      },
      {
        "topic_id": 5,
        "prob": 0.00868173222988844
      }
    ],
    [
      {
        "topic_id": 5,
        "prob": 0.24499036371707916
      },
      {
        "topic_id": 2,
        "prob": 0.18556348979473114
      },
      {
        "topic_id": 3,
        "prob": 0.1748540997505188
      }
    ],
    [
      {
        "topic_id": 5,
        "prob": 0.9668495655059814
      },
      {
        "topic_id": 2,
        "prob": 0.008147592656314373
      },
      {
        "topic_id": 3,
        "prob": 0.007677372545003891
      }
    ],
    [
      {
        "topic_id": 1,
        "prob": 0.9705383777618408
      },
      {
        "topic_id": 5,
        "prob": 0.00868173222988844
      },
      {
        "topic_id": 2,
        "prob": 0.0065758200362324715
      }
    ],
    [
      {
        "topic_id": 4,
        "prob": 0.6318155527114868
      },
      {
        "topic_id": 2,
        "prob": 0.32480722665786743
      },
      {
        "topic_id": 5,
        "prob": 0.014135604724287987
      }
    ],
    [
      {
        "topic_id": 5,
        "prob": 0.24499036371707916
      },
      {
        "topic_id": 2,
        "prob": 0.18556348979473114
      },
      {
        "topic_id": 3,
        "prob": 0.1748540997505188
      }
    ],
    [
      {
        "topic_id": 0,
        "prob": 0.9517249464988708
      },
      {
        "topic_id": 5,
        "prob": 0.014135604724287987
      },
      {
        "topic_id": 2,
        "prob": 0.010706756263971329
      }
    ],
    [
      {
        "topic_id": 1,
        "prob": 0.8709802627563477
      },
      {
        "topic_id": 5,
        "prob": 0.03801947087049484
      },
      {
        "topic_id": 2,
        "prob": 0.028797155246138573
      }
    ],
    [
      {
        "topic_id": 5,
        "prob": 0.9564369320869446
      },
      {
        "topic_id": 2,
        "prob": 0.010706756263971329
      },
      {
        "topic_id": 3,
        "prob": 0.010088838636875153
      }
    ],
    [
      {
        "topic_id": 5,
        "prob": 0.24499036371707916
      },
      {
        "topic_id": 2,
        "prob": 0.18556348979473114
      },
      {
        "topic_id": 3,
        "prob": 0.1748540997505188
      }
    ],
    [
      {
        "topic_id": 4,
        "prob": 0.9459160566329956
      },
      {
        "topic_id": 5,
        "prob": 0.014135604724287987
      },
      {
        "topic_id": 2,
        "prob": 0.010706756263971329
      }
    ],
    [
      {
        "topic_id": 3,
        "prob": 0.9305877685546875
      },
      {
        "topic_id": 5,
        "prob": 0.02060885541141033
      },
      {
        "topic_id": 2,
        "prob": 0.01560980174690485
      }
    ],
    [
      {
        "topic_id": 0,
        "prob": 0.963263750076294
      },
      {
        "topic_id": 5,
        "prob": 0.010756867937743664
      },
      {
        "topic_id": 2,
        "prob": 0.008147592656314373
      }
    ],
    [
      {
        "topic_id": 5,
        "prob": 0.24499036371707916
      },
      {
        "topic_id": 2,
        "prob": 0.18556348979473114
      },
      {
        "topic_id": 3,
        "prob": 0.1748540997505188
      }
    ],
    [
      {
        "topic_id": 0,
        "prob": 0.9296179413795471
      },
      {
        "topic_id": 5,
        "prob": 0.02060885541141033
      },
      {
        "topic_id": 2,
        "prob": 0.01560980174690485
      }
    ],
    [
      {
        "topic_id": 3,
        "prob": 0.9305877685546875
      },
      {
        "topic_id": 5,
        "prob": 0.02060885541141033
      },
      {
        "topic_id": 2,
        "prob": 0.01560980174690485
      }
    ],
    [
      {
        "topic_id": 4,
        "prob": 0.6318155527114868
      },
      {
        "topic_id": 3,
        "prob": 0.32418927550315857
      },
      {
        "topic_id": 5,
        "prob": 0.014135604724287987
      }
    ],
    [
      {
        "topic_id": 3,
        "prob": 0.9305877685546875
      },
      {
        "topic_id": 5,
        "prob": 0.02060885541141033
      },
      {
        "topic_id": 2,
        "prob": 0.01560980174690485
      }
    ],
    [
      {
        "topic_id": 1,
        "prob": 0.9753028154373169
      },
      {
        "topic_id": 5,
        "prob": 0.0072777606546878815
      },
      {
        "topic_id": 2,
        "prob": 0.005512407049536705
      }
    ],
    [
      {
        "topic_id": 1,
        "prob": 0.8709802627563477
      },
      {
        "topic_id": 5,
        "prob": 0.03801947087049484
      },
      {
        "topic_id": 2,
        "prob": 0.028797155246138573
      }
    ],
    [
      {
        "topic_id": 1,
        "prob": 0.9300634860992432
      },
      {
        "topic_id": 5,
        "prob": 0.02060885541141033
      },
      {
        "topic_id": 2,
        "prob": 0.01560980174690485
      }
    ],
    [
      {
        "topic_id": 3,
        "prob": 0.9637700319290161
      },
      {
        "topic_id": 5,
        "prob": 0.010756867937743664
      },
      {
        "topic_id": 2,
        "prob": 0.008147592656314373
      }
    ],
    [
      {
        "topic_id": 3,
        "prob": 0.9754879474639893
      },
      {
        "topic_id": 5,
        "prob": 0.0072777606546878815
      },
      {
        "topic_id": 2,
        "prob": 0.005512407049536705
      }
    ],
    [
      {
        "topic_id": 5,
        "prob": 0.24499036371707916
      },
      {
        "topic_id": 2,
        "prob": 0.18556348979473114
      },
      {
        "topic_id": 3,
        "prob": 0.1748540997505188
      }
    ],
    [
      {
        "topic_id": 5,
        "prob": 0.4785482883453369
      },
      {
        "topic_id": 3,
        "prob": 0.47264835238456726
      },
      {
        "topic_id": 2,
        "prob": 0.01560980174690485
      }
    ],
    [
      {
        "topic_id": 5,
        "prob": 0.24499036371707916
      },
      {
        "topic_id": 2,
        "prob": 0.18556348979473114
      },
      {
        "topic_id": 3,
        "prob": 0.1748540997505188
      }
    ],
    [
      {
        "topic_id": 5,
        "prob": 0.24499036371707916
      },
      {
        "topic_id": 2,
        "prob": 0.18556348979473114
      },
      {
        "topic_id": 3,
        "prob": 0.1748540997505188
      }
    ],
    [
      {
        "topic_id": 5,
        "prob": 0.9364877343177795
      },
      {
        "topic_id": 2,
        "prob": 0.01560980174690485
      },
      {
        "topic_id": 3,
        "prob": 0.014708916656672955
      }
    ],
    [
      {
        "topic_id": 5,
        "prob": 0.24499036371707916
      },
      {
        "topic_id": 2,
        "prob": 0.18556348979473114
      },
      {
        "topic_id": 3,
        "prob": 0.1748540997505188
      }
    ],
    [
      {
        "topic_id": 4,
        "prob": 0.7198202013969421
      },
      {
        "topic_id": 5,
        "prob": 0.24978002905845642
      },
      {
        "topic_id": 2,
        "prob": 0.008147592656314373
      }
    ],
    [
      {
        "topic_id": 0,
        "prob": 0.963263750076294
      },
      {
        "topic_id": 5,
        "prob": 0.010756867937743664
      },
      {
        "topic_id": 2,
        "prob": 0.008147592656314373
      }
    ],
    [
      {
        "topic_id": 2,
        "prob": 0.964240312576294
      },
      {
        "topic_id": 5,
        "prob": 0.010756867937743664
      },
      {
        "topic_id": 3,
        "prob": 0.007677372545003891
      }
    ],
    [
      {
        "topic_id": 2,
        "prob": 0.9314886331558228
      },
      {
        "topic_id": 5,
        "prob": 0.02060885541141033
      },
      {
        "topic_id": 3,
        "prob": 0.014708916656672955
      }
    ],
    [
      {
        "topic_id": 5,
        "prob": 0.24499036371707916
      },
      {
        "topic_id": 2,
        "prob": 0.18556348979473114
      },
      {
        "topic_id": 3,
        "prob": 0.1748540997505188
      }
    ],
    [
      {
        "topic_id": 2,
        "prob": 0.8736094832420349
      },
      {
        "topic_id": 5,
        "prob": 0.03801947087049484
      },
      {
        "topic_id": 3,
        "prob": 0.02713518962264061
      }
    ],
    [
      {
        "topic_id": 3,
        "prob": 0.9305877685546875
      },
      {
        "topic_id": 5,
        "prob": 0.02060885541141033
      },
      {
        "topic_id": 2,
        "prob": 0.01560980174690485
      }
    ],
    [
      {
        "topic_id": 5,
        "prob": 0.9564369320869446
      },
      {
        "topic_id": 2,
        "prob": 0.010706756263971329
      },
      {
        "topic_id": 3,
        "prob": 0.010088838636875153
      }
    ],
    [
      {
        "topic_id": 5,
        "prob": 0.977571427822113
      },
      {
        "topic_id": 2,
        "prob": 0.005512407049536705
      },
      {
        "topic_id": 3,
        "prob": 0.005194270517677069
      }
    ],
    [
      {
        "topic_id": 5,
        "prob": 0.8828317523002625
      },
      {
        "topic_id": 2,
        "prob": 0.028797155246138573
      },
      {
        "topic_id": 3,
        "prob": 0.02713518962264061
      }
    ],
    [
      {
        "topic_id": 5,
        "prob": 0.8828317523002625
      },
      {
        "topic_id": 2,
        "prob": 0.028797155246138573
      },
      {
        "topic_id": 3,
        "prob": 0.02713518962264061
      }
    ],
    [
      {
        "topic_id": 2,
        "prob": 0.6389076113700867
      },
      {
        "topic_id": 5,
        "prob": 0.32823604345321655
      },
      {
        "topic_id": 3,
        "prob": 0.010088838636875153
      }
    ],
    [
      {
        "topic_id": 2,
        "prob": 0.6389076113700867
      },
      {
        "topic_id": 0,
        "prob": 0.32352402806282043
      },
      {
        "topic_id": 5,
        "prob": 0.014135604724287987
      }
    ],
    [
      {
        "topic_id": 5,
        "prob": 0.9806935787200928
      },
      {
        "topic_id": 2,
        "prob": 0.004745057318359613
      },
      {
        "topic_id": 3,
        "prob": 0.004471206571906805
      }
    ],
    [
      {
        "topic_id": 3,
        "prob": 0.7247468829154968
      },
      {
        "topic_id": 0,
        "prob": 0.2461942881345749
      },
      {
        "topic_id": 5,
        "prob": 0.010756867937743664
      }
    ],
    [
      {
        "topic_id": 0,
        "prob": 0.9517249464988708
      },
      {
        "topic_id": 5,
        "prob": 0.014135604724287987
      },
      {
        "topic_id": 2,
        "prob": 0.010706756263971329
      }
    ],
    [
      {
        "topic_id": 5,
        "prob": 0.8828317523002625
      },
      {
        "topic_id": 2,
        "prob": 0.028797155246138573
      },
      {
        "topic_id": 3,
        "prob": 0.02713518962264061
      }
    ],
    [
      {
        "topic_id": 3,
        "prob": 0.8719474673271179
      },
      {
        "topic_id": 5,
        "prob": 0.03801947087049484
      },
      {
        "topic_id": 2,
        "prob": 0.028797155246138573
      }
    ],
    [
      {
        "topic_id": 3,
        "prob": 0.952390193939209
      },
      {
        "topic_id": 5,
        "prob": 0.014135604724287987
      },
      {
        "topic_id": 2,
        "prob": 0.010706756263971329
      }
    ],
    [
      {
        "topic_id": 5,
        "prob": 0.9806935787200928
      },
      {
        "topic_id": 2,
        "prob": 0.004745057318359613
      },
      {
        "topic_id": 3,
        "prob": 0.004471206571906805
      }
    ],
    [
      {
        "topic_id": 5,
        "prob": 0.9830527901649475
      },
      {
        "topic_id": 2,
        "prob": 0.004165238700807095
      },
      {
        "topic_id": 3,
        "prob": 0.003924851305782795
      }
    ],
    [
      {
        "topic_id": 5,
        "prob": 0.9732446670532227
      },
      {
        "topic_id": 2,
        "prob": 0.0065758200362324715
      },
      {
        "topic_id": 3,
        "prob": 0.006196310743689537
      }
    ],
    [
      {
        "topic_id": 5,
        "prob": 0.9364877343177795
      },
      {
        "topic_id": 2,
        "prob": 0.01560980174690485
      },
      {
        "topic_id": 3,
        "prob": 0.014708916656672955
      }
    ],
    [
      {
        "topic_id": 5,
        "prob": 0.9806935787200928
      },
      {
        "topic_id": 2,
        "prob": 0.004745057318359613
      },
      {
        "topic_id": 3,
        "prob": 0.004471206571906805
      }
    ],
    [
      {
        "topic_id": 5,
        "prob": 0.9830527901649475
      },
      {
        "topic_id": 2,
        "prob": 0.004165238700807095
      },
      {
        "topic_id": 3,
        "prob": 0.003924851305782795
      }
    ],
    [
      {
        "topic_id": 5,
        "prob": 0.977571427822113
      },
      {
        "topic_id": 2,
        "prob": 0.005512407049536705
      },
      {
        "topic_id": 3,
        "prob": 0.005194270517677069
      }
    ],
    [
      {
        "topic_id": 5,
        "prob": 0.9830527901649475
      },
      {
        "topic_id": 2,
        "prob": 0.004165238700807095
      },
      {
        "topic_id": 3,
        "prob": 0.003924851305782795
      }
    ],
    [
      {
        "topic_id": 5,
        "prob": 0.9806935787200928
      },
      {
        "topic_id": 2,
        "prob": 0.004745057318359613
      },
      {
        "topic_id": 3,
        "prob": 0.004471206571906805
      }
    ],
    [
      {
        "topic_id": 2,
        "prob": 0.9530081152915955
      },
      {
        "topic_id": 5,
        "prob": 0.014135604724287987
      },
      {
        "topic_id": 3,
        "prob": 0.010088838636875153
      }
    ],
    [
      {
        "topic_id": 0,
        "prob": 0.8701581954956055
      },
      {
        "topic_id": 5,
        "prob": 0.03801947087049484
      },
      {
        "topic_id": 2,
        "prob": 0.028797155246138573
      }
    ],
    [
      {
        "topic_id": 0,
        "prob": 0.963263750076294
      },
      {
        "topic_id": 5,
        "prob": 0.010756867937743664
      },
      {
        "topic_id": 2,
        "prob": 0.008147592656314373
      }
    ],
    [
      {
        "topic_id": 3,
        "prob": 0.8719474673271179
      },
      {
        "topic_id": 5,
        "prob": 0.03801947087049484
      },
      {
        "topic_id": 2,
        "prob": 0.028797155246138573
      }
    ],
    [
      {
        "topic_id": 5,
        "prob": 0.977571427822113
      },
      {
        "topic_id": 2,
        "prob": 0.005512407049536705
      },
      {
        "topic_id": 3,
        "prob": 0.005194270517677069
      }
    ],
    [
      {
        "topic_id": 5,
        "prob": 0.9364877343177795
      },
      {
        "topic_id": 2,
        "prob": 0.01560980174690485
      },
      {
        "topic_id": 3,
        "prob": 0.014708916656672955
      }
    ],
    [
      {
        "topic_id": 5,
        "prob": 0.9564369320869446
      },
      {
        "topic_id": 2,
        "prob": 0.010706756263971329
      },
      {
        "topic_id": 3,
        "prob": 0.010088838636875153
      }
    ],
    [
      {
        "topic_id": 2,
        "prob": 0.6389076113700867
      },
      {
        "topic_id": 5,
        "prob": 0.32823604345321655
      },
      {
        "topic_id": 3,
        "prob": 0.010088838636875153
      }
    ],
    [
      {
        "topic_id": 5,
        "prob": 0.9364877343177795
      },
      {
        "topic_id": 2,
        "prob": 0.01560980174690485
      },
      {
        "topic_id": 3,
        "prob": 0.014708916656672955
      }
    ],
    [
      {
        "topic_id": 5,
        "prob": 0.6541402339935303
      },
      {
        "topic_id": 1,
        "prob": 0.3284403383731842
      },
      {
        "topic_id": 2,
        "prob": 0.005512407049536705
      }
    ],
    [
      {
        "topic_id": 5,
        "prob": 0.5874195098876953
      },
      {
        "topic_id": 0,
        "prob": 0.3916129171848297
      },
      {
        "topic_id": 2,
        "prob": 0.0065758200362324715
      }
    ],
    [
      {
        "topic_id": 0,
        "prob": 0.9296179413795471
      },
      {
        "topic_id": 5,
        "prob": 0.02060885541141033
      },
      {
        "topic_id": 2,
        "prob": 0.01560980174690485
      }
    ],
    [
      {
        "topic_id": 1,
        "prob": 0.9300634860992432
      },
      {
        "topic_id": 5,
        "prob": 0.02060885541141033
      },
      {
        "topic_id": 2,
        "prob": 0.01560980174690485
      }
    ],
    [
      {
        "topic_id": 3,
        "prob": 0.8719474673271179
      },
      {
        "topic_id": 5,
        "prob": 0.03801947087049484
      },
      {
        "topic_id": 2,
        "prob": 0.028797155246138573
      }
    ],
    [
      {
        "topic_id": 5,
        "prob": 0.24499036371707916
      },
      {
        "topic_id": 2,
        "prob": 0.18556348979473114
      },
      {
        "topic_id": 3,
        "prob": 0.1748540997505188
      }
    ],
    [
      {
        "topic_id": 1,
        "prob": 0.9300634860992432
      },
      {
        "topic_id": 5,
        "prob": 0.02060885541141033
      },
      {
        "topic_id": 2,
        "prob": 0.01560980174690485
      }
    ],
    [
      {
        "topic_id": 2,
        "prob": 0.964240312576294
      },
      {
        "topic_id": 5,
        "prob": 0.010756867937743664
      },
      {
        "topic_id": 3,
        "prob": 0.007677372545003891
      }
    ],
    [
      {
        "topic_id": 2,
        "prob": 0.7007657289505005
      },
      {
        "topic_id": 5,
        "prob": 0.28467291593551636
      },
      {
        "topic_id": 3,
        "prob": 0.004471206571906805
      }
    ],
    [
      {
        "topic_id": 0,
        "prob": 0.8701581954956055
      },
      {
        "topic_id": 5,
        "prob": 0.03801947087049484
      },
      {
        "topic_id": 2,
        "prob": 0.028797155246138573
      }
    ],
    [
      {
        "topic_id": 3,
        "prob": 0.8719474673271179
      },
      {
        "topic_id": 5,
        "prob": 0.03801947087049484
      },
      {
        "topic_id": 2,
        "prob": 0.028797155246138573
      }
    ],
    [
      {
        "topic_id": 1,
        "prob": 0.9813384413719177
      },
      {
        "topic_id": 5,
        "prob": 0.005499160382896662
      },
      {
        "topic_id": 2,
        "prob": 0.004165238700807095
      }
    ],
    [
      {
        "topic_id": 5,
        "prob": 0.9364877343177795
      },
      {
        "topic_id": 2,
        "prob": 0.01560980174690485
      },
      {
        "topic_id": 3,
        "prob": 0.014708916656672955
      }
    ],
    [
      {
        "topic_id": 1,
        "prob": 0.8709802627563477
      },
      {
        "topic_id": 5,
        "prob": 0.03801947087049484
      },
      {
        "topic_id": 2,
        "prob": 0.028797155246138573
      }
    ],
    [
      {
        "topic_id": 2,
        "prob": 0.7007657289505005
      },
      {
        "topic_id": 5,
        "prob": 0.28467291593551636
      },
      {
        "topic_id": 3,
        "prob": 0.004471206571906805
      }
    ],
    [
      {
        "topic_id": 1,
        "prob": 0.9753028154373169
      },
      {
        "topic_id": 5,
        "prob": 0.0072777606546878815
      },
      {
        "topic_id": 2,
        "prob": 0.005512407049536705
      }
    ],
    [
      {
        "topic_id": 0,
        "prob": 0.4716784358024597
      },
      {
        "topic_id": 4,
        "prob": 0.4632093608379364
      },
      {
        "topic_id": 5,
        "prob": 0.02060885541141033
      }
    ],
    [
      {
        "topic_id": 3,
        "prob": 0.7778466939926147
      },
      {
        "topic_id": 1,
        "prob": 0.19888803362846375
      },
      {
        "topic_id": 5,
        "prob": 0.00868173222988844
      }
    ],
    [
      {
        "topic_id": 3,
        "prob": 0.9637700319290161
      },
      {
        "topic_id": 5,
        "prob": 0.010756867937743664
      },
      {
        "topic_id": 2,
        "prob": 0.008147592656314373
      }
    ],
    [
      {
        "topic_id": 1,
        "prob": 0.9787407517433167
      },
      {
        "topic_id": 5,
        "prob": 0.006264666561037302
      },
      {
        "topic_id": 2,
        "prob": 0.004745057318359613
      }
    ],
    [
      {
        "topic_id": 1,
        "prob": 0.4721240699291229
      },
      {
        "topic_id": 0,
        "prob": 0.4716784358024597
      },
      {
        "topic_id": 5,
        "prob": 0.02060885541141033
      }
    ],
    [
      {
        "topic_id": 1,
        "prob": 0.9813384413719177
      },
      {
        "topic_id": 5,
        "prob": 0.005499160382896662
      },
      {
        "topic_id": 2,
        "prob": 0.004165238700807095
      }
    ],
    [
      {
        "topic_id": 2,
        "prob": 0.8736094832420349
      },
      {
        "topic_id": 5,
        "prob": 0.03801947087049484
      },
      {
        "topic_id": 3,
        "prob": 0.02713518962264061
      }
    ],
    [
      {
        "topic_id": 5,
        "prob": 0.4888032078742981
      },
      {
        "topic_id": 0,
        "prob": 0.48521748185157776
      },
      {
        "topic_id": 2,
        "prob": 0.008147592656314373
      }
    ],
    [
      {
        "topic_id": 5,
        "prob": 0.7278263568878174
      },
      {
        "topic_id": 2,
        "prob": 0.24717076122760773
      },
      {
        "topic_id": 3,
        "prob": 0.007677372545003891
      }
    ],
    [
      {
        "topic_id": 3,
        "prob": 0.8719474673271179
      },
      {
        "topic_id": 5,
        "prob": 0.03801947087049484
      },
      {
        "topic_id": 2,
        "prob": 0.028797155246138573
      }
    ],
    [
      {
        "topic_id": 1,
        "prob": 0.8135871887207031
      },
      {
        "topic_id": 5,
        "prob": 0.16899336874485016
      },
      {
        "topic_id": 2,
        "prob": 0.005512407049536705
      }
    ],
    [
      {
        "topic_id": 3,
        "prob": 0.5849340558052063
      },
      {
        "topic_id": 1,
        "prob": 0.3918006122112274
      },
      {
        "topic_id": 5,
        "prob": 0.00868173222988844
      }
    ],
    [
      {
        "topic_id": 5,
        "prob": 0.977571427822113
      },
      {
        "topic_id": 2,
        "prob": 0.005512407049536705
      },
      {
        "topic_id": 3,
        "prob": 0.005194270517677069
      }
    ],
    [
      {
        "topic_id": 5,
        "prob": 0.9668495655059814
      },
      {
        "topic_id": 2,
        "prob": 0.008147592656314373
      },
      {
        "topic_id": 3,
        "prob": 0.007677372545003891
      }
    ],
    [
      {
        "topic_id": 3,
        "prob": 0.9305877685546875
      },
      {
        "topic_id": 5,
        "prob": 0.02060885541141033
      },
      {
        "topic_id": 2,
        "prob": 0.01560980174690485
      }
    ],
    [
      {
        "topic_id": 1,
        "prob": 0.9634963870048523
      },
      {
        "topic_id": 5,
        "prob": 0.010756867937743664
      },
      {
        "topic_id": 2,
        "prob": 0.008147592656314373
      }
    ],
    [
      {
        "topic_id": 1,
        "prob": 0.9300634860992432
      },
      {
        "topic_id": 5,
        "prob": 0.02060885541141033
      },
      {
        "topic_id": 2,
        "prob": 0.01560980174690485
      }
    ],
    [
      {
        "topic_id": 0,
        "prob": 0.8701581954956055
      },
      {
        "topic_id": 5,
        "prob": 0.03801947087049484
      },
      {
        "topic_id": 2,
        "prob": 0.028797155246138573
      }
    ],
    [
      {
        "topic_id": 2,
        "prob": 0.8736094832420349
      },
      {
        "topic_id": 5,
        "prob": 0.03801947087049484
      },
      {
        "topic_id": 3,
        "prob": 0.02713518962264061
      }
    ],
    [
      {
        "topic_id": 5,
        "prob": 0.24499036371707916
      },
      {
        "topic_id": 2,
        "prob": 0.18556348979473114
      },
      {
        "topic_id": 3,
        "prob": 0.1748540997505188
      }
    ],
    [
      {
        "topic_id": 5,
        "prob": 0.24499036371707916
      },
      {
        "topic_id": 2,
        "prob": 0.18556348979473114
      },
      {
        "topic_id": 3,
        "prob": 0.1748540997505188
      }
    ],
    [
      {
        "topic_id": 5,
        "prob": 0.4785482883453369
      },
      {
        "topic_id": 2,
        "prob": 0.4735492467880249
      },
      {
        "topic_id": 3,
        "prob": 0.014708916656672955
      }
    ],
    [
      {
        "topic_id": 3,
        "prob": 0.9637700319290161
      },
      {
        "topic_id": 5,
        "prob": 0.010756867937743664
      },
      {
        "topic_id": 2,
        "prob": 0.008147592656314373
      }
    ],
    [
      {
        "topic_id": 2,
        "prob": 0.8736094832420349
      },
      {
        "topic_id": 5,
        "prob": 0.03801947087049484
      },
      {
        "topic_id": 3,
        "prob": 0.02713518962264061
      }
    ],
    [
      {
        "topic_id": 3,
        "prob": 0.9707592725753784
      },
      {
        "topic_id": 5,
        "prob": 0.00868173222988844
      },
      {
        "topic_id": 2,
        "prob": 0.0065758200362324715
      }
    ],
    [
      {
        "topic_id": 4,
        "prob": 0.9789597392082214
      },
      {
        "topic_id": 5,
        "prob": 0.005499160382896662
      },
      {
        "topic_id": 2,
        "prob": 0.004165238700807095
      }
    ],
    [
      {
        "topic_id": 4,
        "prob": 0.6318155527114868
      },
      {
        "topic_id": 3,
        "prob": 0.32418927550315857
      },
      {
        "topic_id": 5,
        "prob": 0.014135604724287987
      }
    ],
    [
      {
        "topic_id": 5,
        "prob": 0.5630812048912048
      },
      {
        "topic_id": 1,
        "prob": 0.4219242334365845
      },
      {
        "topic_id": 2,
        "prob": 0.004745057318359613
      }
    ],
    [
      {
        "topic_id": 5,
        "prob": 0.8828317523002625
      },
      {
        "topic_id": 2,
        "prob": 0.028797155246138573
      },
      {
        "topic_id": 3,
        "prob": 0.02713518962264061
      }
    ],
    [
      {
        "topic_id": 3,
        "prob": 0.9637700319290161
      },
      {
        "topic_id": 5,
        "prob": 0.010756867937743664
      },
      {
        "topic_id": 2,
        "prob": 0.008147592656314373
      }
    ],
    [
      {
        "topic_id": 0,
        "prob": 0.9703506231307983
      },
      {
        "topic_id": 5,
        "prob": 0.00868173222988844
      },
      {
        "topic_id": 2,
        "prob": 0.0065758200362324715
      }
    ],
    [
      {
        "topic_id": 5,
        "prob": 0.6423364877700806
      },
      {
        "topic_id": 1,
        "prob": 0.32382968068122864
      },
      {
        "topic_id": 2,
        "prob": 0.010706756263971329
      }
    ],
    [
      {
        "topic_id": 5,
        "prob": 0.9732446670532227
      },
      {
        "topic_id": 2,
        "prob": 0.0065758200362324715
      },
      {
        "topic_id": 3,
        "prob": 0.006196310743689537
      }
    ],
    [
      {
        "topic_id": 3,
        "prob": 0.8719474673271179
      },
      {
        "topic_id": 5,
        "prob": 0.03801947087049484
      },
      {
        "topic_id": 2,
        "prob": 0.028797155246138573
      }
    ],
    [
      {
        "topic_id": 5,
        "prob": 0.24499036371707916
      },
      {
        "topic_id": 2,
        "prob": 0.18556348979473114
      },
      {
        "topic_id": 3,
        "prob": 0.1748540997505188
      }
    ],
    [
      {
        "topic_id": 5,
        "prob": 0.9364877343177795
      },
      {
        "topic_id": 2,
        "prob": 0.01560980174690485
      },
      {
        "topic_id": 3,
        "prob": 0.014708916656672955
      }
    ],
    [
      {
        "topic_id": 3,
        "prob": 0.7778466939926147
      },
      {
        "topic_id": 5,
        "prob": 0.20159432291984558
      },
      {
        "topic_id": 2,
        "prob": 0.0065758200362324715
      }
    ],
    [
      {
        "topic_id": 0,
        "prob": 0.9296179413795471
      },
      {
        "topic_id": 5,
        "prob": 0.02060885541141033
      },
      {
        "topic_id": 2,
        "prob": 0.01560980174690485
      }
    ],
    [
      {
        "topic_id": 0,
        "prob": 0.9517249464988708
      },
      {
        "topic_id": 5,
        "prob": 0.014135604724287987
      },
      {
        "topic_id": 2,
        "prob": 0.010706756263971329
      }
    ],
    [
      {
        "topic_id": 5,
        "prob": 0.9364877343177795
      },
      {
        "topic_id": 2,
        "prob": 0.01560980174690485
      },
      {
        "topic_id": 3,
        "prob": 0.014708916656672955
      }
    ],
    [
      {
        "topic_id": 5,
        "prob": 0.4785482883453369
      },
      {
        "topic_id": 2,
        "prob": 0.4735492467880249
      },
      {
        "topic_id": 3,
        "prob": 0.014708916656672955
      }
    ],
    [
      {
        "topic_id": 5,
        "prob": 0.9668495655059814
      },
      {
        "topic_id": 2,
        "prob": 0.008147592656314373
      },
      {
        "topic_id": 3,
        "prob": 0.007677372545003891
      }
    ],
    [
      {
        "topic_id": 5,
        "prob": 0.9668495655059814
      },
      {
        "topic_id": 2,
        "prob": 0.008147592656314373
      },
      {
        "topic_id": 3,
        "prob": 0.007677372545003891
      }
    ],
    [
      {
        "topic_id": 1,
        "prob": 0.952030599117279
      },
      {
        "topic_id": 5,
        "prob": 0.014135604724287987
      },
      {
        "topic_id": 2,
        "prob": 0.010706756263971329
      }
    ],
    [
      {
        "topic_id": 4,
        "prob": 0.9760308861732483
      },
      {
        "topic_id": 5,
        "prob": 0.006264666561037302
      },
      {
        "topic_id": 2,
        "prob": 0.004745057318359613
      }
    ],
    [
      {
        "topic_id": 2,
        "prob": 0.9817188382148743
      },
      {
        "topic_id": 5,
        "prob": 0.005499160382896662
      },
      {
        "topic_id": 3,
        "prob": 0.003924851305782795
      }
    ],
    [
      {
        "topic_id": 4,
        "prob": 0.9459160566329956
      },
      {
        "topic_id": 5,
        "prob": 0.014135604724287987
      },
      {
        "topic_id": 2,
        "prob": 0.010706756263971329
      }
    ],
    [
      {
        "topic_id": 3,
        "prob": 0.952390193939209
      },
      {
        "topic_id": 5,
        "prob": 0.014135604724287987
      },
      {
        "topic_id": 2,
        "prob": 0.010706756263971329
      }
    ],
    [
      {
        "topic_id": 0,
        "prob": 0.9296179413795471
      },
      {
        "topic_id": 5,
        "prob": 0.02060885541141033
      },
      {
        "topic_id": 2,
        "prob": 0.01560980174690485
      }
    ],
    [
      {
        "topic_id": 5,
        "prob": 0.24499036371707916
      },
      {
        "topic_id": 2,
        "prob": 0.18556348979473114
      },
      {
        "topic_id": 3,
        "prob": 0.1748540997505188
      }
    ],
    [
      {
        "topic_id": 2,
        "prob": 0.8736094832420349
      },
      {
        "topic_id": 5,
        "prob": 0.03801947087049484
      },
      {
        "topic_id": 3,
        "prob": 0.02713518962264061
      }
    ],
    [
      {
        "topic_id": 4,
        "prob": 0.9760308861732483
      },
      {
        "topic_id": 5,
        "prob": 0.006264666561037302
      },
      {
        "topic_id": 2,
        "prob": 0.004745057318359613
      }
    ],
    [
      {
        "topic_id": 1,
        "prob": 0.9705383777618408
      },
      {
        "topic_id": 5,
        "prob": 0.00868173222988844
      },
      {
        "topic_id": 2,
        "prob": 0.0065758200362324715
      }
    ],
    [
      {
        "topic_id": 1,
        "prob": 0.9753028154373169
      },
      {
        "topic_id": 5,
        "prob": 0.0072777606546878815
      },
      {
        "topic_id": 2,
        "prob": 0.005512407049536705
      }
    ],
    [
      {
        "topic_id": 0,
        "prob": 0.48999860882759094
      },
      {
        "topic_id": 2,
        "prob": 0.3289436101913452
      },
      {
        "topic_id": 3,
        "prob": 0.16690987348556519
      }
    ],
    [
      {
        "topic_id": 5,
        "prob": 0.9732446670532227
      },
      {
        "topic_id": 2,
        "prob": 0.0065758200362324715
      },
      {
        "topic_id": 3,
        "prob": 0.006196310743689537
      }
    ],
    [
      {
        "topic_id": 5,
        "prob": 0.24499036371707916
      },
      {
        "topic_id": 2,
        "prob": 0.18556348979473114
      },
      {
        "topic_id": 3,
        "prob": 0.1748540997505188
      }
    ],
    [
      {
        "topic_id": 1,
        "prob": 0.8709802627563477
      },
      {
        "topic_id": 5,
        "prob": 0.03801947087049484
      },
      {
        "topic_id": 2,
        "prob": 0.028797155246138573
      }
    ],
    [
      {
        "topic_id": 3,
        "prob": 0.9754879474639893
      },
      {
        "topic_id": 5,
        "prob": 0.0072777606546878815
      },
      {
        "topic_id": 2,
        "prob": 0.005512407049536705
      }
    ],
    [
      {
        "topic_id": 3,
        "prob": 0.8719474673271179
      },
      {
        "topic_id": 5,
        "prob": 0.03801947087049484
      },
      {
        "topic_id": 2,
        "prob": 0.028797155246138573
      }
    ],
    [
      {
        "topic_id": 5,
        "prob": 0.9806935787200928
      },
      {
        "topic_id": 2,
        "prob": 0.004745057318359613
      },
      {
        "topic_id": 3,
        "prob": 0.004471206571906805
      }
    ],
    [
      {
        "topic_id": 3,
        "prob": 0.978900134563446
      },
      {
        "topic_id": 5,
        "prob": 0.006264666561037302
      },
      {
        "topic_id": 2,
        "prob": 0.004745057318359613
      }
    ],
    [
      {
        "topic_id": 3,
        "prob": 0.952390193939209
      },
      {
        "topic_id": 5,
        "prob": 0.014135604724287987
      },
      {
        "topic_id": 2,
        "prob": 0.010706756263971329
      }
    ],
    [
      {
        "topic_id": 0,
        "prob": 0.9517249464988708
      },
      {
        "topic_id": 5,
        "prob": 0.014135604724287987
      },
      {
        "topic_id": 2,
        "prob": 0.010706756263971329
      }
    ],
    [
      {
        "topic_id": 0,
        "prob": 0.963263750076294
      },
      {
        "topic_id": 5,
        "prob": 0.010756867937743664
      },
      {
        "topic_id": 2,
        "prob": 0.008147592656314373
      }
    ],
    [
      {
        "topic_id": 2,
        "prob": 0.5853135585784912
      },
      {
        "topic_id": 5,
        "prob": 0.39450690150260925
      },
      {
        "topic_id": 3,
        "prob": 0.006196310743689537
      }
    ],
    [
      {
        "topic_id": 2,
        "prob": 0.9711387753486633
      },
      {
        "topic_id": 5,
        "prob": 0.00868173222988844
      },
      {
        "topic_id": 3,
        "prob": 0.006196310743689537
      }
    ],
    [
      {
        "topic_id": 0,
        "prob": 0.9703506231307983
      },
      {
        "topic_id": 5,
        "prob": 0.00868173222988844
      },
      {
        "topic_id": 2,
        "prob": 0.0065758200362324715
      }
    ],
    [
      {
        "topic_id": 2,
        "prob": 0.9314886331558228
      },
      {
        "topic_id": 5,
        "prob": 0.02060885541141033
      },
      {
        "topic_id": 3,
        "prob": 0.014708916656672955
      }
    ],
    [
      {
        "topic_id": 2,
        "prob": 0.9711387753486633
      },
      {
        "topic_id": 5,
        "prob": 0.00868173222988844
      },
      {
        "topic_id": 3,
        "prob": 0.006196310743689537
      }
    ],
    [
      {
        "topic_id": 5,
        "prob": 0.24499036371707916
      },
      {
        "topic_id": 2,
        "prob": 0.18556348979473114
      },
      {
        "topic_id": 3,
        "prob": 0.1748540997505188
      }
    ],
    [
      {
        "topic_id": 0,
        "prob": 0.9517249464988708
      },
      {
        "topic_id": 5,
        "prob": 0.014135604724287987
      },
      {
        "topic_id": 2,
        "prob": 0.010706756263971329
      }
    ],
    [
      {
        "topic_id": 0,
        "prob": 0.9296179413795471
      },
      {
        "topic_id": 5,
        "prob": 0.02060885541141033
      },
      {
        "topic_id": 2,
        "prob": 0.01560980174690485
      }
    ],
    [
      {
        "topic_id": 5,
        "prob": 0.24499036371707916
      },
      {
        "topic_id": 2,
        "prob": 0.18556348979473114
      },
      {
        "topic_id": 3,
        "prob": 0.1748540997505188
      }
    ],
    [
      {
        "topic_id": 1,
        "prob": 0.6518715620040894
      },
      {
        "topic_id": 5,
        "prob": 0.33070898056030273
      },
      {
        "topic_id": 2,
        "prob": 0.005512407049536705
      }
    ],
    [
      {
        "topic_id": 1,
        "prob": 0.9787407517433167
      },
      {
        "topic_id": 5,
        "prob": 0.006264666561037302
      },
      {
        "topic_id": 2,
        "prob": 0.004745057318359613
      }
    ],
    [
      {
        "topic_id": 1,
        "prob": 0.9787407517433167
      },
      {
        "topic_id": 5,
        "prob": 0.006264666561037302
      },
      {
        "topic_id": 2,
        "prob": 0.004745057318359613
      }
    ],
    [
      {
        "topic_id": 3,
        "prob": 0.952390193939209
      },
      {
        "topic_id": 5,
        "prob": 0.014135604724287987
      },
      {
        "topic_id": 2,
        "prob": 0.010706756263971329
      }
    ],
    [
      {
        "topic_id": 2,
        "prob": 0.9314886331558228
      },
      {
        "topic_id": 5,
        "prob": 0.02060885541141033
      },
      {
        "topic_id": 3,
        "prob": 0.014708916656672955
      }
    ],
    [
      {
        "topic_id": 5,
        "prob": 0.24499036371707916
      },
      {
        "topic_id": 2,
        "prob": 0.18556348979473114
      },
      {
        "topic_id": 3,
        "prob": 0.1748540997505188
      }
    ],
    [
      {
        "topic_id": 2,
        "prob": 0.9314886331558228
      },
      {
        "topic_id": 5,
        "prob": 0.02060885541141033
      },
      {
        "topic_id": 3,
        "prob": 0.014708916656672955
      }
    ],
    [
      {
        "topic_id": 1,
        "prob": 0.637930154800415
      },
      {
        "topic_id": 0,
        "prob": 0.32352402806282043
      },
      {
        "topic_id": 5,
        "prob": 0.014135604724287987
      }
    ],
    [
      {
        "topic_id": 1,
        "prob": 0.8709802627563477
      },
      {
        "topic_id": 5,
        "prob": 0.03801947087049484
      },
      {
        "topic_id": 2,
        "prob": 0.028797155246138573
      }
    ],
    [
      {
        "topic_id": 3,
        "prob": 0.952390193939209
      },
      {
        "topic_id": 5,
        "prob": 0.014135604724287987
      },
      {
        "topic_id": 2,
        "prob": 0.010706756263971329
      }
    ],
    [
      {
        "topic_id": 4,
        "prob": 0.8951878547668457
      },
      {
        "topic_id": 0,
        "prob": 0.09209851920604706
      },
      {
        "topic_id": 5,
        "prob": 0.0040240236558020115
      }
    ],
    [
      {
        "topic_id": 3,
        "prob": 0.7247468829154968
      },
      {
        "topic_id": 5,
        "prob": 0.24978002905845642
      },
      {
        "topic_id": 2,
        "prob": 0.008147592656314373
      }
    ]
  ]
}