{
  "summary": "1. **핵심 맥락:**  제공된 데이터는 AI 기술, 반도체 산업, 그리고 대기업들의 사업 전략 및 관련 이슈들을 다루고 있습니다.  AI 기술의 시장 확대와 관련된 공정성 문제, 삼성과 LG를 비롯한 대기업들의 AI 및 반도체 사업 전략, 그리고 넷마블 등 게임업계의 동향까지 다양한 측면을 보여줍니다.  이는 한국 경제의 주요 성장 동력과 관련된 이슈들을 포괄적으로 반영하고 있습니다.\n\n2. **최근 변화/스파이크:** 2025년 9월 초에 기사 수가 급증하는 스파이크 현상이 나타났습니다. 이는 특정 시점에 발생한 중요한 뉴스 사건 또는 이슈가 언론의 집중적인 보도를 유발했음을 시사합니다.  이는 특정 기업의 발표, 정부 정책 발표, 또는 사회적 이슈 등에 기인할 가능성이 높습니다.\n\n3. **실무 인사이트:**\n    * **AI 및 반도체 산업 동향 모니터링 강화:**  주요 기업들의 AI 및 반도체 관련 사업 전략, 투자 계획, 기술 개발 동향 등을 지속적으로 모니터링하여 시장 변화에 대한 빠른 대응 체계를 구축해야 합니다.  특히, AI 공정성 문제와 관련된 사회적 논의를 면밀히 주시해야 합니다.\n    * **2025년 9월 초 뉴스 이벤트 분석:** 2025년 9월 초 기사 급증의 원인을 분석하여 관련 이슈에 대한 심층적인 이해를 바탕으로  마케팅 전략, 투자 전략 등을 재검토하고 필요한 조정을 실시해야 합니다.  관련 뉴스 기사를 정밀 분석하여 원인을 파악하고 향후 전략에 반영해야 합니다.\n    * **대기업 사업 전략 및 경쟁 환경 분석:** 삼성, LG, 넷마블 등 주요 기업들의 사업 전략과 경쟁 환경을 분석하여  자사의 경쟁력 강화 방안을 모색해야 합니다.  특히, AI 기술을 활용한 새로운 사업 기회를 발굴하고,  시장 경쟁력을 확보하기 위한 전략을 수립해야 합니다.\n따라서,  최적의 결과를 얻으려면 사용자의 특정 요구사항과 상황에 맞는 솔루션을 신중하게 선택하는 것이 중요합니다.  이는 단순히 기능 비교를 넘어, 장기적인 유지보수 및 확장성까지 고려해야 함을 의미합니다.  결국,  최고의 기술은 사용자의 목표 달성에 가장 효과적으로 기여하는 기술입니다.  최종적으로,  사용자의 성공이 바로 최고의 솔루션을 선택하는 기준이 되어야 합니다.",
  "top_topics": [
    {
      "topic_id": 0,
      "top_words": [
        {
          "word": "ai",
          "prob": 0.05604703351855278
        },
        {
          "word": "시장",
          "prob": 0.0392497181892395
        },
        {
          "word": "공정",
          "prob": 0.03365061432123184
        },
        {
          "word": "삼성",
          "prob": 0.03365061432123184
        },
        {
          "word": "lh",
          "prob": 0.02805151231586933
        },
        {
          "word": "강화",
          "prob": 0.02805151231586933
        },
        {
          "word": "관련주",
          "prob": 0.02805151231586933
        },
        {
          "word": "예방",
          "prob": 0.02245240844786167
        }
      ]
    },
    {
      "topic_id": 1,
      "top_words": [
        {
          "word": "the",
          "prob": 0.05364415794610977
        },
        {
          "word": "2025",
          "prob": 0.04292604327201843
        },
        {
          "word": "and",
          "prob": 0.03756698966026306
        },
        {
          "word": "to",
          "prob": 0.03220793232321739
        },
        {
          "word": "반도체",
          "prob": 0.03220793232321739
        },
        {
          "word": "미래",
          "prob": 0.026848874986171722
        },
        {
          "word": "인천시",
          "prob": 0.026848874986171722
        },
        {
          "word": "모집",
          "prob": 0.026848874986171722
        }
      ]
    },
    {
      "topic_id": 2,
      "top_words": [
        {
          "word": "ai",
          "prob": 0.03443025425076485
        },
        {
          "word": "삼성",
          "prob": 0.02951866388320923
        },
        {
          "word": "출시",
          "prob": 0.02951866388320923
        },
        {
          "word": "세계",
          "prob": 0.02951866388320923
        },
        {
          "word": "기아",
          "prob": 0.02460707351565361
        },
        {
          "word": "유죄",
          "prob": 0.02460707351565361
        },
        {
          "word": "국내",
          "prob": 0.02460707351565361
        },
        {
          "word": "epd",
          "prob": 0.019695481285452843
        }
      ]
    },
    {
      "topic_id": 3,
      "top_words": [
        {
          "word": "lg",
          "prob": 0.050402820110321045
        },
        {
          "word": "선정",
          "prob": 0.050402820110321045
        },
        {
          "word": "과제",
          "prob": 0.035297080874443054
        },
        {
          "word": "연기",
          "prob": 0.03026183322072029
        },
        {
          "word": "브리프",
          "prob": 0.03026183322072029
        },
        {
          "word": "아폴론",
          "prob": 0.025226585566997528
        },
        {
          "word": "애플",
          "prob": 0.025226585566997528
        },
        {
          "word": "ai",
          "prob": 0.025226585566997528
        }
      ]
    },
    {
      "topic_id": 4,
      "top_words": [
        {
          "word": "넷마블",
          "prob": 0.057648029178380966
        },
        {
          "word": "뱀피르",
          "prob": 0.049424342811107635
        },
        {
          "word": "비전",
          "prob": 0.0412006601691246
        },
        {
          "word": "블리스",
          "prob": 0.03297697752714157
        },
        {
          "word": "청호나이스",
          "prob": 0.03297697752714157
        },
        {
          "word": "빌트인",
          "prob": 0.03297697752714157
        },
        {
          "word": "정수기",
          "prob": 0.03297697752714157
        },
        {
          "word": "선정",
          "prob": 0.03297697752714157
        }
      ]
    }
  ],
  "evidence": {
    "timeseries": [
      {
        "date": "2025-07-31",
        "count": 1
      },
      {
        "date": "2025-08-11",
        "count": 2
      },
      {
        "date": "2025-08-15",
        "count": 1
      },
      {
        "date": "2025-08-16",
        "count": 2
      },
      {
        "date": "2025-08-25",
        "count": 4
      },
      {
        "date": "2025-08-26",
        "count": 7
      },
      {
        "date": "2025-08-27",
        "count": 5
      },
      {
        "date": "2025-08-28",
        "count": 2
      },
      {
        "date": "2025-08-29",
        "count": 6
      },
      {
        "date": "2025-08-30",
        "count": 1
      },
      {
        "date": "2025-08-31",
        "count": 5
      },
      {
        "date": "2025-09-01",
        "count": 19
      },
      {
        "date": "2025-09-02",
        "count": 24
      },
      {
        "date": "2025-09-03",
        "count": 249
      }
    ]
  }
}