{
  "ideas": [
    {
      "idea": "IFA 2025 AI 기술 경쟁 분석 및 예측 서비스",
      "problem": "국내외 기업의 AI 기술 경쟁 심화로 인해 시장 예측의 어려움과 효과적인 전략 수립의 부재가 존재합니다. 특히, IFA 2025와 같은 주요 행사에서의 기술 발표 및 시장 반응 예측은 매우 중요하지만, 현재로서는 정확한 정보 수집 및 분석에 어려움이 있습니다.  이로 인해 기업들은 시장 기회를 놓치거나 잘못된 전략으로 인해 손실을 볼 위험이 있습니다.",
      "target_customer": "삼성전자, LG전자 등 대기업 전략기획팀, 투자사, 시장조사기관",
      "value_prop": "IFA 2025를 중심으로 AI 기술 경쟁 동향을 실시간으로 분석하고, 경쟁사 전략 및 시장 트렌드를 예측하는 서비스를 제공합니다.  경쟁사 기술 분석, 시장 반응 예측,  최적 전략 제안 등을 통해 의사결정의 정확성을 높이고, 시장 기회 선점 및 리스크 최소화를 지원합니다.  기존 시장조사 서비스보다 정확하고 신속한 정보 제공을 통해 차별화된 가치를 제공합니다.",
      "solution": [
        "AI 기반 실시간 뉴스 및 데이터 분석",
        "경쟁사 기술 및 전략 분석 보고서 제공",
        "시장 트렌드 예측 및 시나리오 분석",
        "최적 전략 및 투자 제안"
      ],
      "poc_plan": [
        "주요 경쟁사 AI 기술 분석 및 비교 (2주)",
        "IFA 2025 관련 뉴스 및 데이터 수집 시스템 구축 (1주)",
        "예측 모델 개발 및 검증 (2주)",
        "시범 서비스 제공 및 피드백 수집 (1주)"
      ],
      "risks": [
        "데이터 부족 및 신뢰성 문제",
        "예측 모델의 정확도 한계",
        "경쟁 서비스 출현"
      ],
      "roadmap_3m": [
        "데이터 수집 및 분석 시스템 구축 (1개월)",
        "예측 모델 개발 및 고도화 (1개월)",
        "시범 서비스 출시 및 고객 확보 (1개월)"
      ],
      "metrics": [
        "데이터 분석 정확도",
        "예측 정확도",
        "고객 만족도",
        "서비스 이용률",
        "매출액"
      ],
      "priority_score": 3.8
    },
    {
      "idea": "IFA 2025 AI 기술 경쟁 분석 및 예측 플랫폼 서비스",
      "problem": "국내외 기업들은 IFA 2025에서 공개될 AI 기술 경쟁 동향을 정확히 예측하고 대응 전략을 수립하는 데 어려움을 겪고 있습니다.  시장 조사 자료는 부족하고, 경쟁사의 전략을 파악하기 어려워 효율적인 의사결정이 힘듭니다.  특히, AI 기술의 빠른 발전 속도와 시장의 불확실성으로 인해 위험 부담이 커지고 있습니다.",
      "target_customer": "삼성전자, LG전자 등 대기업 AI 전략팀, 국내외 투자사, 시장조사기관",
      "value_prop": "IFA 2025 행사 전후 AI 기술 경쟁 동향을 실시간으로 분석하고 예측하는 플랫폼을 제공합니다.  경쟁사의 기술력, 시장 점유율, 투자 동향 등을 종합적으로 분석하여 시각화된 보고서를 제공하며,  AI 기반 예측 모델을 통해 미래 시장 트렌드를 예측하여 효율적인 전략 수립을 지원합니다.  기존 시장조사 자료보다 정확하고 신속한 정보 제공으로 경쟁 우위를 확보할 수 있도록 돕습니다.",
      "solution": [
        "AI 기반 경쟁 기술 분석 및 예측 기능 제공",
        "실시간 시장 동향 모니터링 및 알림 기능",
        "시각화된 보고서 및 데이터 분석 결과 제공",
        "전문가 컨설팅 및 맞춤형 전략 지원"
      ],
      "poc_plan": [
        "주요 경쟁사 3개사의 AI 기술 분석 및 예측 모델 개발(4주)",
        "플랫폼 UI/UX 디자인 및 개발(3주)",
        "대상 고객 5곳 대상 베타 서비스 제공 및 피드백 수집(3주)",
        "예측 정확도 및 사용자 만족도 측정(2주)",
        "보고서 자동 생성 기능 구현(2주)"
      ],
      "risks": [
        "데이터 수집 및 분석의 어려움",
        "예측 모델의 정확도 저하 가능성",
        "경쟁 플랫폼 출현 가능성",
        "개인정보보호 및 데이터 보안 문제"
      ],
      "roadmap_3m": [
        "1개월차: 플랫폼 개발 및 베타 서비스 시작",
        "2개월차: 사용자 피드백 반영 및 기능 개선",
        "3개월차: 정식 서비스 출시 및 마케팅"
      ],
      "metrics": [
        "플랫폼 사용자 수",
        "보고서 다운로드 수",
        "예측 정확도",
        "고객 만족도",
        "매출액"
      ],
      "priority_score": 3.8
    },
    {
      "idea": "IFA 2025 AI 기술 경쟁 분석 및 예측 플랫폼",
      "problem": "국내외 기업의 AI 기술 경쟁 심화로 시장 예측의 어려움이 증가하고 있으며, 특히 IFA 2025와 같은 주요 행사를 중심으로 한 신속하고 정확한 정보 분석 및 예측 서비스가 부족합니다.  기업들은 시장 동향 파악에 어려움을 겪고 있으며, 이로 인해 효과적인 전략 수립 및 투자 결정에 차질을 빚고 있습니다.",
      "target_customer": "삼성전자, LG전자 등 대기업 전략기획팀, 국내외 투자사, 시장조사기관",
      "value_prop": "IFA 2025를 중심으로 삼성전자와 LG전자의 AI 기술 경쟁 현황을 실시간으로 분석하고, 향후 시장 트렌드를 예측하는 플랫폼입니다.  경쟁사 기술 분석, 시장 점유율 예측,  잠재적 위험 요소 분석 등을 제공하여 의사결정의 효율성을 높입니다.  기존 서비스 대비 정확도 높은 예측 모델과 시각화된 데이터 제공으로 경쟁 우위를 확보합니다.",
      "solution": [
        "실시간 AI 기술 경쟁 분석",
        "IFA 2025 관련 뉴스 및 정보 수집 및 분석",
        "시장 점유율 및 트렌드 예측",
        "경쟁사 전략 분석 및 위험 요소 예측"
      ],
      "poc_plan": [
        "주요 경쟁사 AI 기술 분석 및 데이터 수집(2주)",
        "예측 모델 개발 및 검증(2주)",
        "데이터 시각화 및 플랫폼 구축(2주)",
        "주요 고객 대상 데모 진행 및 피드백 수렴(2주)",
        "최종 보고서 작성 및 결과 발표(2주)"
      ],
      "risks": [
        "데이터 부족 및 신뢰성 문제",
        "예측 모델 정확도 저하",
        "경쟁 플랫폼 출현"
      ],
      "roadmap_3m": [
        "MVP 개발 및 내부 테스트(1개월)",
        "주요 고객 대상 베타 서비스 제공(1개월)",
        "플랫폼 기능 개선 및 서비스 확장(1개월)"
      ],
      "metrics": [
        "플랫폼 사용자 수",
        "예측 정확도",
        "고객 만족도",
        "매출액",
        "계약 건수"
      ],
      "priority_score": 3.5
    }
  ]
}