{
  "stats": {
    "num_docs": 29
  },
  "keywords": [
    {
      "keyword": "디스플레",
      "score": 5.20182206968171
    },
    {
      "keyword": "삼성",
      "score": 4.421850210683347
    },
    {
      "keyword": "경험",
      "score": 3.124214787305795
    },
    {
      "keyword": "최대",
      "score": 2.2511263101875185
    },
    {
      "keyword": "프레스",
      "score": 2.2000873603533697
    },
    {
      "keyword": "아머",
      "score": 2.12257303363507
    },
    {
      "keyword": "선명",
      "score": 2.0002785957652276
    },
    {
      "keyword": "지원",
      "score": 1.9451188720499646
    },
    {
      "keyword": "갤럭시",
      "score": 1.9179517619121902
    },
    {
      "keyword": "혁신",
      "score": 1.913965212186675
    },
    {
      "keyword": "탑재",
      "score": 1.8791083384553708
    },
    {
      "keyword": "인공지능",
      "score": 1.8158977028908385
    },
    {
      "keyword": "플래그십",
      "score": 1.7984526065612734
    },
    {
      "keyword": "개막",
      "score": 1.7815734326059545
    },
    {
      "keyword": "서비스",
      "score": 1.6082919004826937
    },
    {
      "keyword": "야외에서",
      "score": 1.6009776696303173
    },
    {
      "keyword": "일반",
      "score": 1.5917078225384804
    },
    {
      "keyword": "다이나믹",
      "score": 1.4439873096813765
    },
    {
      "keyword": "비전",
      "score": 1.422759504162916
    },
    {
      "keyword": "모의면접",
      "score": 1.4186584787022483
    },
    {
      "keyword": "선사한다",
      "score": 1.4103643631896894
    },
    {
      "keyword": "신제품",
      "score": 1.4059560955379249
    },
    {
      "keyword": "가격",
      "score": 1.4055255071795307
    },
    {
      "keyword": "소개",
      "score": 1.3354651226083352
    },
    {
      "keyword": "확산",
      "score": 1.3330281094393621
    },
    {
      "keyword": "시청",
      "score": 1.2871182333649553
    }
  ]
}