{
  "summary": "1. **핵심 맥락 설명:**  제공된 데이터는 2025년을 중심으로 삼성전자와 LG전자의 AI 기술, 특히 IFA(국제가전박람회) 관련 소식과 차세대 기술(반도체, 기판 등)에 대한 뉴스 기사를 다루고 있습니다.  삼성과 LG의 AI 기술 경쟁과  2025년 시장 선점을 위한 전략, 그리고 관련 스타트업 생태계의 동향이 주요 내용입니다.  이는 한국 주요 기업들의 AI 기술 개발 및 시장 진출 전략, 그리고 글로벌 시장 경쟁 상황을 반영하고 있습니다.\n\n\n2. **최근 변화/스파이크:** 2025년 9월 초에 뉴스 기사 수가 급증하는 현상(스파이크)을 보입니다.  이는 특정 시점에 삼성전자 또는 LG전자의 AI 관련 주요 발표나 IFA 2025 행사 개최 등의 이벤트가 있었음을 시사합니다.\n\n\n3. **실무 인사이트:**\n\n* **IFA 2025 관련 정보 수집 및 분석 강화:**  9월 초 기사 급증을 고려하여 IFA 2025 행사 전후로 삼성전자와 LG전자의 AI 관련 발표 내용, 시장 반응, 경쟁사 동향 등을 면밀히 분석하여 시장 변화에 대한 빠른 대응 전략을 수립해야 합니다.  특히, 경쟁사의 전략과 기술 수준을 정확히 파악하는 것이 중요합니다.\n* **AI 기술 트렌드 모니터링 및 예측:**  데이터 상 AI 기술 관련 뉴스가 지속적으로 증가하는 추세를 감안하여, AI 기술의 발전 방향 및 시장 수요 변화를 지속적으로 모니터링하고 미래를 예측하는 시스템을 구축해야 합니다.  특히, 차세대 반도체 및 기판 기술과의 연관성에 대한 분석이 필요합니다.\n* **관련 스타트업 및 기업과의 협력 강화:**  AI 기술 경쟁력 강화를 위해 관련 스타트업 및 기업들과의 협력을 적극적으로 추진해야 합니다.  기술 제휴, 공동 연구 개발, 투자 등 다양한 협력 방안을 모색하고,  국내외 시장 진출을 위한 전략적 파트너십을 구축해야 합니다.",
  "top_topics": [
    {
      "topic_id": 0,
      "top_words": [
        {
          "word": "ai",
          "prob": 0.08210892975330353
        },
        {
          "word": "차세대",
          "prob": 0.03687446564435959
        },
        {
          "word": "기술",
          "prob": 0.03687446564435959
        },
        {
          "word": "삼성전기",
          "prob": 0.030173063278198242
        },
        {
          "word": "2025",
          "prob": 0.028497712686657906
        },
        {
          "word": "기판",
          "prob": 0.023471660912036896
        },
        {
          "word": "lg이노텍",
          "prob": 0.02179631032049656
        },
        {
          "word": "반도체",
          "prob": 0.02179631032049656
        }
      ]
    },
    {
      "topic_id": 1,
      "top_words": [
        {
          "word": "ai",
          "prob": 0.05706516280770302
        },
        {
          "word": "ifa",
          "prob": 0.03614824265241623
        },
        {
          "word": "to",
          "prob": 0.030443629249930382
        },
        {
          "word": "the",
          "prob": 0.028542090207338333
        },
        {
          "word": "삼성전자",
          "prob": 0.024739013984799385
        },
        {
          "word": "확산",
          "prob": 0.022837474942207336
        },
        {
          "word": "and",
          "prob": 0.020935937762260437
        },
        {
          "word": "2025",
          "prob": 0.01903439871966839
        }
      ]
    },
    {
      "topic_id": 2,
      "top_words": [
        {
          "word": "공개",
          "prob": 0.05827897787094116
        },
        {
          "word": "삼성전자",
          "prob": 0.05666056647896767
        },
        {
          "word": "ai",
          "prob": 0.053423743695020676
        },
        {
          "word": "갤럭시",
          "prob": 0.04047646000981331
        },
        {
          "word": "ifa",
          "prob": 0.030765993520617485
        },
        {
          "word": "lg전자",
          "prob": 0.022673938423395157
        },
        {
          "word": "2025",
          "prob": 0.02105552703142166
        },
        {
          "word": "삼성",
          "prob": 0.02105552703142166
        }
      ]
    },
    {
      "topic_id": 3,
      "top_words": [
        {
          "word": "선정",
          "prob": 0.045819371938705444
        },
        {
          "word": "개최",
          "prob": 0.038588542491197586
        },
        {
          "word": "germany",
          "prob": 0.026537153869867325
        },
        {
          "word": "2025년",
          "prob": 0.019306322559714317
        },
        {
          "word": "스타트업",
          "prob": 0.016896044835448265
        },
        {
          "word": "protest",
          "prob": 0.016896044835448265
        },
        {
          "word": "oled",
          "prob": 0.016896044835448265
        },
        {
          "word": "과제",
          "prob": 0.016896044835448265
        }
      ]
    },
    {
      "topic_id": 4,
      "top_words": [
        {
          "word": "ai",
          "prob": 0.04750729352235794
        },
        {
          "word": "lg",
          "prob": 0.025157496333122253
        },
        {
          "word": "개최",
          "prob": 0.019570045173168182
        },
        {
          "word": "기업",
          "prob": 0.019570045173168182
        },
        {
          "word": "지원",
          "prob": 0.015379457734525204
        },
        {
          "word": "운영",
          "prob": 0.015379457734525204
        },
        {
          "word": "시장",
          "prob": 0.013982594944536686
        },
        {
          "word": "중국",
          "prob": 0.013982594944536686
        }
      ]
    }
  ],
  "evidence": {
    "timeseries": [
      {
        "date": "2025-08-11",
        "count": 2
      },
      {
        "date": "2025-08-15",
        "count": 1
      },
      {
        "date": "2025-08-16",
        "count": 2
      },
      {
        "date": "2025-08-25",
        "count": 4
      },
      {
        "date": "2025-08-26",
        "count": 7
      },
      {
        "date": "2025-08-27",
        "count": 5
      },
      {
        "date": "2025-08-28",
        "count": 2
      },
      {
        "date": "2025-08-29",
        "count": 6
      },
      {
        "date": "2025-08-30",
        "count": 1
      },
      {
        "date": "2025-08-31",
        "count": 5
      },
      {
        "date": "2025-09-01",
        "count": 19
      },
      {
        "date": "2025-09-02",
        "count": 24
      },
      {
        "date": "2025-09-03",
        "count": 416
      },
      {
        "date": "2025-09-04",
        "count": 240
      }
    ]
  }
}