{
  "ideas": [
    {
      "idea": "AI 기반 스마트 물류 솔루션 제공",
      "problem": "국내 중소 물류업체들은 급증하는 물동량과 인력 부족, 높은 운영 비용에 어려움을 겪고 있습니다. 기존 물류 시스템은 효율성이 낮고 예측이 어려워 불필요한 비용 발생 및 고객 만족도 저하로 이어집니다. 특히, 실시간 정보 파악 및 최적 경로 설정의 어려움은 물류 운영의 효율성을 크게 떨어뜨리는 주요 원인입니다.",
      "target_customer": "국내 중소 물류업체 (직원 수 50-200명, 연매출 50억-200억)",
      "value_prop": "AI 기반의 최적화된 물류 경로 및 배송 시스템을 제공하여 운영 효율을 극대화하고 비용을 절감합니다. 실시간 데이터 분석을 통해 예측 정확도를 높이고, 고객에게 정확한 배송 정보를 제공하여 만족도를 향상시킵니다. 경쟁사 대비 AI 알고리즘의 정확도와 실시간 데이터 처리 속도가 월등히 높습니다.",
      "solution": [
        "AI 기반 최적 배송 경로 자동 생성 및 관리",
        "실시간 물류 현황 모니터링 및 예측 시스템",
        "고객 맞춤형 배송 옵션 제공 및 관리",
        "운영 효율 분석 및 개선 제안"
      ],
      "poc_plan": [
        "3주차: 주요 기능 구현 및 테스트 환경 구축",
        "4주차: 2개 중소 물류업체 대상 시스템 시범 운영",
        "5주차: 시범 운영 결과 분석 및 개선 사항 도출",
        "6주차: 최종 시스템 완성 및 성능 평가"
      ],
      "risks": [
        "AI 알고리즘 정확도 저하 가능성",
        "데이터 보안 및 개인정보보호 문제",
        "시스템 안정성 및 확장성 문제",
        "경쟁 솔루션과의 차별화 어려움"
      ],
      "roadmap_3m": [
        "1개월차: 시스템 개발 및 테스트 완료",
        "2개월차: 5개 이상 중소 물류업체 대상 시스템 구축 및 운영",
        "3개월차: 고객 피드백 반영 및 시스템 업데이트"
      ],
      "metrics": [
        "배송 시간 단축률",
        "운영 비용 절감률",
        "고객 만족도 향상",
        "시스템 안정성",
        "예측 정확도"
      ],
      "priority_score": 3.8
    },
    {
      "idea": "AI 기반 스마트팩토리 솔루션 제공",
      "problem": "국내 중소 제조업체들은 생산성 향상과 품질 관리에 어려움을 겪고 있으며,  AI 기반 자동화 시스템 도입에 대한 초기 투자 비용과 전문 인력 부족으로 어려움을 겪고 있습니다.  기존 솔루션들은 고가이거나 대기업 중심으로 설계되어 중소기업에 적합하지 않습니다.",
      "target_customer": "국내 중소 제조업체 (직원 수 50-500명, 연매출 100억-500억)",
      "value_prop": "클라우드 기반의 저렴하고 사용하기 쉬운 AI 기반 스마트팩토리 솔루션을 제공하여 생산성을 향상시키고 불량률을 감소시킵니다.  기존 시스템과의 손쉬운 연동을 지원하며, 전문가가 아니더라도 쉽게 사용할 수 있도록 직관적인 인터페이스를 제공합니다.  맞춤형 컨설팅과 교육을 통해 중소기업의 성공적인 디지털 전환을 지원합니다.",
      "solution": [
        "AI 기반 생산량 예측 및 최적화",
        "실시간 품질 관리 및 불량 예방",
        "자동화된 생산 관리 시스템",
        "데이터 기반 의사결정 지원"
      ],
      "poc_plan": [
        "3주차:  파트너 제조업체 선정 및 시스템 구축",
        "5주차:  시스템 테스트 및 성능 평가",
        "6주차:  데이터 분석 및 결과 보고서 작성"
      ],
      "risks": [
        "기술적 문제 발생 및 해결",
        "중소기업의 시스템 도입 저항",
        "데이터 보안 및 개인정보보호"
      ],
      "roadmap_3m": [
        "1개월차:  파트너십 구축 및 시범 서비스 제공",
        "2개월차:  고객 피드백 반영 및 시스템 개선",
        "3개월차:  정식 서비스 출시 및 마케팅"
      ],
      "metrics": [
        "생산성 향상률",
        "불량률 감소율",
        "고객 만족도",
        "시스템 사용률",
        "매출 증가율"
      ],
      "priority_score": 3.5
    },
    {
      "idea": "AI 기반 개인 맞춤형 건강 관리 서비스",
      "problem": "현대인들은 바쁜 일상 속에서 건강 관리에 어려움을 겪고 있으며, 일반적인 건강 정보는 개인의 특성을 고려하지 못해 효과적인 관리가 어렵습니다.  기존 건강 관리 앱들은 개인화된 정보 제공이 부족하고, 사용자 참여도가 낮아 지속적인 관리가 어렵습니다.",
      "target_customer": "건강에 대한 관심이 높지만 시간적 제약이 있는 20-40대 직장인, 특히 만성 질환 예방 및 건강 증진에 관심 있는 여성",
      "value_prop": "AI 기반 개인 맞춤형 건강 관리 서비스는 사용자의 생활 습관, 건강 상태, 유전 정보 등을 분석하여 개인에게 최적화된 건강 관리 계획을 제공합니다.  다양한 건강 정보와 전문가의 상담을 제공하며, 사용자의 참여도를 높이기 위한 게임화 요소를 도입하여 지속적인 건강 관리를 지원합니다. 경쟁 서비스와 달리, 사용자의 프라이버시 보호에 중점을 두고 데이터 관리 및 보안에 힘쓰는 것이 차별점입니다.",
      "solution": [
        "AI 기반 개인 맞춤형 건강 계획 수립",
        "개인별 목표 달성을 위한 맞춤형 운동 및 식단 추천",
        "건강 데이터 기반 실시간 건강 상태 모니터링 및 피드백 제공",
        "건강 전문가와의 1:1 온라인 상담 지원"
      ],
      "poc_plan": [
        "3주 동안 50명의 베타 테스터를 모집하여 서비스 사용성 및 만족도 조사",
        "피드백을 바탕으로 서비스 개선 및 기능 추가",
        "주요 기능에 대한 사용자 인터페이스 및 사용 편의성 개선",
        "AI 알고리즘 정확도 및 개인화 수준 평가",
        "마케팅 전략 및 사용자 확보 방안 모색"
      ],
      "risks": [
        "개인정보보호 관련 규제 준수",
        "AI 알고리즘 정확도 및 신뢰성 확보",
        "사용자 참여도 저하",
        "경쟁 서비스와의 차별화",
        "의료 관련 법규 준수"
      ],
      "roadmap_3m": [
        "베타 서비스 출시 및 사용자 피드백 수집 (1개월)",
        "서비스 기능 개선 및 안정화 (1개월)",
        "마케팅 및 홍보 전략 실행 및 사용자 확보 (1개월)"
      ],
      "metrics": [
        "월간 활성 사용자 수 (MAU)",
        "사용자 참여율",
        "건강 목표 달성률",
        "고객 만족도",
        "평균 사용 시간"
      ],
      "priority_score": 3.5
    },
    {
      "idea": "AI 기반 스마트팜 솔루션 제공",
      "problem": "국내 스마트팜 시장은 성장 가능성이 높지만, 고령화와 인력 부족으로 인해 효율적인 운영에 어려움을 겪고 있습니다. 또한, 작물 재배에 필요한 데이터 분석 및 예측 기술이 부족하여 생산성 향상에 제약이 있습니다. 기존 솔루션들은 고가이거나 사용이 복잡하여 농가의 접근성이 낮은 문제점이 있습니다.",
      "target_customer": "중소 규모 스마트팜 운영 농가 (100평-500평 규모, 연매출 5000만원-2억원)",
      "value_prop": "AI 기반의 사용자 친화적인 인터페이스를 통해 농작물 생육 환경을 실시간으로 모니터링하고, 최적의 재배 조건을 자동으로 제어하여 생산성을 향상시키는 솔루션입니다. 경쟁 솔루션 대비 저렴한 가격과 간편한 사용법으로 농가의 접근성을 높였으며, 지속적인 데이터 분석을 통해 맞춤형 재배 전략을 제공합니다.",
      "solution": [
        "AI 기반 작물 생육 모니터링 및 예측",
        "자동 환경 제어 시스템 연동",
        "맞춤형 재배 전략 제공",
        "농가 간 정보 공유 플랫폼 제공"
      ],
      "poc_plan": [
        "3주차: 주요 기능 개발 완료 및 10개 농가 대상 베타 테스트",
        "5주차: 베타 테스트 결과 분석 및 시스템 개선",
        "6주차: 최종 시스템 구축 및 30개 농가 대상 파일럿 테스트"
      ],
      "risks": [
        "AI 모델 정확도 문제",
        "농가의 기술 수용도 저하",
        "경쟁 솔루션 등장",
        "데이터 보안 문제",
        "시스템 장애 발생"
      ],
      "roadmap_3m": [
        "1개월차: 핵심 기능 개발 완료 및 베타 테스트 진행",
        "2개월차: 베타 테스트 결과 분석 및 시스템 개선, 농가 대상 교육 진행",
        "3개월차: 파일럿 테스트 진행 및 시스템 상용화 준비"
      ],
      "metrics": [
        "생산성 향상률",
        "작물 생육률",
        "시스템 사용 만족도",
        "농가 참여율",
        "매출 증가율"
      ],
      "priority_score": 3.5
    },
    {
      "idea": "AI 기반 소상공인 맞춤형 마케팅 솔루션",
      "problem": "소상공인들은 마케팅 전문 지식과 인력이 부족하여 효과적인 마케팅 전략 수립 및 실행에 어려움을 겪고 있습니다.  온라인 마케팅 채널이 다양해지고 경쟁이 심화됨에 따라,  소상공인들은 효율적인 광고 집행 및 고객 관리에 어려움을 느끼고 있습니다.  결과적으로 매출 증대에 어려움을 겪고 있으며,  지속적인 성장에 대한 불확실성을 가지고 있습니다.",
      "target_customer": "연 매출 1억원 미만의 소상공인 (음식점, 카페, 소매점 등)",
      "value_prop": "AI 기반 데이터 분석을 통해 소상공인의 특성과 고객 특징을 파악하여,  맞춤형 마케팅 전략을 제시합니다.  최적의 광고 채널 및 예산 배분을 자동화하여 효율성을 높이고,  고객 관리 시스템을 통해 고객 충성도를 향상시킵니다.  복잡한 마케팅 업무를 간소화하여 소상공인의 시간과 자원을 절약하고,  데이터 기반의 성과 측정을 통해 투자 대비 효과를 극대화합니다.",
      "solution": [
        "AI 기반 고객 분석 및 세분화",
        "맞춤형 마케팅 전략 자동 생성",
        "다양한 온라인 채널 광고 자동화",
        "고객 관리 및 CRM 시스템 연동"
      ],
      "poc_plan": [
        "3주차: 10개 소상공인 대상 시스템 베타 테스트 및 피드백 수집",
        "5주차:  데이터 분석 결과 기반 마케팅 전략 개선 및 A/B 테스트 진행",
        "6주차: 테스트 결과 분석 및 최종 보고서 작성"
      ],
      "risks": [
        "AI 모델 정확도 및 신뢰도 문제",
        "개인정보보호 및 데이터 보안 문제",
        "소상공인의 기술 수용도 및 디지털 역량 부족"
      ],
      "roadmap_3m": [
        "1개월차: 시스템 개발 완료 및 베타 테스트 진행",
        "2개월차:  피드백 반영 및 시스템 개선,  마케팅 채널 확장",
        "3개월차:  정식 서비스 런칭 및 마케팅"
      ],
      "metrics": [
        "고객 확보율",
        "매출 증가율",
        "광고 효율성 (ROI)",
        "고객 만족도",
        "시스템 사용률"
      ],
      "priority_score": 3.5
    }
  ]
}