{
  "stats": {
    "num_docs": 28
  },
  "keywords": [
    {
      "keyword": "삼성",
      "score": 3.985758675539086
    },
    {
      "keyword": "디스플레",
      "score": 3.8465348802873724
    },
    {
      "keyword": "비스포크",
      "score": 3.73397768038899
    },
    {
      "keyword": "기업",
      "score": 3.308226292370382
    },
    {
      "keyword": "계획이다",
      "score": 3.109682716751046
    },
    {
      "keyword": "퀀텀닷",
      "score": 3.063373213962646
    },
    {
      "keyword": "제공하",
      "score": 2.5503603173995755
    },
    {
      "keyword": "리얼",
      "score": 2.431083655377889
    },
    {
      "keyword": "성능",
      "score": 2.227110235835318
    },
    {
      "keyword": "획득",
      "score": 2.167942979048865
    },
    {
      "keyword": "가전",
      "score": 2.103930291938283
    },
    {
      "keyword": "백라이트",
      "score": 2.061476485983083
    },
    {
      "keyword": "장비",
      "score": 2.0501375569292377
    },
    {
      "keyword": "인공지능",
      "score": 2.0370733288152576
    },
    {
      "keyword": "최고",
      "score": 2.0136163339156585
    },
    {
      "keyword": "안정성",
      "score": 2.009538124362011
    },
    {
      "keyword": "글로벌",
      "score": 1.9568982855976045
    },
    {
      "keyword": "포함한다고",
      "score": 1.8613007730318065
    },
    {
      "keyword": "분야",
      "score": 1.7999162681759442
    },
    {
      "keyword": "기술",
      "score": 1.7275729985372612
    },
    {
      "keyword": "청색광",
      "score": 1.6929728503824388
    },
    {
      "keyword": "선보인다",
      "score": 1.6893250334052912
    },
    {
      "keyword": "쿨링",
      "score": 1.6691997521438036
    },
    {
      "keyword": "입증",
      "score": 1.6491312422547004
    },
    {
      "keyword": "편의성",
      "score": 1.6480961156315823
    },
    {
      "keyword": "최적화된",
      "score": 1.6451973687649448
    },
    {
      "keyword": "반도체",
      "score": 1.5946360589171156
    },
    {
      "keyword": "인증",
      "score": 1.5763117447265107
    },
    {
      "keyword": "한다",
      "score": 1.5509415424106776
    }
  ]
}