{
  "summary": "1. **핵심 맥락 설명:**  제공된 데이터는 2025년을 중심으로 한국 뉴스에서 AI 기술, 특히 삼성과 LG 등 주요 기업의 AI 및 차세대 기술 개발과 관련된 보도가 집중되고 있음을 보여줍니다.  반도체 산업 지원 및 인재 확보와 관련된 뉴스도 상당하며,  중국과의 경쟁 및 국제적인 기술 시장 동향 또한 주요 관심사임을 알 수 있습니다.  전반적으로 한국의 AI 및 관련 기술 산업의 발전과 미래 전략에 대한 높은 관심과 논의가 활발하게 이루어지고 있음을 시사합니다.\n\n\n2. **최근 변화/스파이크:** 2025년 9월 초에 AI 및 관련 기술 뉴스의 급격한 증가가 관찰됩니다.  특히 9월 3일에는 414건의 기사가 등장하며 이전까지의 추이와 비교할 수 없을 정도의 급격한 상승세를 보였고, 이후에도 높은 수치를 유지하고 있습니다. 이는 특정 대형 행사, 정책 발표 또는 기술적 돌파구 등의 외부 요인에 의한 것으로 추정됩니다.\n\n\n3. **실무 인사이트:**\n\n* **긴급 상황 분석 및 대응:** 9월 초 기사 급증 원인을 즉시 조사하여,  해당 이슈에 대한 정확한 정보를 파악하고,  회사의 전략 및 대응 방안을 재검토해야 합니다.  이는 시장 변화에 대한 신속한 대응과 기회 선점에 필수적입니다.\n* **데이터 기반 의사결정 강화:**  뉴스 기사 데이터를 활용하여 AI, 반도체, 디스플레이 등 주요 기술 분야의 트렌드를 지속적으로 모니터링하고,  이를 바탕으로  마케팅, R&D, 투자 전략 등을 수립하고 개선해야 합니다.\n* **AI 관련 홍보 전략 강화:**  AI 기술 관련 뉴스의 급증을 기회로 삼아,  회사의 AI 기술력과 비전을 적극적으로 홍보하고,  소비자 및 투자자에게  긍정적인 이미지를 구축해야 합니다.  특히,  최신 기술 동향을 반영한  프레스 릴리스 및 미디어 활동을 강화할 필요가 있습니다.",
  "top_topics": [
    {
      "topic_id": 0,
      "top_words": [
        {
          "word": "ai",
          "prob": 0.04657849296927452
        },
        {
          "word": "개최",
          "prob": 0.030148690566420555
        },
        {
          "word": "중국",
          "prob": 0.027410389855504036
        },
        {
          "word": "운영",
          "prob": 0.021933788433670998
        },
        {
          "word": "선정",
          "prob": 0.021933788433670998
        },
        {
          "word": "2025년",
          "prob": 0.01645718701183796
        },
        {
          "word": "인재",
          "prob": 0.01645718701183796
        },
        {
          "word": "시장",
          "prob": 0.01645718701183796
        }
      ]
    },
    {
      "topic_id": 1,
      "top_words": [
        {
          "word": "ai",
          "prob": 0.029502399265766144
        },
        {
          "word": "선정",
          "prob": 0.02146359719336033
        },
        {
          "word": "2025",
          "prob": 0.018783997744321823
        },
        {
          "word": "디스플레이",
          "prob": 0.018783997744321823
        },
        {
          "word": "모델",
          "prob": 0.018783997744321823
        },
        {
          "word": "삼성",
          "prob": 0.018783997744321823
        },
        {
          "word": "블리스",
          "prob": 0.016104398295283318
        },
        {
          "word": "청호나이스",
          "prob": 0.016104398295283318
        }
      ]
    },
    {
      "topic_id": 2,
      "top_words": [
        {
          "word": "ai",
          "prob": 0.09692446142435074
        },
        {
          "word": "차세대",
          "prob": 0.03571975231170654
        },
        {
          "word": "공개",
          "prob": 0.03231948986649513
        },
        {
          "word": "2025",
          "prob": 0.030619358643889427
        },
        {
          "word": "삼성전기",
          "prob": 0.030619358643889427
        },
        {
          "word": "기술",
          "prob": 0.030619358643889427
        },
        {
          "word": "ifa",
          "prob": 0.02551896497607231
        },
        {
          "word": "lg",
          "prob": 0.023818833753466606
        }
      ]
    },
    {
      "topic_id": 3,
      "top_words": [
        {
          "word": "the",
          "prob": 0.03412996232509613
        },
        {
          "word": "to",
          "prob": 0.03412996232509613
        },
        {
          "word": "lg",
          "prob": 0.02625987119972706
        },
        {
          "word": "in",
          "prob": 0.02625987119972706
        },
        {
          "word": "of",
          "prob": 0.023636506870388985
        },
        {
          "word": "비전",
          "prob": 0.023636506870388985
        },
        {
          "word": "and",
          "prob": 0.023636506870388985
        },
        {
          "word": "넷마블",
          "prob": 0.02101314440369606
        }
      ]
    },
    {
      "topic_id": 4,
      "top_words": [
        {
          "word": "반도체",
          "prob": 0.05357097461819649
        },
        {
          "word": "2025",
          "prob": 0.028073128312826157
        },
        {
          "word": "산업",
          "prob": 0.02297355979681015
        },
        {
          "word": "지원",
          "prob": 0.02297355979681015
        },
        {
          "word": "국내",
          "prob": 0.020423775538802147
        },
        {
          "word": "기술",
          "prob": 0.017873989418148994
        },
        {
          "word": "삼성",
          "prob": 0.017873989418148994
        },
        {
          "word": "기업",
          "prob": 0.017873989418148994
        }
      ]
    }
  ],
  "evidence": {
    "timeseries": [
      {
        "date": "2025-08-11",
        "count": 2
      },
      {
        "date": "2025-08-15",
        "count": 1
      },
      {
        "date": "2025-08-16",
        "count": 2
      },
      {
        "date": "2025-08-25",
        "count": 4
      },
      {
        "date": "2025-08-26",
        "count": 7
      },
      {
        "date": "2025-08-27",
        "count": 5
      },
      {
        "date": "2025-08-28",
        "count": 2
      },
      {
        "date": "2025-08-29",
        "count": 6
      },
      {
        "date": "2025-08-30",
        "count": 1
      },
      {
        "date": "2025-08-31",
        "count": 5
      },
      {
        "date": "2025-09-01",
        "count": 19
      },
      {
        "date": "2025-09-02",
        "count": 24
      },
      {
        "date": "2025-09-03",
        "count": 414
      },
      {
        "date": "2025-09-04",
        "count": 80
      }
    ]
  }
}