{
  "ideas": [
    {
      "idea": "AI 기반 반도체 설계 최적화 플랫폼",
      "problem": "반도체 설계는 복잡하고 시간이 오래 걸리며, 설계 오류로 인한 비용 손실이 크다.  AI를 활용하여 설계 시간을 단축하고, 에너지 효율을 높이며, 오류를 줄일 수 있는 효율적인 솔루션이 부족하다. 기존의 설계 방식은 반도체 기술의 발전 속도를 따라가지 못하고 있다.",
      "target_customer": "대기업 및 중견기업 반도체 설계팀 (500명 이상)",
      "value_prop": "AI 기반 자동화된 설계 최적화를 통해 설계 시간을 최대 50% 단축하고, 에너지 효율을 20% 향상시키며, 설계 오류를 30% 감소시킨다. 경쟁사 대비 높은 정확도와 속도를 제공하며, 사용자 친화적인 인터페이스를 통해 전문 지식이 부족한 엔지니어도 쉽게 사용할 수 있다.",
      "solution": [
        "AI 기반 자동화된 설계 검증 및 최적화 기능 제공",
        "다양한 반도체 설계 환경 지원 (예: Cadence, Synopsys)",
        "설계 데이터 분석 및 시각화 기능 제공",
        "사용자 맞춤형 설계 최적화 알고리즘 제공"
      ],
      "poc_plan": [
        "주요 반도체 설계 벤치마크 데이터셋을 활용한 성능 검증",
        "실제 반도체 설계 프로젝트에 플랫폼 적용 및 효과 측정",
        "주요 고객사와의 공동 개발 및 피드백 수렴",
        "플랫폼 사용 편의성 및 안정성 테스트",
        "경쟁 플랫폼과의 성능 비교 분석"
      ],
      "risks": [
        "AI 알고리즘의 정확도 및 신뢰성 확보",
        "고객사의 기존 설계 시스템과의 호환성 문제",
        "데이터 보안 및 개인정보보호 문제",
        "경쟁 플랫폼과의 시장 경쟁 심화",
        "AI 기술 발전 속도에 따른 플랫폼 업데이트 필요성"
      ],
      "roadmap_3m": [
        "핵심 기능 개발 및 테스트 완료",
        "주요 고객사 대상 데모 시연 및 계약 체결",
        "베타 버전 출시 및 사용자 피드백 수렴",
        "플랫폼 안정화 및 추가 기능 개발",
        "마케팅 및 영업 활동 강화"
      ],
      "metrics": [
        "설계 시간 단축률",
        "에너지 효율 향상률",
        "설계 오류 감소율",
        "고객 만족도",
        "매출액"
      ],
      "priority_score": 3.5
    },
    {
      "idea": "AI 기반 개인 맞춤형 스마트 학습 플랫폼",
      "problem": "기존 온라인 교육 플랫폼은 학습자의 수준과 목표를 고려하지 못하고 일률적인 교육 콘텐츠를 제공하여 학습 효과가 떨어지고, 학습자의 동기 부여 저하 및 중도 포기율이 높습니다.  개인별 학습 속도와 선호도에 맞춘 맞춤형 학습 경험이 부족하며, 학습 성과 측정 및 피드백 시스템 또한 미흡합니다.",
      "target_customer": "개인 학습자 (중고등학생, 대학생, 직장인) 및 소규모 학원 (100명 이하)",
      "value_prop": "AI 기반 개인 맞춤형 학습 플랫폼은 학습자의 수준과 목표를 분석하여 최적의 학습 경로를 제시하고, 개인별 학습 속도와 선호도에 맞춘 맞춤형 콘텐츠를 제공합니다. 실시간 피드백과 성과 측정 시스템을 통해 학습 효과를 극대화하고, 학습 동기를 유지할 수 있도록 지원합니다.  경쟁 플랫폼과 달리, 학습자의 학습 데이터를 기반으로 지속적으로 학습 경험을 개선하고, 학습자 간의 협업 및 커뮤니티 기능을 제공하여 학습 효율을 높입니다.",
      "solution": [
        "AI 기반 학습 난이도 및 학습 경로 자동 조정",
        "개인별 맞춤형 학습 콘텐츠 추천",
        "실시간 학습 성과 측정 및 피드백 제공",
        "학습자 간 협업 및 커뮤니티 기능 제공"
      ],
      "poc_plan": [
        "3주차: 중학생 대상 수학 과목 PoC, AI 기반 학습 경로 추천 기능 검증",
        "5주차: 고등학생 대상 영어 과목 PoC, 개인 맞춤형 콘텐츠 추천 및 학습 효과 측정",
        "6주차: 사용자 인터페이스 개선 및 피드백 반영"
      ],
      "risks": [
        "AI 알고리즘의 정확도 및 신뢰성 확보",
        "개인정보보호 및 데이터 관리",
        "시장 경쟁 심화"
      ],
      "roadmap_3m": [
        "1개월차: 플랫폼 개발 및 베타 서비스 출시",
        "2개월차: 사용자 피드백 수집 및 기능 개선",
        "3개월차: 정식 서비스 출시 및 마케팅 진행"
      ],
      "metrics": [
        "일일/월간 활성 사용자 수",
        "평균 학습 시간",
        "학습 만족도",
        "학습 성취도",
        "중도 포기율"
      ],
      "priority_score": 3.5
    },
    {
      "idea": "AI 기반 스마트 팩토리 에너지 관리 시스템",
      "problem": "스마트 팩토리의 에너지 소비량 증가와 탄소 배출량 증가는 지속 가능한 운영에 큰 걸림돌입니다.  기존의 에너지 관리 시스템은 실시간 데이터 분석 및 예측에 한계가 있으며, 효율적인 에너지 절감 방안을 제시하는 데 어려움이 있습니다.  이로 인해 기업은 높은 에너지 비용을 부담하고 환경 규제 위반 위험에 직면합니다.",
      "target_customer": "제조업체 (중견기업 이상, 500명 이상), 특히 에너지 소비량이 많은 공장 (반도체, 디스플레이 등)",
      "value_prop": "AI 기반 예측 및 최적화 알고리즘을 통해 실시간 에너지 소비량을 모니터링하고, 이상징후를 감지하여 에너지 낭비를 최소화합니다.  맞춤형 에너지 절감 방안을 제시하여 비용 절감과 탄소 배출 감소를 동시에 달성할 수 있도록 지원합니다.  경쟁 시스템 대비 10% 이상의 에너지 절감 효과를 목표로 합니다.",
      "solution": [
        "실시간 에너지 소비량 모니터링 및 분석",
        "AI 기반 에너지 소비 예측 및 최적화",
        "이상 징후 감지 및 알림",
        "맞춤형 에너지 절감 방안 제시"
      ],
      "poc_plan": [
        "대상 공장 선정 및 데이터 수집 (2주)",
        "AI 알고리즘 개발 및 테스트 (2주)",
        "시스템 구축 및 현장 적용 (2주)",
        "성능 평가 및 개선 (2주)",
        "최종 보고서 작성 (2주)"
      ],
      "risks": [
        "데이터 부족으로 인한 AI 모델 정확도 저하",
        "시스템 구축 및 유지보수 비용",
        "기존 시스템과의 호환성 문제",
        "사이버 보안 위협",
        "규제 준수"
      ],
      "roadmap_3m": [
        "1개월차: 시스템 개발 및 테스트 완료",
        "2개월차: 파일럿 공장 적용 및 성능 평가",
        "3개월차: 시스템 개선 및 추가 기능 개발"
      ],
      "metrics": [
        "에너지 소비량 감소율",
        "탄소 배출량 감소율",
        "시스템 운영 효율",
        "고객 만족도",
        "투자 수익률"
      ],
      "priority_score": 3.5
    },
    {
      "idea": "AI 기반 소상공인 맞춤형 마케팅 솔루션",
      "problem": "소상공인들은 마케팅 전문 지식과 인력이 부족하여 효과적인 마케팅 전략을 수립하고 실행하는 데 어려움을 겪고 있습니다.  기존의 마케팅 솔루션들은 비용이 높거나 소상공인의 특성을 고려하지 않은 경우가 많습니다.  결과적으로, 소상공인들은 매출 증대에 어려움을 겪고 있으며, 경쟁력 확보에 어려움을 느끼고 있습니다.",
      "target_customer": "매출 1억원 미만의 소상공인 (음식점, 카페, 소매점 등)",
      "value_prop": "AI 기반의 분석으로 소상공인의 매출 증대에 필요한 최적의 마케팅 전략을 제시합니다.  저렴한 비용으로 고객의 특성에 맞춘 맞춤형 마케팅을 제공하며,  복잡한 마케팅 과정을 간소화하여 사용 편의성을 높입니다.  데이터 기반의 지속적인 성과 측정 및 개선을 통해 지속적인 매출 증대를 지원합니다.",
      "solution": [
        "AI 기반 고객 분석 및 타겟팅",
        "맞춤형 마케팅 채널 제안 및 관리",
        "마케팅 성과 자동 측정 및 분석",
        "실시간 데이터 기반 전략 조정"
      ],
      "poc_plan": [
        "3주차: 10개 소상공인 대상 베타 서비스 제공 및 피드백 수집",
        "5주차: 피드백 반영 및 기능 개선",
        "6주차: 최종 시스템 검증 및 성능 평가"
      ],
      "risks": [
        "AI 분석 정확도",
        "개인정보보호 관련 규제 준수",
        "경쟁 솔루션과의 차별화"
      ],
      "roadmap_3m": [
        "1개월차: 베타 서비스 출시 및 초기 고객 확보",
        "2개월차: 기능 개선 및 마케팅 강화",
        "3개월차: 정식 서비스 출시 및 매출 목표 설정"
      ],
      "metrics": [
        "고객 확보율",
        "고객 만족도",
        "매출 증가율",
        "재구매율",
        "평균 이용 시간"
      ],
      "priority_score": 3.5
    },
    {
      "idea": "AI 기반 스마트팜 맞춤형 환경 제어 시스템",
      "problem": "농가는 작물 생육에 최적의 환경을 유지하는 데 어려움을 겪고 있으며, 기후변화로 인한 환경 변동성 증가는 더욱 큰 문제입니다. 기존 시스템은 비용이 높고, 작물 특성에 맞는 정밀한 제어가 어렵습니다.  이로 인해 생산성 저하 및 품질 저하 문제가 발생합니다.",
      "target_customer": "스마트팜 운영 농가 (중소 규모 농장, 100ha 이하)",
      "value_prop": "AI 기반 머신러닝 알고리즘을 통해 작물의 생육 상태와 환경 데이터를 실시간으로 분석하고, 최적의 온도, 습도, 조명, 관수 등을 자동으로 제어합니다.  농가의 노동력 감소와 생산성 향상을 지원하며, 작물별 맞춤형 환경 설정으로 품질 향상을 도모합니다. 기존 시스템보다 저렴하고 사용이 간편합니다.",
      "solution": [
        "AI 기반 실시간 환경 모니터링 및 분석",
        "작물 생육 상태 예측 및 최적 환경 제어",
        "자동화된 환경 제어 시스템",
        "농가 맞춤형 데이터 분석 및 보고서 제공"
      ],
      "poc_plan": [
        "시스템 개발 및 작물별 환경 데이터 수집 (3주)",
        "AI 알고리즘 개발 및 성능 테스트 (3주)",
        "선정된 농가에서 시스템 시범 운영 (3주)",
        "데이터 분석 및 성능 평가 (3주)",
        "최종 보고서 작성 (1주)"
      ],
      "risks": [
        "AI 알고리즘 정확도",
        "데이터 부족",
        "시스템 안정성",
        "농가의 기술 수용도",
        "경쟁 시스템과의 차별화"
      ],
      "roadmap_3m": [
        "시스템 개발 완료 및 베타 버전 출시 (1개월)",
        "선정된 농가에서 시범 운영 및 피드백 수렴 (1개월)",
        "시스템 개선 및 정식 버전 출시 (1개월)"
      ],
      "metrics": [
        "생산량 증가율",
        "품질 향상율",
        "노동시간 감소율",
        "시스템 작동 안정성",
        "고객 만족도"
      ],
      "priority_score": 3.5
    }
  ]
}