{
  "stats": {
    "num_docs": 21
  },
  "keywords": [
    {
      "keyword": "디스플레이",
      "score": 5.61462879150155
    },
    {
      "keyword": "있는",
      "score": 3.96245220653524
    },
    {
      "keyword": "기술",
      "score": 2.7457513294500235
    },
    {
      "keyword": "인치",
      "score": 2.171558290252928
    },
    {
      "keyword": "무선주파수",
      "score": 2.118867984690464
    },
    {
      "keyword": "기판과",
      "score": 1.89471991574222
    },
    {
      "keyword": "위를",
      "score": 1.8486473982254044
    },
    {
      "keyword": "플립칩",
      "score": 1.810635166239535
    },
    {
      "keyword": "시스템",
      "score": 1.77651238202606
    },
    {
      "keyword": "혁신",
      "score": 1.7662413427637937
    },
    {
      "keyword": "산업",
      "score": 1.7092187023841947
    },
    {
      "keyword": "반도체",
      "score": 1.5658831361403749
    },
    {
      "keyword": "폴더블",
      "score": 1.562001360029234
    },
    {
      "keyword": "적용",
      "score": 1.4697177816406195
    },
    {
      "keyword": "교육",
      "score": 1.4017216723124402
    },
    {
      "keyword": "삼성",
      "score": 1.3916617208030826
    },
    {
      "keyword": "수상",
      "score": 1.2847562103311754
    },
    {
      "keyword": "분야의",
      "score": 1.198379670776565
    },
    {
      "keyword": "메탈",
      "score": 1.1939377346813131
    },
    {
      "keyword": "같은",
      "score": 1.173668847278945
    }
  ]
}