{
  "daily": [
    {
      "date": "2024-07-08",
      "count": 1
    },
    {
      "date": "2024-08-01",
      "count": 1
    },
    {
      "date": "2024-08-30",
      "count": 1
    },
    {
      "date": "2024-10-22",
      "count": 1
    },
    {
      "date": "2025-01-23",
      "count": 1
    },
    {
      "date": "2025-02-28",
      "count": 1
    },
    {
      "date": "2025-03-04",
      "count": 1
    },
    {
      "date": "2025-05-28",
      "count": 1
    },
    {
      "date": "2025-06-26",
      "count": 1
    },
    {
      "date": "2025-07-10",
      "count": 1
    },
    {
      "date": "2025-07-31",
      "count": 1
    },
    {
      "date": "2025-08-11",
      "count": 2
    },
    {
      "date": "2025-08-15",
      "count": 1
    },
    {
      "date": "2025-08-16",
      "count": 2
    },
    {
      "date": "2025-08-25",
      "count": 4
    },
    {
      "date": "2025-08-26",
      "count": 7
    },
    {
      "date": "2025-08-27",
      "count": 5
    },
    {
      "date": "2025-08-28",
      "count": 2
    },
    {
      "date": "2025-08-29",
      "count": 6
    },
    {
      "date": "2025-08-30",
      "count": 1
    },
    {
      "date": "2025-08-31",
      "count": 5
    },
    {
      "date": "2025-09-01",
      "count": 19
    },
    {
      "date": "2025-09-02",
      "count": 24
    },
    {
      "date": "2025-09-03",
      "count": 381
    }
  ]
}