{
  "summary": "1) 상위 토픽을 3개 주제로 묶은 핵심 맥락 설명:\n\n데이터는 한국 뉴스에서 AI 기술 개발 및 산업 동향, 특히 반도체 산업과의 연관성을 중점적으로 다루고 있습니다.  LG, 삼성 등 주요 기업의 AI 관련 투자 및 기술 개발,  차세대 AI 기술(기판, 차세대 기술 등)에 대한 논의, 그리고 2025년을 기점으로 한 정부 지원 및 글로벌 경쟁 환경 변화가 주요 내용입니다.  결론적으로, 한국의 AI 산업 발전 전략과 글로벌 경쟁력 확보를 위한 노력이 뉴스의 주요 맥락을 이룹니다.\n\n\n2) 최근 변화/스파이크:\n\n2025년 9월 초에 AI 관련 뉴스 기사 수가 급증하는 스파이크 현상이 나타났습니다.  이는 특정 AI 관련 이슈, 정부 정책 발표 또는 주요 기업의 발표 등 외부 요인에 의한 것으로 추정되며,  향후 추이를 지속적으로 관찰할 필요가 있습니다.\n\n\n3) 실무 인사이트 3가지:\n\n* **AI 관련 뉴스 모니터링 시스템 강화:** 2025년 9월과 같이 갑작스러운 뉴스 증가에 대응하기 위해, 실시간 뉴스 모니터링 시스템을 구축하고 키워드 알림 기능을 활용하여 주요 이슈를 신속하게 파악해야 합니다.  특히,  AI, 반도체, LG, 삼성 등 주요 키워드에 대한 모니터링을 강화해야 합니다.\n\n* **주요 기업 및 정부 정책 분석:** LG, 삼성 등 주요 기업의 AI 관련 투자 및 기술 개발 현황, 그리고 정부의 AI 산업 육성 정책 변화를 면밀히 분석하여 시장 트렌드를 예측하고 전략을 수립해야 합니다.  정부 지원 사업 참여 가능성도 검토해야 합니다.\n\n* **경쟁사 및 글로벌 동향 분석:**  애플 등 글로벌 기업의 AI 기술 개발 및 시장 진출 전략을 분석하고, 국내 기업의 경쟁력 강화 방안을 모색해야 합니다.  글로벌 시장 동향을 파악하여 국내 기업의 글로벌 경쟁력 확보 전략을 수립해야 합니다.\n따라서,  최적의 선택은 상황과 개인의 우선순위에 따라 달라집니다.  신중한 고려와 정보 수집을 통해 자신에게 가장 적합한 결정을 내리는 것이 중요합니다.  결국,  만족스러운 결과를 얻는 것은 정보에 입각한 선택에 달려있습니다.  최선의 선택을 하시길 바랍니다.",
  "top_topics": [
    {
      "topic_id": 0,
      "top_words": [
        {
          "word": "ai",
          "prob": 0.05770857259631157
        },
        {
          "word": "lg",
          "prob": 0.038485199213027954
        },
        {
          "word": "사진",
          "prob": 0.03464052453637123
        },
        {
          "word": "설립",
          "prob": 0.03079584799706936
        },
        {
          "word": "출시",
          "prob": 0.03079584799706936
        },
        {
          "word": "개발",
          "prob": 0.026951173320412636
        },
        {
          "word": "dgist",
          "prob": 0.026951173320412636
        },
        {
          "word": "위한",
          "prob": 0.026951173320412636
        }
      ]
    },
    {
      "topic_id": 1,
      "top_words": [
        {
          "word": "반도체",
          "prob": 0.04264175519347191
        },
        {
          "word": "ai",
          "prob": 0.03936414420604706
        },
        {
          "word": "산업",
          "prob": 0.02953130193054676
        },
        {
          "word": "기술",
          "prob": 0.022976074367761612
        },
        {
          "word": "애플",
          "prob": 0.022976074367761612
        },
        {
          "word": "비전",
          "prob": 0.022976074367761612
        },
        {
          "word": "삼성",
          "prob": 0.019698459655046463
        },
        {
          "word": "안전관리",
          "prob": 0.016420846804976463
        }
      ]
    },
    {
      "topic_id": 2,
      "top_words": [
        {
          "word": "ai",
          "prob": 0.04989313706755638
        },
        {
          "word": "차세대",
          "prob": 0.045143671333789825
        },
        {
          "word": "lg",
          "prob": 0.04039420560002327
        },
        {
          "word": "삼성전기",
          "prob": 0.03801947459578514
        },
        {
          "word": "기판",
          "prob": 0.033270008862018585
        },
        {
          "word": "기술",
          "prob": 0.030895274132490158
        },
        {
          "word": "lg이노텍",
          "prob": 0.030895274132490158
        },
        {
          "word": "kpca",
          "prob": 0.02852054126560688
        }
      ]
    },
    {
      "topic_id": 3,
      "top_words": [
        {
          "word": "2025",
          "prob": 0.024339107796549797
        },
        {
          "word": "지원",
          "prob": 0.02130051702260971
        },
        {
          "word": "반도체",
          "prob": 0.02130051702260971
        },
        {
          "word": "운영",
          "prob": 0.02130051702260971
        },
        {
          "word": "세계",
          "prob": 0.018261926248669624
        },
        {
          "word": "체결",
          "prob": 0.018261926248669624
        },
        {
          "word": "모집",
          "prob": 0.015223336406052113
        },
        {
          "word": "글로벌",
          "prob": 0.015223336406052113
        }
      ]
    },
    {
      "topic_id": 4,
      "top_words": [
        {
          "word": "선정",
          "prob": 0.05798623710870743
        },
        {
          "word": "개최",
          "prob": 0.03987685590982437
        },
        {
          "word": "the",
          "prob": 0.03625497967004776
        },
        {
          "word": "2025",
          "prob": 0.03263310343027115
        },
        {
          "word": "to",
          "prob": 0.029011227190494537
        },
        {
          "word": "and",
          "prob": 0.025389352813363075
        },
        {
          "word": "in",
          "prob": 0.025389352813363075
        },
        {
          "word": "과제",
          "prob": 0.025389352813363075
        }
      ]
    }
  ],
  "evidence": {
    "timeseries": [
      {
        "date": "2025-07-31",
        "count": 1
      },
      {
        "date": "2025-08-11",
        "count": 2
      },
      {
        "date": "2025-08-15",
        "count": 1
      },
      {
        "date": "2025-08-16",
        "count": 2
      },
      {
        "date": "2025-08-25",
        "count": 4
      },
      {
        "date": "2025-08-26",
        "count": 7
      },
      {
        "date": "2025-08-27",
        "count": 5
      },
      {
        "date": "2025-08-28",
        "count": 2
      },
      {
        "date": "2025-08-29",
        "count": 6
      },
      {
        "date": "2025-08-30",
        "count": 1
      },
      {
        "date": "2025-08-31",
        "count": 5
      },
      {
        "date": "2025-09-01",
        "count": 19
      },
      {
        "date": "2025-09-02",
        "count": 24
      },
      {
        "date": "2025-09-03",
        "count": 381
      }
    ]
  }
}