{
  "ideas": [
    {
      "idea": "AI 기반 스마트팩토리 솔루션 제공",
      "problem": "중소 제조기업들은 스마트팩토리 도입에 필요한 기술과 자본이 부족하며, 생산성 향상과 비용 절감에 어려움을 겪고 있습니다.  기존 솔루션들은 고가이고, 중소기업의 특수한 요구사항을 충족하지 못하는 경우가 많습니다.",
      "target_customer": "인천 지역 50명 미만 소규모 제조 중소기업",
      "value_prop": "AI 기반의 저렴하고 사용하기 쉬운 스마트팩토리 솔루션을 제공하여 생산성을 향상시키고 불량률을 감소시킵니다.  클라우드 기반 서비스로 초기 투자 비용을 최소화하고, 맞춤형 컨설팅을 통해 기업의 특수한 요구사항을 충족합니다.",
      "solution": [
        "AI 기반 생산량 예측 및 최적화",
        "실시간 설비 모니터링 및 이상 감지",
        "자동화된 품질 관리 시스템",
        "데이터 기반 의사결정 지원"
      ],
      "poc_plan": [
        "3주차: 솔루션 데모 및 시스템 구축",
        "5주차:  선정 기업 현장 적용 및 데이터 수집",
        "6주차: 결과 분석 및 개선 방안 도출"
      ],
      "risks": [
        "기술적 문제 발생 및 해결",
        "중소기업의 낮은 디지털 전환 수용도",
        "경쟁 솔루션과의 차별화"
      ],
      "roadmap_3m": [
        "1개월차: 핵심 기능 개발 완료 및 베타 테스트",
        "2개월차:  선정 기업 대상 PoC 진행 및 피드백 반영",
        "3개월차:  솔루션 출시 및 마케팅 시작"
      ],
      "metrics": [
        "생산성 향상률",
        "불량률 감소율",
        "고객 만족도",
        "솔루션 사용률",
        "매출 증가율"
      ],
      "priority_score": 3.8
    },
    {
      "idea": "지역 특화형 ESG 경영 컨설팅 플랫폼 구축",
      "problem": "인천 지역 중소기업들은 ESG 경영 도입에 대한 인식 부족, 전문 인력 및 자원 부족으로 어려움을 겪고 있습니다. 특히, ESG 경영 관련 정보 접근성이 낮고, 맞춤형 컨설팅 서비스 부재로 인해 실질적인 경영 개선에 어려움을 겪고 있습니다.  이로 인해 지속가능한 성장에 제약을 받고 있으며, 글로벌 시장 경쟁력 확보에도 어려움을 겪고 있습니다.",
      "target_customer": "인천 지역 200명 이상 종업원을 보유한 제조 및 서비스 중소기업",
      "value_prop": "인천 지역 특성과 산업 구조를 고려한 맞춤형 ESG 경영 컨설팅 서비스를 제공합니다.  ESG 경영 전문가 네트워크를 활용하여 기업의 규모와 특성에 맞는 실질적인 솔루션을 제공하며,  온라인 플랫폼을 통해 ESG 관련 정보 접근성을 높이고 지속적인 관리 및 개선을 지원합니다.  경쟁사 대비 지역 특화 및 전문성을 강조하여 높은 만족도를 제공합니다.",
      "solution": [
        "ESG 진단 및 평가 서비스 제공",
        "맞춤형 경영 개선 컨설팅 제공",
        "ESG 교육 및 정보 제공 플랫폼 운영",
        "지속적인 성과 모니터링 및 관리 지원"
      ],
      "poc_plan": [
        "인천 지역 3개 중소기업 선정, 6주간 파일럿 프로그램 진행",
        "ESG 진단 및 평가 도구 개발 및 검증",
        "맞춤형 컨설팅 서비스 제공 및 효과 측정",
        "온라인 플랫폼 기능 검증 및 사용자 피드백 수집",
        "최종 결과 보고서 작성 및 개선 방안 제시"
      ],
      "risks": [
        "컨설팅 서비스 수요 부족",
        "전문 인력 확보의 어려움",
        "플랫폼 운영 및 유지 관리 비용",
        "기업들의 ESG 경영 도입 저항",
        "경쟁 플랫폼 출현"
      ],
      "roadmap_3m": [
        "플랫폼 개발 및 베타 서비스 출시",
        "인천 지역 중소기업 대상 마케팅 및 영업 활동",
        "3개 기업 대상 파일럿 프로그램 진행 및 결과 분석",
        "플랫폼 기능 개선 및 서비스 고도화",
        "사업 확장을 위한 투자 유치 계획 수립"
      ],
      "metrics": [
        "컨설팅 계약 건수",
        "플랫폼 이용자 수",
        "고객 만족도",
        "ESG 평가 점수 향상률",
        "매출액"
      ],
      "priority_score": 3.8
    },
    {
      "idea": "인천 지역 소상공인 대상 ESG 경영 도입 지원 플랫폼",
      "problem": "인천 지역 소상공인들은 ESG 경영에 대한 이해도 부족과 전문 인력 부재로 인해 ESG 경영 도입에 어려움을 겪고 있습니다.  ESG 경영 도입을 위한 정보 접근성이 낮고,  관련 컨설팅 비용 부담이 커 초기 단계부터 어려움을 느끼는 경우가 많습니다.  이로 인해 지속가능한 경영에 대한 참여가 저조하고,  경쟁력 강화에도 어려움을 겪고 있습니다.",
      "target_customer": "인천 지역 50명 미만 소상공인 (식당, 카페, 소매점 등)",
      "value_prop": "본 플랫폼은 소상공인의 ESG 경영 도입을 위한 맞춤형 정보 제공,  온라인 교육 콘텐츠,  전문가 컨설팅 매칭 서비스를 제공합니다.  복잡한 ESG 경영을 단계별로 이해하기 쉽게 안내하고,  비용 부담을 줄일 수 있도록 지원하여 소상공인의 ESG 경영 참여를 확대하고 경쟁력을 강화하는 데 기여합니다.  다른 플랫폼과 달리 소상공인 특화된 콘텐츠와 서비스를 제공하여 접근성과 효율성을 높입니다.",
      "solution": [
        "ESG 경영 자가진단 및 맞춤형 정보 제공 서비스",
        "온라인 교육 콘텐츠 및 웨비나 제공",
        "ESG 전문가 컨설팅 매칭 서비스",
        "ESG 경영 우수 사례 공유 및 네트워킹 지원"
      ],
      "poc_plan": [
        "3주차: 플랫폼 기본 기능 개발 및 50개 소상공인 대상 베타 서비스 제공",
        "5주차: 베타 서비스 사용자 피드백 수렴 및 플랫폼 개선",
        "6주차: 개선된 플랫폼을 100개 소상공인에게 확대 적용 및 효과 측정"
      ],
      "risks": [
        "소상공인의 플랫폼 참여율 저조",
        "ESG 전문가 확보의 어려움",
        "플랫폼 운영 및 유지 비용 부담",
        "정확한 ESG 정보 제공을 위한 데이터 확보의 어려움"
      ],
      "roadmap_3m": [
        "1개월차: 플랫폼 개발 및 베타 서비스 론칭",
        "2개월차: 사용자 피드백 반영 및 기능 개선",
        "3개월차: 마케팅 및 홍보 강화, 1000개 이상 소상공인 확보"
      ],
      "metrics": [
        "플랫폼 가입자 수",
        "월간 활성 사용자 수",
        "ESG 자가진단 참여율",
        "컨설팅 매칭 건수",
        "소상공인 만족도"
      ],
      "priority_score": 3.8
    },
    {
      "idea": "친환경 소재 기반의 맞춤형 반도체 패키징 서비스",
      "problem": "기존 반도체 패키징은 환경 문제를 야기하는 유해 물질 사용 및 폐기물 발생이 많습니다. 또한, 다양한 반도체 제품의 특성에 맞는 최적화된 패키징 솔루션 부족으로 생산 비용 증가 및 성능 저하 문제가 발생합니다.  특히, 중소기업은 고가의 맞춤형 패키징 서비스 접근이 어렵습니다.",
      "target_customer": "반도체 부품을 사용하는 중소기업 (특히, 환경 규제에 민감한 산업군)",
      "value_prop": "친환경 소재를 활용하여 환경 규제 준수 및 폐기물 감소를 지원합니다.  고객의 제품 특성에 맞춘 최적화된 패키징 설계 및 제작으로 생산 비용 절감 및 성능 향상을 제공합니다. 중소기업을 위한 경제적인 맞춤형 패키징 서비스를 제공합니다.",
      "solution": [
        "친환경 소재 기반 패키징 설계 및 제작 서비스 제공",
        "AI 기반 최적화 설계 시스템을 통한 비용 절감",
        "다양한 반도체 제품에 대한 맞춤형 패키징 솔루션 제공",
        "친환경 인증 및 환경 영향 평가 보고서 제공"
      ],
      "poc_plan": [
        "3주차: 주요 고객 대상 설문조사 및 니즈 파악",
        "4-5주차: 시제품 제작 및 성능 테스트 (2개 고객사)",
        "6주차: 테스트 결과 분석 및 서비스 개선"
      ],
      "risks": [
        "친환경 소재 확보의 어려움 및 가격 변동성",
        "새로운 패키징 기술 개발 및 검증에 대한 시간 및 비용 소요",
        "고객사의 기술적 요구 사항 충족의 어려움",
        "경쟁사의 기술적 우위"
      ],
      "roadmap_3m": [
        "1개월차: 사업계획 수립 및 시장조사 완료",
        "2개월차: 시제품 개발 및 테스트 완료, 초기 고객 확보",
        "3개월차: 서비스 정식 출시 및 마케팅"
      ],
      "metrics": [
        "고객 만족도",
        "매출액",
        "이익률",
        "환경 영향 감소량",
        "시장 점유율"
      ],
      "priority_score": 3.8
    },
    {
      "idea": "인천 지역 중소기업 대상 ESG 경영 컨설팅 플랫폼",
      "problem": "인천 지역 중소기업들은 ESG 경영 도입에 대한 인식 부족과 전문 인력 부재로 어려움을 겪고 있으며, 관련 정보 접근성 또한 낮습니다.  ESG 경영 도입은 기업 경쟁력 강화와 지속가능한 성장에 필수적이지만, 초기 투자 비용과 전문 지식 부족으로 인해 중소기업들은 ESG 경영을 제대로 실행하지 못하고 있습니다.",
      "target_customer": "인천 지역 50-200명 규모의 제조 및 서비스 중소기업",
      "value_prop": "합리적인 가격으로 ESG 경영 컨설팅 서비스를 제공하여 중소기업의 ESG 경영 도입을 지원합니다.  기업 맞춤형 컨설팅과 전문가 네트워크를 통해 ESG 경영 전략 수립부터 실행, 평가까지 전 과정을 지원하며, 정부 지원 사업 연계를 통해 추가적인 비용 절감 효과를 제공합니다.  다른 플랫폼과 달리 인천 지역 특성을 반영한 맞춤형 컨설팅을 제공합니다.",
      "solution": [
        "ESG 경영 진단 및 자가진단 도구 제공",
        "맞춤형 ESG 경영 전략 수립 지원",
        "ESG 관련 교육 및 컨설팅 제공",
        "정부 지원 사업 연계 지원"
      ],
      "poc_plan": [
        "5개 중소기업 대상 파일럿 프로그램 진행(3주)",
        "ESG 경영 진단 및 컨설팅 제공(3주)",
        "만족도 조사 및 피드백 수렴(1주)",
        "서비스 개선 및 확장 방안 모색(1주)",
        "최종 결과 보고서 작성 및 발표(1주)"
      ],
      "risks": [
        "중소기업의 참여율 저조",
        "정부 지원 사업 변동 가능성",
        "경쟁 플랫폼 출현",
        "ESG 관련 규제 변화"
      ],
      "roadmap_3m": [
        "플랫폼 개발 및 서비스 출시(1개월)",
        "5개 중소기업 대상 파일럿 프로그램 진행(1개월)",
        "서비스 개선 및 마케팅 강화(1개월)"
      ],
      "metrics": [
        "컨설팅 참여 기업 수",
        "ESG 경영 관련 지표 개선율",
        "고객 만족도",
        "플랫폼 이용률",
        "매출액"
      ],
      "priority_score": 3.5
    }
  ]
}