{
  "stats": {
    "num_docs": 196
  },
  "keywords": [
    {
      "keyword": "반도체",
      "score": 5.802584690562988
    },
    {
      "keyword": "기술",
      "score": 4.965133494177384
    },
    {
      "keyword": "디스플레이",
      "score": 4.843101269836912
    },
    {
      "keyword": "삼성",
      "score": 3.751797305145968
    },
    {
      "keyword": "공정",
      "score": 3.2376146689094423
    },
    {
      "keyword": "개발",
      "score": 3.1331389858028
    },
    {
      "keyword": "차세대",
      "score": 2.8326099606210104
    },
    {
      "keyword": "글로벌",
      "score": 2.830048126817594
    },
    {
      "keyword": "기판",
      "score": 2.8253059661346676
    },
    {
      "keyword": "패키징",
      "score": 2.4647748506136806
    },
    {
      "keyword": "애플",
      "score": 2.399327414148796
    },
    {
      "keyword": "전자",
      "score": 2.3843307807381002
    },
    {
      "keyword": "기업",
      "score": 2.3298541757114575
    },
    {
      "keyword": "통해",
      "score": 2.229533261150456
    },
    {
      "keyword": "분야",
      "score": 2.0542105545586122
    },
    {
      "keyword": "제품",
      "score": 1.9670755888728109
    },
    {
      "keyword": "마이크로",
      "score": 1.932489552030472
    },
    {
      "keyword": "환경성적표지",
      "score": 1.8993797729724577
    },
    {
      "keyword": "이노텍",
      "score": 1.8854454962512173
    },
    {
      "keyword": "인증",
      "score": 1.8535430634909287
    },
    {
      "keyword": "대만",
      "score": 1.8306330016988226
    },
    {
      "keyword": "스마트폰",
      "score": 1.7959547062442245
    },
    {
      "keyword": "포토",
      "score": 1.7568509184208554
    },
    {
      "keyword": "고신뢰성",
      "score": 1.7422728678513444
    },
    {
      "keyword": "이준식",
      "score": 1.7352534354569942
    },
    {
      "keyword": "중국",
      "score": 1.722809773424923
    },
    {
      "keyword": "부품",
      "score": 1.6939475807222677
    },
    {
      "keyword": "건설",
      "score": 1.6697822821504098
    },
    {
      "keyword": "미국",
      "score": 1.6588634533832454
    },
    {
      "keyword": "후공정",
      "score": 1.6024628182273672
    }
  ]
}