{
  "topics": [
    {
      "topic_id": 0,
      "top_words": [
        {
          "word": "the",
          "prob": 0.0675923302769661
        },
        {
          "word": "in",
          "prob": 0.04830778390169144
        },
        {
          "word": "and",
          "prob": 0.04830778390169144
        },
        {
          "word": "스타트업",
          "prob": 0.03866551071405411
        },
        {
          "word": "to",
          "prob": 0.03866551071405411
        },
        {
          "word": "of",
          "prob": 0.03866551071405411
        },
        {
          "word": "인천시",
          "prob": 0.03866551071405411
        },
        {
          "word": "more",
          "prob": 0.02902323752641678
        }
      ]
    },
    {
      "topic_id": 1,
      "top_words": [
        {
          "word": "선정",
          "prob": 0.09708188474178314
        },
        {
          "word": "과제",
          "prob": 0.056664783507585526
        },
        {
          "word": "브리프",
          "prob": 0.04858136177062988
        },
        {
          "word": "2025",
          "prob": 0.04049794003367424
        },
        {
          "word": "글로벌협력형",
          "prob": 0.04049794003367424
        },
        {
          "word": "중기부",
          "prob": 0.04049794003367424
        },
        {
          "word": "아폴론",
          "prob": 0.04049794003367424
        },
        {
          "word": "청호나이스",
          "prob": 0.0324145182967186
        }
      ]
    },
    {
      "topic_id": 2,
      "top_words": [
        {
          "word": "기술",
          "prob": 0.10697203129529953
        },
        {
          "word": "차세대",
          "prob": 0.0844634473323822
        },
        {
          "word": "삼성전기",
          "prob": 0.07320915907621384
        },
        {
          "word": "기판",
          "prob": 0.06195487082004547
        },
        {
          "word": "lg이노텍",
          "prob": 0.06195487082004547
        },
        {
          "word": "반도체",
          "prob": 0.05070057883858681
        },
        {
          "word": "kpca",
          "prob": 0.05070057883858681
        },
        {
          "word": "2025",
          "prob": 0.03944628685712814
        }
      ]
    },
    {
      "topic_id": 3,
      "top_words": [
        {
          "word": "애플",
          "prob": 0.0360022597014904
        },
        {
          "word": "dgist",
          "prob": 0.0360022597014904
        },
        {
          "word": "공정",
          "prob": 0.030866416171193123
        },
        {
          "word": "위한",
          "prob": 0.030866416171193123
        },
        {
          "word": "디스플레이",
          "prob": 0.030866416171193123
        },
        {
          "word": "lh",
          "prob": 0.025730574503540993
        },
        {
          "word": "강화",
          "prob": 0.025730574503540993
        },
        {
          "word": "직접",
          "prob": 0.025730574503540993
        }
      ]
    },
    {
      "topic_id": 4,
      "top_words": [
        {
          "word": "ai",
          "prob": 0.08519415557384491
        },
        {
          "word": "관련주",
          "prob": 0.03935563936829567
        },
        {
          "word": "기아",
          "prob": 0.032807283103466034
        },
        {
          "word": "기업",
          "prob": 0.032807283103466034
        },
        {
          "word": "출시",
          "prob": 0.032807283103466034
        },
        {
          "word": "체결",
          "prob": 0.0262589231133461
        },
        {
          "word": "본격화",
          "prob": 0.0262589231133461
        },
        {
          "word": "키아프",
          "prob": 0.0262589231133461
        }
      ]
    },
    {
      "topic_id": 5,
      "top_words": [
        {
          "word": "반도체",
          "prob": 0.045903999358415604
        },
        {
          "word": "세계",
          "prob": 0.03935563936829567
        },
        {
          "word": "시장",
          "prob": 0.03935563936829567
        },
        {
          "word": "삼성전자",
          "prob": 0.03935563936829567
        },
        {
          "word": "중국",
          "prob": 0.0262589231133461
        },
        {
          "word": "세미콘",
          "prob": 0.0262589231133461
        },
        {
          "word": "lg전자",
          "prob": 0.0262589231133461
        },
        {
          "word": "ai",
          "prob": 0.0262589231133461
        }
      ]
    }
  ],
  "doc_topics": [
    [
      {
        "topic_id": 5,
        "prob": 0.954349935054779
      },
      {
        "topic_id": 4,
        "prob": 0.011304150335490704
      },
      {
        "topic_id": 3,
        "prob": 0.010415978729724884
      }
    ],
    [
      {
        "topic_id": 5,
        "prob": 0.933419942855835
      },
      {
        "topic_id": 4,
        "prob": 0.016486965119838715
      },
      {
        "topic_id": 3,
        "prob": 0.015191576443612576
      }
    ],
    [
      {
        "topic_id": 4,
        "prob": 0.8771263360977173
      },
      {
        "topic_id": 5,
        "prob": 0.030367916449904442
      },
      {
        "topic_id": 3,
        "prob": 0.02805398404598236
      }
    ],
    [
      {
        "topic_id": 2,
        "prob": 0.9315025806427002
      },
      {
        "topic_id": 4,
        "prob": 0.016486965119838715
      },
      {
        "topic_id": 5,
        "prob": 0.016444599255919456
      }
    ],
    [
      {
        "topic_id": 2,
        "prob": 0.8735073208808899
      },
      {
        "topic_id": 4,
        "prob": 0.03044615127146244
      },
      {
        "topic_id": 5,
        "prob": 0.030367916449904442
      }
    ],
    [
      {
        "topic_id": 2,
        "prob": 0.9315025806427002
      },
      {
        "topic_id": 4,
        "prob": 0.016486965119838715
      },
      {
        "topic_id": 5,
        "prob": 0.016444599255919456
      }
    ],
    [
      {
        "topic_id": 5,
        "prob": 0.954349935054779
      },
      {
        "topic_id": 4,
        "prob": 0.011304150335490704
      },
      {
        "topic_id": 3,
        "prob": 0.010415978729724884
      }
    ],
    [
      {
        "topic_id": 3,
        "prob": 0.9321668744087219
      },
      {
        "topic_id": 4,
        "prob": 0.016486965119838715
      },
      {
        "topic_id": 5,
        "prob": 0.016444599255919456
      }
    ],
    [
      {
        "topic_id": 5,
        "prob": 0.9765062928199768
      },
      {
        "topic_id": 4,
        "prob": 0.005817661061882973
      },
      {
        "topic_id": 3,
        "prob": 0.005360564682632685
      }
    ],
    [
      {
        "topic_id": 0,
        "prob": 0.9499504566192627
      },
      {
        "topic_id": 4,
        "prob": 0.011304150335490704
      },
      {
        "topic_id": 5,
        "prob": 0.011275103315711021
      }
    ],
    [
      {
        "topic_id": 4,
        "prob": 0.9334623217582703
      },
      {
        "topic_id": 5,
        "prob": 0.016444599255919456
      },
      {
        "topic_id": 3,
        "prob": 0.015191576443612576
      }
    ],
    [
      {
        "topic_id": 5,
        "prob": 0.954349935054779
      },
      {
        "topic_id": 4,
        "prob": 0.011304150335490704
      },
      {
        "topic_id": 3,
        "prob": 0.010415978729724884
      }
    ],
    [
      {
        "topic_id": 4,
        "prob": 0.19857929646968842
      },
      {
        "topic_id": 5,
        "prob": 0.1980690211057663
      },
      {
        "topic_id": 3,
        "prob": 0.1829768270254135
      }
    ],
    [
      {
        "topic_id": 4,
        "prob": 0.19857929646968842
      },
      {
        "topic_id": 5,
        "prob": 0.1980690211057663
      },
      {
        "topic_id": 3,
        "prob": 0.1829768270254135
      }
    ],
    [
      {
        "topic_id": 5,
        "prob": 0.9652681946754456
      },
      {
        "topic_id": 4,
        "prob": 0.0086005087941885
      },
      {
        "topic_id": 3,
        "prob": 0.007924763485789299
      }
    ],
    [
      {
        "topic_id": 4,
        "prob": 0.9334623217582703
      },
      {
        "topic_id": 5,
        "prob": 0.016444599255919456
      },
      {
        "topic_id": 3,
        "prob": 0.015191576443612576
      }
    ],
    [
      {
        "topic_id": 2,
        "prob": 0.9315025806427002
      },
      {
        "topic_id": 4,
        "prob": 0.016486965119838715
      },
      {
        "topic_id": 5,
        "prob": 0.016444599255919456
      }
    ],
    [
      {
        "topic_id": 3,
        "prob": 0.4736792743206024
      },
      {
        "topic_id": 2,
        "prob": 0.4730149209499359
      },
      {
        "topic_id": 4,
        "prob": 0.016486965119838715
      }
    ],
    [
      {
        "topic_id": 5,
        "prob": 0.954349935054779
      },
      {
        "topic_id": 4,
        "prob": 0.011304150335490704
      },
      {
        "topic_id": 3,
        "prob": 0.010415978729724884
      }
    ],
    [
      {
        "topic_id": 4,
        "prob": 0.9543790221214294
      },
      {
        "topic_id": 5,
        "prob": 0.011275103315711021
      },
      {
        "topic_id": 3,
        "prob": 0.010415978729724884
      }
    ],
    [
      {
        "topic_id": 2,
        "prob": 0.9758297801017761
      },
      {
        "topic_id": 4,
        "prob": 0.005817661061882973
      },
      {
        "topic_id": 5,
        "prob": 0.005802711471915245
      }
    ],
    [
      {
        "topic_id": 2,
        "prob": 0.7250955104827881
      },
      {
        "topic_id": 4,
        "prob": 0.2477729618549347
      },
      {
        "topic_id": 5,
        "prob": 0.008578409440815449
      }
    ],
    [
      {
        "topic_id": 4,
        "prob": 0.9543790221214294
      },
      {
        "topic_id": 5,
        "prob": 0.011275103315711021
      },
      {
        "topic_id": 3,
        "prob": 0.010415978729724884
      }
    ],
    [
      {
        "topic_id": 2,
        "prob": 0.7372722029685974
      },
      {
        "topic_id": 5,
        "prob": 0.2488505244255066
      },
      {
        "topic_id": 4,
        "prob": 0.0043954383581876755
      }
    ],
    [
      {
        "topic_id": 2,
        "prob": 0.9817385077476501
      },
      {
        "topic_id": 4,
        "prob": 0.0043954383581876755
      },
      {
        "topic_id": 5,
        "prob": 0.004384143743664026
      }
    ],
    [
      {
        "topic_id": 4,
        "prob": 0.19857929646968842
      },
      {
        "topic_id": 5,
        "prob": 0.1980690211057663
      },
      {
        "topic_id": 3,
        "prob": 0.1829768270254135
      }
    ],
    [
      {
        "topic_id": 0,
        "prob": 0.86519855260849
      },
      {
        "topic_id": 4,
        "prob": 0.03044615127146244
      },
      {
        "topic_id": 5,
        "prob": 0.030367916449904442
      }
    ],
    [
      {
        "topic_id": 0,
        "prob": 0.9270033240318298
      },
      {
        "topic_id": 4,
        "prob": 0.016486965119838715
      },
      {
        "topic_id": 5,
        "prob": 0.016444599255919456
      }
    ],
    [
      {
        "topic_id": 5,
        "prob": 0.58595210313797
      },
      {
        "topic_id": 4,
        "prob": 0.39296016097068787
      },
      {
        "topic_id": 3,
        "prob": 0.006395206321030855
      }
    ],
    [
      {
        "topic_id": 3,
        "prob": 0.9714442491531372
      },
      {
        "topic_id": 4,
        "prob": 0.00694052642211318
      },
      {
        "topic_id": 5,
        "prob": 0.006922692060470581
      }
    ],
    [
      {
        "topic_id": 3,
        "prob": 0.9714442491531372
      },
      {
        "topic_id": 4,
        "prob": 0.00694052642211318
      },
      {
        "topic_id": 5,
        "prob": 0.006922692060470581
      }
    ],
    [
      {
        "topic_id": 3,
        "prob": 0.9646145105361938
      },
      {
        "topic_id": 4,
        "prob": 0.0086005087941885
      },
      {
        "topic_id": 5,
        "prob": 0.008578409440815449
      }
    ],
    [
      {
        "topic_id": 3,
        "prob": 0.9534907937049866
      },
      {
        "topic_id": 4,
        "prob": 0.011304150335490704
      },
      {
        "topic_id": 5,
        "prob": 0.011275103315711021
      }
    ],
    [
      {
        "topic_id": 3,
        "prob": 0.7784344553947449
      },
      {
        "topic_id": 4,
        "prob": 0.19995035231113434
      },
      {
        "topic_id": 5,
        "prob": 0.006922692060470581
      }
    ],
    [
      {
        "topic_id": 4,
        "prob": 0.8771263360977173
      },
      {
        "topic_id": 5,
        "prob": 0.030367916449904442
      },
      {
        "topic_id": 3,
        "prob": 0.02805398404598236
      }
    ],
    [
      {
        "topic_id": 3,
        "prob": 0.976064145565033
      },
      {
        "topic_id": 4,
        "prob": 0.005817661061882973
      },
      {
        "topic_id": 5,
        "prob": 0.005802711471915245
      }
    ],
    [
      {
        "topic_id": 4,
        "prob": 0.19857929646968842
      },
      {
        "topic_id": 5,
        "prob": 0.1980690211057663
      },
      {
        "topic_id": 3,
        "prob": 0.1829768270254135
      }
    ],
    [
      {
        "topic_id": 3,
        "prob": 0.8142802119255066
      },
      {
        "topic_id": 5,
        "prob": 0.16758665442466736
      },
      {
        "topic_id": 4,
        "prob": 0.005817661061882973
      }
    ],
    [
      {
        "topic_id": 3,
        "prob": 0.9714442491531372
      },
      {
        "topic_id": 4,
        "prob": 0.00694052642211318
      },
      {
        "topic_id": 5,
        "prob": 0.006922692060470581
      }
    ],
    [
      {
        "topic_id": 3,
        "prob": 0.9321668744087219
      },
      {
        "topic_id": 4,
        "prob": 0.016486965119838715
      },
      {
        "topic_id": 5,
        "prob": 0.016444599255919456
      }
    ],
    [
      {
        "topic_id": 0,
        "prob": 0.86519855260849
      },
      {
        "topic_id": 4,
        "prob": 0.03044615127146244
      },
      {
        "topic_id": 5,
        "prob": 0.030367916449904442
      }
    ],
    [
      {
        "topic_id": 4,
        "prob": 0.19857929646968842
      },
      {
        "topic_id": 5,
        "prob": 0.1980690211057663
      },
      {
        "topic_id": 3,
        "prob": 0.1829768270254135
      }
    ],
    [
      {
        "topic_id": 3,
        "prob": 0.9534907937049866
      },
      {
        "topic_id": 4,
        "prob": 0.011304150335490704
      },
      {
        "topic_id": 5,
        "prob": 0.011275103315711021
      }
    ],
    [
      {
        "topic_id": 3,
        "prob": 0.9819157123565674
      },
      {
        "topic_id": 4,
        "prob": 0.0043954383581876755
      },
      {
        "topic_id": 5,
        "prob": 0.004384143743664026
      }
    ],
    [
      {
        "topic_id": 3,
        "prob": 0.9867678880691528
      },
      {
        "topic_id": 4,
        "prob": 0.0032160968985408545
      },
      {
        "topic_id": 5,
        "prob": 0.003207832807675004
      }
    ],
    [
      {
        "topic_id": 1,
        "prob": 0.9501686692237854
      },
      {
        "topic_id": 4,
        "prob": 0.011304150335490704
      },
      {
        "topic_id": 5,
        "prob": 0.011275103315711021
      }
    ],
    [
      {
        "topic_id": 3,
        "prob": 0.5854246020317078
      },
      {
        "topic_id": 2,
        "prob": 0.3921351730823517
      },
      {
        "topic_id": 4,
        "prob": 0.00694052642211318
      }
    ],
    [
      {
        "topic_id": 3,
        "prob": 0.9819157123565674
      },
      {
        "topic_id": 4,
        "prob": 0.0043954383581876755
      },
      {
        "topic_id": 5,
        "prob": 0.004384143743664026
      }
    ],
    [
      {
        "topic_id": 1,
        "prob": 0.9273216128349304
      },
      {
        "topic_id": 4,
        "prob": 0.016486965119838715
      },
      {
        "topic_id": 5,
        "prob": 0.016444599255919456
      }
    ],
    [
      {
        "topic_id": 3,
        "prob": 0.976064145565033
      },
      {
        "topic_id": 4,
        "prob": 0.005817661061882973
      },
      {
        "topic_id": 5,
        "prob": 0.005802711471915245
      }
    ],
    [
      {
        "topic_id": 3,
        "prob": 0.9838854074478149
      },
      {
        "topic_id": 4,
        "prob": 0.003916688729077578
      },
      {
        "topic_id": 5,
        "prob": 0.003906624391674995
      }
    ],
    [
      {
        "topic_id": 3,
        "prob": 0.9838854074478149
      },
      {
        "topic_id": 4,
        "prob": 0.003916688729077578
      },
      {
        "topic_id": 5,
        "prob": 0.003906624391674995
      }
    ],
    [
      {
        "topic_id": 4,
        "prob": 0.6400207281112671
      },
      {
        "topic_id": 5,
        "prob": 0.3256334066390991
      },
      {
        "topic_id": 3,
        "prob": 0.010415978729724884
      }
    ],
    [
      {
        "topic_id": 5,
        "prob": 0.8770480751991272
      },
      {
        "topic_id": 4,
        "prob": 0.03044615127146244
      },
      {
        "topic_id": 3,
        "prob": 0.02805398404598236
      }
    ],
    [
      {
        "topic_id": 0,
        "prob": 0.974242091178894
      },
      {
        "topic_id": 4,
        "prob": 0.005817661061882973
      },
      {
        "topic_id": 5,
        "prob": 0.005802711471915245
      }
    ],
    [
      {
        "topic_id": 4,
        "prob": 0.474974662065506
      },
      {
        "topic_id": 1,
        "prob": 0.46883389353752136
      },
      {
        "topic_id": 5,
        "prob": 0.016444599255919456
      }
    ],
    [
      {
        "topic_id": 5,
        "prob": 0.7260957360267639
      },
      {
        "topic_id": 4,
        "prob": 0.2477729618549347
      },
      {
        "topic_id": 3,
        "prob": 0.007924763485789299
      }
    ],
    [
      {
        "topic_id": 5,
        "prob": 0.954349935054779
      },
      {
        "topic_id": 4,
        "prob": 0.011304150335490704
      },
      {
        "topic_id": 3,
        "prob": 0.010415978729724884
      }
    ],
    [
      {
        "topic_id": 0,
        "prob": 0.9270033240318298
      },
      {
        "topic_id": 4,
        "prob": 0.016486965119838715
      },
      {
        "topic_id": 5,
        "prob": 0.016444599255919456
      }
    ],
    [
      {
        "topic_id": 2,
        "prob": 0.6522619128227234
      },
      {
        "topic_id": 3,
        "prob": 0.3289284110069275
      },
      {
        "topic_id": 4,
        "prob": 0.005817661061882973
      }
    ],
    [
      {
        "topic_id": 5,
        "prob": 0.8770480751991272
      },
      {
        "topic_id": 4,
        "prob": 0.03044615127146244
      },
      {
        "topic_id": 3,
        "prob": 0.02805398404598236
      }
    ],
    [
      {
        "topic_id": 4,
        "prob": 0.19857929646968842
      },
      {
        "topic_id": 5,
        "prob": 0.1980690211057663
      },
      {
        "topic_id": 3,
        "prob": 0.1829768270254135
      }
    ],
    [
      {
        "topic_id": 3,
        "prob": 0.9321668744087219
      },
      {
        "topic_id": 4,
        "prob": 0.016486965119838715
      },
      {
        "topic_id": 5,
        "prob": 0.016444599255919456
      }
    ],
    [
      {
        "topic_id": 0,
        "prob": 0.9499504566192627
      },
      {
        "topic_id": 4,
        "prob": 0.011304150335490704
      },
      {
        "topic_id": 5,
        "prob": 0.011275103315711021
      }
    ],
    [
      {
        "topic_id": 4,
        "prob": 0.8771263360977173
      },
      {
        "topic_id": 5,
        "prob": 0.030367916449904442
      },
      {
        "topic_id": 3,
        "prob": 0.02805398404598236
      }
    ],
    [
      {
        "topic_id": 5,
        "prob": 0.9652681946754456
      },
      {
        "topic_id": 4,
        "prob": 0.0086005087941885
      },
      {
        "topic_id": 3,
        "prob": 0.007924763485789299
      }
    ],
    [
      {
        "topic_id": 2,
        "prob": 0.8735073208808899
      },
      {
        "topic_id": 4,
        "prob": 0.03044615127146244
      },
      {
        "topic_id": 5,
        "prob": 0.030367916449904442
      }
    ],
    [
      {
        "topic_id": 0,
        "prob": 0.86519855260849
      },
      {
        "topic_id": 4,
        "prob": 0.03044615127146244
      },
      {
        "topic_id": 5,
        "prob": 0.030367916449904442
      }
    ],
    [
      {
        "topic_id": 3,
        "prob": 0.9534907937049866
      },
      {
        "topic_id": 4,
        "prob": 0.011304150335490704
      },
      {
        "topic_id": 5,
        "prob": 0.011275103315711021
      }
    ],
    [
      {
        "topic_id": 3,
        "prob": 0.9819157123565674
      },
      {
        "topic_id": 4,
        "prob": 0.0043954383581876755
      },
      {
        "topic_id": 5,
        "prob": 0.004384143743664026
      }
    ],
    [
      {
        "topic_id": 3,
        "prob": 0.9819157123565674
      },
      {
        "topic_id": 4,
        "prob": 0.0043954383581876755
      },
      {
        "topic_id": 5,
        "prob": 0.004384143743664026
      }
    ],
    [
      {
        "topic_id": 3,
        "prob": 0.7254420518875122
      },
      {
        "topic_id": 4,
        "prob": 0.2477729618549347
      },
      {
        "topic_id": 5,
        "prob": 0.008578409440815449
      }
    ],
    [
      {
        "topic_id": 1,
        "prob": 0.9694045186042786
      },
      {
        "topic_id": 4,
        "prob": 0.00694052642211318
      },
      {
        "topic_id": 5,
        "prob": 0.006922692060470581
      }
    ],
    [
      {
        "topic_id": 1,
        "prob": 0.9743543863296509
      },
      {
        "topic_id": 4,
        "prob": 0.005817661061882973
      },
      {
        "topic_id": 5,
        "prob": 0.005802711471915245
      }
    ],
    [
      {
        "topic_id": 1,
        "prob": 0.9743543863296509
      },
      {
        "topic_id": 4,
        "prob": 0.005817661061882973
      },
      {
        "topic_id": 5,
        "prob": 0.005802711471915245
      }
    ],
    [
      {
        "topic_id": 1,
        "prob": 0.9694045186042786
      },
      {
        "topic_id": 4,
        "prob": 0.00694052642211318
      },
      {
        "topic_id": 5,
        "prob": 0.006922692060470581
      }
    ],
    [
      {
        "topic_id": 1,
        "prob": 0.9743543863296509
      },
      {
        "topic_id": 4,
        "prob": 0.005817661061882973
      },
      {
        "topic_id": 5,
        "prob": 0.005802711471915245
      }
    ],
    [
      {
        "topic_id": 2,
        "prob": 0.9642680287361145
      },
      {
        "topic_id": 4,
        "prob": 0.0086005087941885
      },
      {
        "topic_id": 5,
        "prob": 0.008578409440815449
      }
    ],
    [
      {
        "topic_id": 5,
        "prob": 0.954349935054779
      },
      {
        "topic_id": 4,
        "prob": 0.011304150335490704
      },
      {
        "topic_id": 3,
        "prob": 0.010415978729724884
      }
    ],
    [
      {
        "topic_id": 1,
        "prob": 0.9694045186042786
      },
      {
        "topic_id": 4,
        "prob": 0.00694052642211318
      },
      {
        "topic_id": 5,
        "prob": 0.006922692060470581
      }
    ],
    [
      {
        "topic_id": 2,
        "prob": 0.9315025806427002
      },
      {
        "topic_id": 4,
        "prob": 0.016486965119838715
      },
      {
        "topic_id": 5,
        "prob": 0.016444599255919456
      }
    ],
    [
      {
        "topic_id": 2,
        "prob": 0.9758297801017761
      },
      {
        "topic_id": 4,
        "prob": 0.005817661061882973
      },
      {
        "topic_id": 5,
        "prob": 0.005802711471915245
      }
    ],
    [
      {
        "topic_id": 0,
        "prob": 0.9805390238761902
      },
      {
        "topic_id": 4,
        "prob": 0.0043954383581876755
      },
      {
        "topic_id": 5,
        "prob": 0.004384143743664026
      }
    ],
    [
      {
        "topic_id": 0,
        "prob": 0.9692705869674683
      },
      {
        "topic_id": 4,
        "prob": 0.00694052642211318
      },
      {
        "topic_id": 5,
        "prob": 0.006922692060470581
      }
    ],
    [
      {
        "topic_id": 4,
        "prob": 0.19857929646968842
      },
      {
        "topic_id": 5,
        "prob": 0.1980690211057663
      },
      {
        "topic_id": 3,
        "prob": 0.1829768270254135
      }
    ],
    [
      {
        "topic_id": 0,
        "prob": 0.9692705869674683
      },
      {
        "topic_id": 4,
        "prob": 0.00694052642211318
      },
      {
        "topic_id": 5,
        "prob": 0.006922692060470581
      }
    ],
    [
      {
        "topic_id": 1,
        "prob": 0.9501686692237854
      },
      {
        "topic_id": 4,
        "prob": 0.011304150335490704
      },
      {
        "topic_id": 5,
        "prob": 0.011275103315711021
      }
    ],
    [
      {
        "topic_id": 0,
        "prob": 0.9499504566192627
      },
      {
        "topic_id": 4,
        "prob": 0.011304150335490704
      },
      {
        "topic_id": 5,
        "prob": 0.011275103315711021
      }
    ],
    [
      {
        "topic_id": 1,
        "prob": 0.9806238412857056
      },
      {
        "topic_id": 4,
        "prob": 0.0043954383581876755
      },
      {
        "topic_id": 5,
        "prob": 0.004384143743664026
      }
    ],
    [
      {
        "topic_id": 5,
        "prob": 0.954349935054779
      },
      {
        "topic_id": 4,
        "prob": 0.011304150335490704
      },
      {
        "topic_id": 3,
        "prob": 0.010415978729724884
      }
    ],
    [
      {
        "topic_id": 1,
        "prob": 0.9779256582260132
      },
      {
        "topic_id": 4,
        "prob": 0.0050075240433216095
      },
      {
        "topic_id": 5,
        "prob": 0.004994656424969435
      }
    ],
    [
      {
        "topic_id": 1,
        "prob": 0.9694045186042786
      },
      {
        "topic_id": 4,
        "prob": 0.00694052642211318
      },
      {
        "topic_id": 5,
        "prob": 0.006922692060470581
      }
    ],
    [
      {
        "topic_id": 5,
        "prob": 0.933419942855835
      },
      {
        "topic_id": 4,
        "prob": 0.016486965119838715
      },
      {
        "topic_id": 3,
        "prob": 0.015191576443612576
      }
    ],
    [
      {
        "topic_id": 5,
        "prob": 0.9797779321670532
      },
      {
        "topic_id": 4,
        "prob": 0.0050075240433216095
      },
      {
        "topic_id": 3,
        "prob": 0.004614080768078566
      }
    ],
    [
      {
        "topic_id": 2,
        "prob": 0.9817385077476501
      },
      {
        "topic_id": 4,
        "prob": 0.0043954383581876755
      },
      {
        "topic_id": 5,
        "prob": 0.004384143743664026
      }
    ],
    [
      {
        "topic_id": 4,
        "prob": 0.9719895720481873
      },
      {
        "topic_id": 5,
        "prob": 0.006922692060470581
      },
      {
        "topic_id": 3,
        "prob": 0.006395206321030855
      }
    ],
    [
      {
        "topic_id": 4,
        "prob": 0.9334623217582703
      },
      {
        "topic_id": 5,
        "prob": 0.016444599255919456
      },
      {
        "topic_id": 3,
        "prob": 0.015191576443612576
      }
    ],
    [
      {
        "topic_id": 2,
        "prob": 0.9791955947875977
      },
      {
        "topic_id": 4,
        "prob": 0.0050075240433216095
      },
      {
        "topic_id": 5,
        "prob": 0.004994656424969435
      }
    ],
    [
      {
        "topic_id": 4,
        "prob": 0.19857929646968842
      },
      {
        "topic_id": 5,
        "prob": 0.1980690211057663
      },
      {
        "topic_id": 3,
        "prob": 0.1829768270254135
      }
    ],
    [
      {
        "topic_id": 4,
        "prob": 0.19857929646968842
      },
      {
        "topic_id": 5,
        "prob": 0.1980690211057663
      },
      {
        "topic_id": 3,
        "prob": 0.1829768270254135
      }
    ],
    [
      {
        "topic_id": 4,
        "prob": 0.19857929646968842
      },
      {
        "topic_id": 5,
        "prob": 0.1980690211057663
      },
      {
        "topic_id": 3,
        "prob": 0.1829768270254135
      }
    ],
    [
      {
        "topic_id": 0,
        "prob": 0.7762607932090759
      },
      {
        "topic_id": 5,
        "prob": 0.1999325156211853
      },
      {
        "topic_id": 4,
        "prob": 0.00694052642211318
      }
    ],
    [
      {
        "topic_id": 0,
        "prob": 0.961920976638794
      },
      {
        "topic_id": 4,
        "prob": 0.0086005087941885
      },
      {
        "topic_id": 5,
        "prob": 0.008578409440815449
      }
    ],
    [
      {
        "topic_id": 4,
        "prob": 0.19857929646968842
      },
      {
        "topic_id": 5,
        "prob": 0.1980690211057663
      },
      {
        "topic_id": 3,
        "prob": 0.1829768270254135
      }
    ],
    [
      {
        "topic_id": 0,
        "prob": 0.9499504566192627
      },
      {
        "topic_id": 4,
        "prob": 0.011304150335490704
      },
      {
        "topic_id": 5,
        "prob": 0.011275103315711021
      }
    ],
    [
      {
        "topic_id": 0,
        "prob": 0.6355921626091003
      },
      {
        "topic_id": 4,
        "prob": 0.32566243410110474
      },
      {
        "topic_id": 5,
        "prob": 0.011275103315711021
      }
    ],
    [
      {
        "topic_id": 4,
        "prob": 0.8771263360977173
      },
      {
        "topic_id": 5,
        "prob": 0.030367916449904442
      },
      {
        "topic_id": 3,
        "prob": 0.02805398404598236
      }
    ],
    [
      {
        "topic_id": 3,
        "prob": 0.9534907937049866
      },
      {
        "topic_id": 4,
        "prob": 0.011304150335490704
      },
      {
        "topic_id": 5,
        "prob": 0.011275103315711021
      }
    ],
    [
      {
        "topic_id": 4,
        "prob": 0.9652902483940125
      },
      {
        "topic_id": 5,
        "prob": 0.008578409440815449
      },
      {
        "topic_id": 3,
        "prob": 0.007924763485789299
      }
    ],
    [
      {
        "topic_id": 4,
        "prob": 0.48694539070129395
      },
      {
        "topic_id": 2,
        "prob": 0.48592308163642883
      },
      {
        "topic_id": 5,
        "prob": 0.008578409440815449
      }
    ],
    [
      {
        "topic_id": 4,
        "prob": 0.9543790221214294
      },
      {
        "topic_id": 5,
        "prob": 0.011275103315711021
      },
      {
        "topic_id": 3,
        "prob": 0.010415978729724884
      }
    ],
    [
      {
        "topic_id": 5,
        "prob": 0.9719718098640442
      },
      {
        "topic_id": 4,
        "prob": 0.00694052642211318
      },
      {
        "topic_id": 3,
        "prob": 0.006395206321030855
      }
    ],
    [
      {
        "topic_id": 3,
        "prob": 0.9646145105361938
      },
      {
        "topic_id": 4,
        "prob": 0.0086005087941885
      },
      {
        "topic_id": 5,
        "prob": 0.008578409440815449
      }
    ],
    [
      {
        "topic_id": 5,
        "prob": 0.8770480751991272
      },
      {
        "topic_id": 4,
        "prob": 0.03044615127146244
      },
      {
        "topic_id": 3,
        "prob": 0.02805398404598236
      }
    ],
    [
      {
        "topic_id": 2,
        "prob": 0.7250955104827881
      },
      {
        "topic_id": 1,
        "prob": 0.2445695996284485
      },
      {
        "topic_id": 4,
        "prob": 0.0086005087941885
      }
    ],
    [
      {
        "topic_id": 3,
        "prob": 0.7254420518875122
      },
      {
        "topic_id": 2,
        "prob": 0.24675065279006958
      },
      {
        "topic_id": 4,
        "prob": 0.0086005087941885
      }
    ],
    [
      {
        "topic_id": 3,
        "prob": 0.9321668744087219
      },
      {
        "topic_id": 4,
        "prob": 0.016486965119838715
      },
      {
        "topic_id": 5,
        "prob": 0.016444599255919456
      }
    ],
    [
      {
        "topic_id": 4,
        "prob": 0.9334623217582703
      },
      {
        "topic_id": 5,
        "prob": 0.016444599255919456
      },
      {
        "topic_id": 3,
        "prob": 0.015191576443612576
      }
    ],
    [
      {
        "topic_id": 1,
        "prob": 0.9620869159698486
      },
      {
        "topic_id": 4,
        "prob": 0.0086005087941885
      },
      {
        "topic_id": 5,
        "prob": 0.008578409440815449
      }
    ],
    [
      {
        "topic_id": 5,
        "prob": 0.933419942855835
      },
      {
        "topic_id": 4,
        "prob": 0.016486965119838715
      },
      {
        "topic_id": 3,
        "prob": 0.015191576443612576
      }
    ],
    [
      {
        "topic_id": 4,
        "prob": 0.19857929646968842
      },
      {
        "topic_id": 5,
        "prob": 0.1980690211057663
      },
      {
        "topic_id": 3,
        "prob": 0.1829768270254135
      }
    ],
    [
      {
        "topic_id": 4,
        "prob": 0.9719895720481873
      },
      {
        "topic_id": 5,
        "prob": 0.006922692060470581
      },
      {
        "topic_id": 3,
        "prob": 0.006395206321030855
      }
    ],
    [
      {
        "topic_id": 1,
        "prob": 0.9743543863296509
      },
      {
        "topic_id": 4,
        "prob": 0.005817661061882973
      },
      {
        "topic_id": 5,
        "prob": 0.005802711471915245
      }
    ],
    [
      {
        "topic_id": 5,
        "prob": 0.9652681946754456
      },
      {
        "topic_id": 4,
        "prob": 0.0086005087941885
      },
      {
        "topic_id": 3,
        "prob": 0.007924763485789299
      }
    ],
    [
      {
        "topic_id": 4,
        "prob": 0.19857929646968842
      },
      {
        "topic_id": 5,
        "prob": 0.1980690211057663
      },
      {
        "topic_id": 3,
        "prob": 0.1829768270254135
      }
    ],
    [
      {
        "topic_id": 3,
        "prob": 0.874734103679657
      },
      {
        "topic_id": 4,
        "prob": 0.03044615127146244
      },
      {
        "topic_id": 5,
        "prob": 0.030367916449904442
      }
    ],
    [
      {
        "topic_id": 1,
        "prob": 0.9743543863296509
      },
      {
        "topic_id": 4,
        "prob": 0.005817661061882973
      },
      {
        "topic_id": 5,
        "prob": 0.005802711471915245
      }
    ],
    [
      {
        "topic_id": 3,
        "prob": 0.7254420518875122
      },
      {
        "topic_id": 1,
        "prob": 0.2445695996284485
      },
      {
        "topic_id": 4,
        "prob": 0.0086005087941885
      }
    ],
    [
      {
        "topic_id": 3,
        "prob": 0.9646145105361938
      },
      {
        "topic_id": 4,
        "prob": 0.0086005087941885
      },
      {
        "topic_id": 5,
        "prob": 0.008578409440815449
      }
    ],
    [
      {
        "topic_id": 3,
        "prob": 0.9321668744087219
      },
      {
        "topic_id": 4,
        "prob": 0.016486965119838715
      },
      {
        "topic_id": 5,
        "prob": 0.016444599255919456
      }
    ],
    [
      {
        "topic_id": 1,
        "prob": 0.9273216128349304
      },
      {
        "topic_id": 4,
        "prob": 0.016486965119838715
      },
      {
        "topic_id": 5,
        "prob": 0.016444599255919456
      }
    ],
    [
      {
        "topic_id": 2,
        "prob": 0.8735073208808899
      },
      {
        "topic_id": 4,
        "prob": 0.03044615127146244
      },
      {
        "topic_id": 5,
        "prob": 0.030367916449904442
      }
    ],
    [
      {
        "topic_id": 0,
        "prob": 0.86519855260849
      },
      {
        "topic_id": 4,
        "prob": 0.03044615127146244
      },
      {
        "topic_id": 5,
        "prob": 0.030367916449904442
      }
    ],
    [
      {
        "topic_id": 4,
        "prob": 0.19857929646968842
      },
      {
        "topic_id": 5,
        "prob": 0.1980690211057663
      },
      {
        "topic_id": 3,
        "prob": 0.1829768270254135
      }
    ],
    [
      {
        "topic_id": 0,
        "prob": 0.9499504566192627
      },
      {
        "topic_id": 4,
        "prob": 0.011304150335490704
      },
      {
        "topic_id": 5,
        "prob": 0.011275103315711021
      }
    ],
    [
      {
        "topic_id": 2,
        "prob": 0.9642680287361145
      },
      {
        "topic_id": 4,
        "prob": 0.0086005087941885
      },
      {
        "topic_id": 5,
        "prob": 0.008578409440815449
      }
    ],
    [
      {
        "topic_id": 2,
        "prob": 0.8735073208808899
      },
      {
        "topic_id": 4,
        "prob": 0.03044615127146244
      },
      {
        "topic_id": 5,
        "prob": 0.030367916449904442
      }
    ],
    [
      {
        "topic_id": 4,
        "prob": 0.19857929646968842
      },
      {
        "topic_id": 5,
        "prob": 0.1980690211057663
      },
      {
        "topic_id": 3,
        "prob": 0.1829768270254135
      }
    ],
    [
      {
        "topic_id": 4,
        "prob": 0.9652902483940125
      },
      {
        "topic_id": 5,
        "prob": 0.008578409440815449
      },
      {
        "topic_id": 3,
        "prob": 0.007924763485789299
      }
    ],
    [
      {
        "topic_id": 3,
        "prob": 0.9534907937049866
      },
      {
        "topic_id": 4,
        "prob": 0.011304150335490704
      },
      {
        "topic_id": 5,
        "prob": 0.011275103315711021
      }
    ],
    [
      {
        "topic_id": 5,
        "prob": 0.6529384255409241
      },
      {
        "topic_id": 3,
        "prob": 0.16714449226856232
      },
      {
        "topic_id": 2,
        "prob": 0.1669100672006607
      }
    ],
    [
      {
        "topic_id": 3,
        "prob": 0.9646145105361938
      },
      {
        "topic_id": 4,
        "prob": 0.0086005087941885
      },
      {
        "topic_id": 5,
        "prob": 0.008578409440815449
      }
    ],
    [
      {
        "topic_id": 3,
        "prob": 0.9646145105361938
      },
      {
        "topic_id": 4,
        "prob": 0.0086005087941885
      },
      {
        "topic_id": 5,
        "prob": 0.008578409440815449
      }
    ],
    [
      {
        "topic_id": 4,
        "prob": 0.19857929646968842
      },
      {
        "topic_id": 5,
        "prob": 0.1980690211057663
      },
      {
        "topic_id": 3,
        "prob": 0.1829768270254135
      }
    ],
    [
      {
        "topic_id": 5,
        "prob": 0.9652681946754456
      },
      {
        "topic_id": 4,
        "prob": 0.0086005087941885
      },
      {
        "topic_id": 3,
        "prob": 0.007924763485789299
      }
    ],
    [
      {
        "topic_id": 4,
        "prob": 0.8771263360977173
      },
      {
        "topic_id": 5,
        "prob": 0.030367916449904442
      },
      {
        "topic_id": 3,
        "prob": 0.02805398404598236
      }
    ],
    [
      {
        "topic_id": 4,
        "prob": 0.19857929646968842
      },
      {
        "topic_id": 5,
        "prob": 0.1980690211057663
      },
      {
        "topic_id": 3,
        "prob": 0.1829768270254135
      }
    ],
    [
      {
        "topic_id": 2,
        "prob": 0.7781548500061035
      },
      {
        "topic_id": 5,
        "prob": 0.1999325156211853
      },
      {
        "topic_id": 4,
        "prob": 0.00694052642211318
      }
    ],
    [
      {
        "topic_id": 5,
        "prob": 0.933419942855835
      },
      {
        "topic_id": 4,
        "prob": 0.016486965119838715
      },
      {
        "topic_id": 3,
        "prob": 0.015191576443612576
      }
    ],
    [
      {
        "topic_id": 5,
        "prob": 0.933419942855835
      },
      {
        "topic_id": 4,
        "prob": 0.016486965119838715
      },
      {
        "topic_id": 3,
        "prob": 0.015191576443612576
      }
    ],
    [
      {
        "topic_id": 3,
        "prob": 0.874734103679657
      },
      {
        "topic_id": 4,
        "prob": 0.03044615127146244
      },
      {
        "topic_id": 5,
        "prob": 0.030367916449904442
      }
    ],
    [
      {
        "topic_id": 1,
        "prob": 0.9806238412857056
      },
      {
        "topic_id": 4,
        "prob": 0.0043954383581876755
      },
      {
        "topic_id": 5,
        "prob": 0.004384143743664026
      }
    ],
    [
      {
        "topic_id": 2,
        "prob": 0.9315025806427002
      },
      {
        "topic_id": 4,
        "prob": 0.016486965119838715
      },
      {
        "topic_id": 5,
        "prob": 0.016444599255919456
      }
    ],
    [
      {
        "topic_id": 4,
        "prob": 0.9652902483940125
      },
      {
        "topic_id": 5,
        "prob": 0.008578409440815449
      },
      {
        "topic_id": 3,
        "prob": 0.007924763485789299
      }
    ],
    [
      {
        "topic_id": 3,
        "prob": 0.48626962304115295
      },
      {
        "topic_id": 2,
        "prob": 0.48592308163642883
      },
      {
        "topic_id": 4,
        "prob": 0.0086005087941885
      }
    ],
    [
      {
        "topic_id": 4,
        "prob": 0.9543790221214294
      },
      {
        "topic_id": 5,
        "prob": 0.011275103315711021
      },
      {
        "topic_id": 3,
        "prob": 0.010415978729724884
      }
    ],
    [
      {
        "topic_id": 2,
        "prob": 0.7250955104827881
      },
      {
        "topic_id": 5,
        "prob": 0.24775086343288422
      },
      {
        "topic_id": 4,
        "prob": 0.0086005087941885
      }
    ],
    [
      {
        "topic_id": 4,
        "prob": 0.9797907471656799
      },
      {
        "topic_id": 5,
        "prob": 0.004994656424969435
      },
      {
        "topic_id": 3,
        "prob": 0.004614080768078566
      }
    ],
    [
      {
        "topic_id": 5,
        "prob": 0.9719718098640442
      },
      {
        "topic_id": 4,
        "prob": 0.00694052642211318
      },
      {
        "topic_id": 3,
        "prob": 0.006395206321030855
      }
    ],
    [
      {
        "topic_id": 4,
        "prob": 0.9765211939811707
      },
      {
        "topic_id": 5,
        "prob": 0.005802711471915245
      },
      {
        "topic_id": 3,
        "prob": 0.005360564682632685
      }
    ],
    [
      {
        "topic_id": 1,
        "prob": 0.8657863140106201
      },
      {
        "topic_id": 4,
        "prob": 0.03044615127146244
      },
      {
        "topic_id": 5,
        "prob": 0.030367916449904442
      }
    ],
    [
      {
        "topic_id": 4,
        "prob": 0.6400207281112671
      },
      {
        "topic_id": 5,
        "prob": 0.3256334066390991
      },
      {
        "topic_id": 3,
        "prob": 0.010415978729724884
      }
    ],
    [
      {
        "topic_id": 0,
        "prob": 0.86519855260849
      },
      {
        "topic_id": 4,
        "prob": 0.03044615127146244
      },
      {
        "topic_id": 5,
        "prob": 0.030367916449904442
      }
    ],
    [
      {
        "topic_id": 0,
        "prob": 0.961920976638794
      },
      {
        "topic_id": 4,
        "prob": 0.0086005087941885
      },
      {
        "topic_id": 5,
        "prob": 0.008578409440815449
      }
    ],
    [
      {
        "topic_id": 0,
        "prob": 0.86519855260849
      },
      {
        "topic_id": 4,
        "prob": 0.03044615127146244
      },
      {
        "topic_id": 5,
        "prob": 0.030367916449904442
      }
    ],
    [
      {
        "topic_id": 4,
        "prob": 0.19857929646968842
      },
      {
        "topic_id": 5,
        "prob": 0.1980690211057663
      },
      {
        "topic_id": 3,
        "prob": 0.1829768270254135
      }
    ],
    [
      {
        "topic_id": 0,
        "prob": 0.9270033240318298
      },
      {
        "topic_id": 4,
        "prob": 0.016486965119838715
      },
      {
        "topic_id": 5,
        "prob": 0.016444599255919456
      }
    ],
    [
      {
        "topic_id": 0,
        "prob": 0.86519855260849
      },
      {
        "topic_id": 4,
        "prob": 0.03044615127146244
      },
      {
        "topic_id": 5,
        "prob": 0.030367916449904442
      }
    ],
    [
      {
        "topic_id": 0,
        "prob": 0.9499504566192627
      },
      {
        "topic_id": 4,
        "prob": 0.011304150335490704
      },
      {
        "topic_id": 5,
        "prob": 0.011275103315711021
      }
    ],
    [
      {
        "topic_id": 4,
        "prob": 0.9719895720481873
      },
      {
        "topic_id": 5,
        "prob": 0.006922692060470581
      },
      {
        "topic_id": 3,
        "prob": 0.006395206321030855
      }
    ],
    [
      {
        "topic_id": 4,
        "prob": 0.19857929646968842
      },
      {
        "topic_id": 5,
        "prob": 0.1980690211057663
      },
      {
        "topic_id": 3,
        "prob": 0.1829768270254135
      }
    ],
    [
      {
        "topic_id": 3,
        "prob": 0.48626962304115295
      },
      {
        "topic_id": 4,
        "prob": 0.2477729618549347
      },
      {
        "topic_id": 2,
        "prob": 0.24675065279006958
      }
    ],
    [
      {
        "topic_id": 0,
        "prob": 0.5832509398460388
      },
      {
        "topic_id": 1,
        "prob": 0.3903751075267792
      },
      {
        "topic_id": 4,
        "prob": 0.00694052642211318
      }
    ],
    [
      {
        "topic_id": 3,
        "prob": 0.6391324996948242
      },
      {
        "topic_id": 4,
        "prob": 0.32566243410110474
      },
      {
        "topic_id": 5,
        "prob": 0.011275103315711021
      }
    ],
    [
      {
        "topic_id": 4,
        "prob": 0.19857929646968842
      },
      {
        "topic_id": 5,
        "prob": 0.1980690211057663
      },
      {
        "topic_id": 3,
        "prob": 0.1829768270254135
      }
    ],
    [
      {
        "topic_id": 4,
        "prob": 0.9543790221214294
      },
      {
        "topic_id": 5,
        "prob": 0.011275103315711021
      },
      {
        "topic_id": 3,
        "prob": 0.010415978729724884
      }
    ],
    [
      {
        "topic_id": 0,
        "prob": 0.86519855260849
      },
      {
        "topic_id": 4,
        "prob": 0.03044615127146244
      },
      {
        "topic_id": 5,
        "prob": 0.030367916449904442
      }
    ],
    [
      {
        "topic_id": 5,
        "prob": 0.47493231296539307
      },
      {
        "topic_id": 3,
        "prob": 0.4736792743206024
      },
      {
        "topic_id": 4,
        "prob": 0.016486965119838715
      }
    ],
    [
      {
        "topic_id": 4,
        "prob": 0.19857929646968842
      },
      {
        "topic_id": 5,
        "prob": 0.1980690211057663
      },
      {
        "topic_id": 3,
        "prob": 0.1829768270254135
      }
    ],
    [
      {
        "topic_id": 1,
        "prob": 0.9501686692237854
      },
      {
        "topic_id": 4,
        "prob": 0.011304150335490704
      },
      {
        "topic_id": 5,
        "prob": 0.011275103315711021
      }
    ],
    [
      {
        "topic_id": 5,
        "prob": 0.47493231296539307
      },
      {
        "topic_id": 1,
        "prob": 0.46883389353752136
      },
      {
        "topic_id": 4,
        "prob": 0.016486965119838715
      }
    ],
    [
      {
        "topic_id": 4,
        "prob": 0.9652902483940125
      },
      {
        "topic_id": 5,
        "prob": 0.008578409440815449
      },
      {
        "topic_id": 3,
        "prob": 0.007924763485789299
      }
    ],
    [
      {
        "topic_id": 4,
        "prob": 0.19857929646968842
      },
      {
        "topic_id": 5,
        "prob": 0.1980690211057663
      },
      {
        "topic_id": 3,
        "prob": 0.1829768270254135
      }
    ],
    [
      {
        "topic_id": 4,
        "prob": 0.9334623217582703
      },
      {
        "topic_id": 5,
        "prob": 0.016444599255919456
      },
      {
        "topic_id": 3,
        "prob": 0.015191576443612576
      }
    ],
    [
      {
        "topic_id": 1,
        "prob": 0.9273216128349304
      },
      {
        "topic_id": 4,
        "prob": 0.016486965119838715
      },
      {
        "topic_id": 5,
        "prob": 0.016444599255919456
      }
    ],
    [
      {
        "topic_id": 1,
        "prob": 0.9501686692237854
      },
      {
        "topic_id": 4,
        "prob": 0.011304150335490704
      },
      {
        "topic_id": 5,
        "prob": 0.011275103315711021
      }
    ],
    [
      {
        "topic_id": 5,
        "prob": 0.47493231296539307
      },
      {
        "topic_id": 1,
        "prob": 0.46883389353752136
      },
      {
        "topic_id": 4,
        "prob": 0.016486965119838715
      }
    ],
    [
      {
        "topic_id": 0,
        "prob": 0.974242091178894
      },
      {
        "topic_id": 4,
        "prob": 0.005817661061882973
      },
      {
        "topic_id": 5,
        "prob": 0.005802711471915245
      }
    ],
    [
      {
        "topic_id": 0,
        "prob": 0.86519855260849
      },
      {
        "topic_id": 4,
        "prob": 0.03044615127146244
      },
      {
        "topic_id": 5,
        "prob": 0.030367916449904442
      }
    ],
    [
      {
        "topic_id": 0,
        "prob": 0.9270033240318298
      },
      {
        "topic_id": 4,
        "prob": 0.016486965119838715
      },
      {
        "topic_id": 5,
        "prob": 0.016444599255919456
      }
    ],
    [
      {
        "topic_id": 3,
        "prob": 0.9646145105361938
      },
      {
        "topic_id": 4,
        "prob": 0.0086005087941885
      },
      {
        "topic_id": 5,
        "prob": 0.008578409440815449
      }
    ],
    [
      {
        "topic_id": 3,
        "prob": 0.9714442491531372
      },
      {
        "topic_id": 4,
        "prob": 0.00694052642211318
      },
      {
        "topic_id": 5,
        "prob": 0.006922692060470581
      }
    ],
    [
      {
        "topic_id": 4,
        "prob": 0.19857929646968842
      },
      {
        "topic_id": 5,
        "prob": 0.1980690211057663
      },
      {
        "topic_id": 3,
        "prob": 0.1829768270254135
      }
    ],
    [
      {
        "topic_id": 2,
        "prob": 0.9315025806427002
      },
      {
        "topic_id": 4,
        "prob": 0.016486965119838715
      },
      {
        "topic_id": 5,
        "prob": 0.016444599255919456
      }
    ],
    [
      {
        "topic_id": 4,
        "prob": 0.19857929646968842
      },
      {
        "topic_id": 5,
        "prob": 0.1980690211057663
      },
      {
        "topic_id": 3,
        "prob": 0.1829768270254135
      }
    ],
    [
      {
        "topic_id": 4,
        "prob": 0.19857929646968842
      },
      {
        "topic_id": 5,
        "prob": 0.1980690211057663
      },
      {
        "topic_id": 3,
        "prob": 0.1829768270254135
      }
    ],
    [
      {
        "topic_id": 5,
        "prob": 0.933419942855835
      },
      {
        "topic_id": 4,
        "prob": 0.016486965119838715
      },
      {
        "topic_id": 3,
        "prob": 0.015191576443612576
      }
    ],
    [
      {
        "topic_id": 4,
        "prob": 0.19857929646968842
      },
      {
        "topic_id": 5,
        "prob": 0.1980690211057663
      },
      {
        "topic_id": 3,
        "prob": 0.1829768270254135
      }
    ],
    [
      {
        "topic_id": 3,
        "prob": 0.9534907937049866
      },
      {
        "topic_id": 4,
        "prob": 0.011304150335490704
      },
      {
        "topic_id": 5,
        "prob": 0.011275103315711021
      }
    ],
    [
      {
        "topic_id": 4,
        "prob": 0.9543790221214294
      },
      {
        "topic_id": 5,
        "prob": 0.011275103315711021
      },
      {
        "topic_id": 3,
        "prob": 0.010415978729724884
      }
    ],
    [
      {
        "topic_id": 4,
        "prob": 0.9652902483940125
      },
      {
        "topic_id": 5,
        "prob": 0.008578409440815449
      },
      {
        "topic_id": 3,
        "prob": 0.007924763485789299
      }
    ],
    [
      {
        "topic_id": 4,
        "prob": 0.9334623217582703
      },
      {
        "topic_id": 5,
        "prob": 0.016444599255919456
      },
      {
        "topic_id": 3,
        "prob": 0.015191576443612576
      }
    ],
    [
      {
        "topic_id": 4,
        "prob": 0.19857929646968842
      },
      {
        "topic_id": 5,
        "prob": 0.1980690211057663
      },
      {
        "topic_id": 3,
        "prob": 0.1829768270254135
      }
    ],
    [
      {
        "topic_id": 4,
        "prob": 0.8771263360977173
      },
      {
        "topic_id": 5,
        "prob": 0.030367916449904442
      },
      {
        "topic_id": 3,
        "prob": 0.02805398404598236
      }
    ],
    [
      {
        "topic_id": 4,
        "prob": 0.9334623217582703
      },
      {
        "topic_id": 5,
        "prob": 0.016444599255919456
      },
      {
        "topic_id": 3,
        "prob": 0.015191576443612576
      }
    ],
    [
      {
        "topic_id": 4,
        "prob": 0.9543790221214294
      },
      {
        "topic_id": 5,
        "prob": 0.011275103315711021
      },
      {
        "topic_id": 3,
        "prob": 0.010415978729724884
      }
    ],
    [
      {
        "topic_id": 4,
        "prob": 0.9765211939811707
      },
      {
        "topic_id": 5,
        "prob": 0.005802711471915245
      },
      {
        "topic_id": 3,
        "prob": 0.005360564682632685
      }
    ],
    [
      {
        "topic_id": 5,
        "prob": 0.8770480751991272
      },
      {
        "topic_id": 4,
        "prob": 0.03044615127146244
      },
      {
        "topic_id": 3,
        "prob": 0.02805398404598236
      }
    ],
    [
      {
        "topic_id": 5,
        "prob": 0.8770480751991272
      },
      {
        "topic_id": 4,
        "prob": 0.03044615127146244
      },
      {
        "topic_id": 3,
        "prob": 0.02805398404598236
      }
    ],
    [
      {
        "topic_id": 4,
        "prob": 0.6400207281112671
      },
      {
        "topic_id": 5,
        "prob": 0.3256334066390991
      },
      {
        "topic_id": 3,
        "prob": 0.010415978729724884
      }
    ],
    [
      {
        "topic_id": 4,
        "prob": 0.6400207281112671
      },
      {
        "topic_id": 5,
        "prob": 0.3256334066390991
      },
      {
        "topic_id": 3,
        "prob": 0.010415978729724884
      }
    ],
    [
      {
        "topic_id": 5,
        "prob": 0.8405231833457947
      },
      {
        "topic_id": 4,
        "prob": 0.14426228404045105
      },
      {
        "topic_id": 3,
        "prob": 0.004614080768078566
      }
    ],
    [
      {
        "topic_id": 3,
        "prob": 0.6391324996948242
      },
      {
        "topic_id": 4,
        "prob": 0.32566243410110474
      },
      {
        "topic_id": 5,
        "prob": 0.011275103315711021
      }
    ],
    [
      {
        "topic_id": 3,
        "prob": 0.6391324996948242
      },
      {
        "topic_id": 5,
        "prob": 0.3256334066390991
      },
      {
        "topic_id": 4,
        "prob": 0.011304150335490704
      }
    ],
    [
      {
        "topic_id": 3,
        "prob": 0.874734103679657
      },
      {
        "topic_id": 4,
        "prob": 0.03044615127146244
      },
      {
        "topic_id": 5,
        "prob": 0.030367916449904442
      }
    ],
    [
      {
        "topic_id": 3,
        "prob": 0.874734103679657
      },
      {
        "topic_id": 4,
        "prob": 0.03044615127146244
      },
      {
        "topic_id": 5,
        "prob": 0.030367916449904442
      }
    ],
    [
      {
        "topic_id": 3,
        "prob": 0.9534907937049866
      },
      {
        "topic_id": 4,
        "prob": 0.011304150335490704
      },
      {
        "topic_id": 5,
        "prob": 0.011275103315711021
      }
    ],
    [
      {
        "topic_id": 2,
        "prob": 0.9791955947875977
      },
      {
        "topic_id": 4,
        "prob": 0.0050075240433216095
      },
      {
        "topic_id": 5,
        "prob": 0.004994656424969435
      }
    ],
    [
      {
        "topic_id": 2,
        "prob": 0.9817385077476501
      },
      {
        "topic_id": 4,
        "prob": 0.0043954383581876755
      },
      {
        "topic_id": 5,
        "prob": 0.004384143743664026
      }
    ],
    [
      {
        "topic_id": 2,
        "prob": 0.9711646437644958
      },
      {
        "topic_id": 4,
        "prob": 0.00694052642211318
      },
      {
        "topic_id": 5,
        "prob": 0.006922692060470581
      }
    ],
    [
      {
        "topic_id": 2,
        "prob": 0.9315025806427002
      },
      {
        "topic_id": 4,
        "prob": 0.016486965119838715
      },
      {
        "topic_id": 5,
        "prob": 0.016444599255919456
      }
    ],
    [
      {
        "topic_id": 2,
        "prob": 0.9791955947875977
      },
      {
        "topic_id": 4,
        "prob": 0.0050075240433216095
      },
      {
        "topic_id": 5,
        "prob": 0.004994656424969435
      }
    ],
    [
      {
        "topic_id": 2,
        "prob": 0.9817385077476501
      },
      {
        "topic_id": 4,
        "prob": 0.0043954383581876755
      },
      {
        "topic_id": 5,
        "prob": 0.004384143743664026
      }
    ],
    [
      {
        "topic_id": 2,
        "prob": 0.9758297801017761
      },
      {
        "topic_id": 4,
        "prob": 0.005817661061882973
      },
      {
        "topic_id": 5,
        "prob": 0.005802711471915245
      }
    ],
    [
      {
        "topic_id": 2,
        "prob": 0.9791955947875977
      },
      {
        "topic_id": 4,
        "prob": 0.0050075240433216095
      },
      {
        "topic_id": 5,
        "prob": 0.004994656424969435
      }
    ],
    [
      {
        "topic_id": 2,
        "prob": 0.9791955947875977
      },
      {
        "topic_id": 4,
        "prob": 0.0050075240433216095
      },
      {
        "topic_id": 5,
        "prob": 0.004994656424969435
      }
    ],
    [
      {
        "topic_id": 4,
        "prob": 0.9543790221214294
      },
      {
        "topic_id": 5,
        "prob": 0.011275103315711021
      },
      {
        "topic_id": 3,
        "prob": 0.010415978729724884
      }
    ],
    [
      {
        "topic_id": 5,
        "prob": 0.8770480751991272
      },
      {
        "topic_id": 4,
        "prob": 0.03044615127146244
      },
      {
        "topic_id": 3,
        "prob": 0.02805398404598236
      }
    ],
    [
      {
        "topic_id": 4,
        "prob": 0.9652902483940125
      },
      {
        "topic_id": 5,
        "prob": 0.008578409440815449
      },
      {
        "topic_id": 3,
        "prob": 0.007924763485789299
      }
    ],
    [
      {
        "topic_id": 4,
        "prob": 0.8771263360977173
      },
      {
        "topic_id": 5,
        "prob": 0.030367916449904442
      },
      {
        "topic_id": 3,
        "prob": 0.02805398404598236
      }
    ],
    [
      {
        "topic_id": 4,
        "prob": 0.6529533267021179
      },
      {
        "topic_id": 5,
        "prob": 0.16758665442466736
      },
      {
        "topic_id": 2,
        "prob": 0.1669100672006607
      }
    ],
    [
      {
        "topic_id": 2,
        "prob": 0.9315025806427002
      },
      {
        "topic_id": 4,
        "prob": 0.016486965119838715
      },
      {
        "topic_id": 5,
        "prob": 0.016444599255919456
      }
    ],
    [
      {
        "topic_id": 1,
        "prob": 0.9273216128349304
      },
      {
        "topic_id": 4,
        "prob": 0.016486965119838715
      },
      {
        "topic_id": 5,
        "prob": 0.016444599255919456
      }
    ],
    [
      {
        "topic_id": 4,
        "prob": 0.9543790221214294
      },
      {
        "topic_id": 5,
        "prob": 0.011275103315711021
      },
      {
        "topic_id": 3,
        "prob": 0.010415978729724884
      }
    ],
    [
      {
        "topic_id": 2,
        "prob": 0.9315025806427002
      },
      {
        "topic_id": 4,
        "prob": 0.016486965119838715
      },
      {
        "topic_id": 5,
        "prob": 0.016444599255919456
      }
    ],
    [
      {
        "topic_id": 5,
        "prob": 0.9765062928199768
      },
      {
        "topic_id": 4,
        "prob": 0.005817661061882973
      },
      {
        "topic_id": 3,
        "prob": 0.005360564682632685
      }
    ],
    [
      {
        "topic_id": 2,
        "prob": 0.5851449966430664
      },
      {
        "topic_id": 3,
        "prob": 0.39241480827331543
      },
      {
        "topic_id": 4,
        "prob": 0.00694052642211318
      }
    ],
    [
      {
        "topic_id": 3,
        "prob": 0.9321668744087219
      },
      {
        "topic_id": 4,
        "prob": 0.016486965119838715
      },
      {
        "topic_id": 5,
        "prob": 0.016444599255919456
      }
    ],
    [
      {
        "topic_id": 5,
        "prob": 0.933419942855835
      },
      {
        "topic_id": 4,
        "prob": 0.016486965119838715
      },
      {
        "topic_id": 3,
        "prob": 0.015191576443612576
      }
    ],
    [
      {
        "topic_id": 1,
        "prob": 0.8657863140106201
      },
      {
        "topic_id": 4,
        "prob": 0.03044615127146244
      },
      {
        "topic_id": 5,
        "prob": 0.030367916449904442
      }
    ],
    [
      {
        "topic_id": 4,
        "prob": 0.19857929646968842
      },
      {
        "topic_id": 5,
        "prob": 0.1980690211057663
      },
      {
        "topic_id": 3,
        "prob": 0.1829768270254135
      }
    ],
    [
      {
        "topic_id": 5,
        "prob": 0.933419942855835
      },
      {
        "topic_id": 4,
        "prob": 0.016486965119838715
      },
      {
        "topic_id": 3,
        "prob": 0.015191576443612576
      }
    ],
    [
      {
        "topic_id": 4,
        "prob": 0.9652902483940125
      },
      {
        "topic_id": 5,
        "prob": 0.008578409440815449
      },
      {
        "topic_id": 3,
        "prob": 0.007924763485789299
      }
    ],
    [
      {
        "topic_id": 5,
        "prob": 0.933419942855835
      },
      {
        "topic_id": 4,
        "prob": 0.016486965119838715
      },
      {
        "topic_id": 3,
        "prob": 0.015191576443612576
      }
    ],
    [
      {
        "topic_id": 4,
        "prob": 0.19857929646968842
      },
      {
        "topic_id": 5,
        "prob": 0.1980690211057663
      },
      {
        "topic_id": 3,
        "prob": 0.1829768270254135
      }
    ],
    [
      {
        "topic_id": 1,
        "prob": 0.8657863140106201
      },
      {
        "topic_id": 4,
        "prob": 0.03044615127146244
      },
      {
        "topic_id": 5,
        "prob": 0.030367916449904442
      }
    ],
    [
      {
        "topic_id": 0,
        "prob": 0.9805390238761902
      },
      {
        "topic_id": 4,
        "prob": 0.0043954383581876755
      },
      {
        "topic_id": 5,
        "prob": 0.004384143743664026
      }
    ],
    [
      {
        "topic_id": 2,
        "prob": 0.8735073208808899
      },
      {
        "topic_id": 4,
        "prob": 0.03044615127146244
      },
      {
        "topic_id": 5,
        "prob": 0.030367916449904442
      }
    ],
    [
      {
        "topic_id": 4,
        "prob": 0.19857929646968842
      },
      {
        "topic_id": 5,
        "prob": 0.1980690211057663
      },
      {
        "topic_id": 3,
        "prob": 0.1829768270254135
      }
    ],
    [
      {
        "topic_id": 4,
        "prob": 0.7012812495231628
      },
      {
        "topic_id": 2,
        "prob": 0.1436670571565628
      },
      {
        "topic_id": 1,
        "prob": 0.14239716529846191
      }
    ],
    [
      {
        "topic_id": 5,
        "prob": 0.9765062928199768
      },
      {
        "topic_id": 4,
        "prob": 0.005817661061882973
      },
      {
        "topic_id": 3,
        "prob": 0.005360564682632685
      }
    ],
    [
      {
        "topic_id": 5,
        "prob": 0.8770480751991272
      },
      {
        "topic_id": 4,
        "prob": 0.03044615127146244
      },
      {
        "topic_id": 3,
        "prob": 0.02805398404598236
      }
    ],
    [
      {
        "topic_id": 1,
        "prob": 0.7763946652412415
      },
      {
        "topic_id": 0,
        "prob": 0.19723129272460938
      },
      {
        "topic_id": 4,
        "prob": 0.00694052642211318
      }
    ],
    [
      {
        "topic_id": 1,
        "prob": 0.9620869159698486
      },
      {
        "topic_id": 4,
        "prob": 0.0086005087941885
      },
      {
        "topic_id": 5,
        "prob": 0.008578409440815449
      }
    ],
    [
      {
        "topic_id": 5,
        "prob": 0.9765062928199768
      },
      {
        "topic_id": 4,
        "prob": 0.005817661061882973
      },
      {
        "topic_id": 3,
        "prob": 0.005360564682632685
      }
    ],
    [
      {
        "topic_id": 4,
        "prob": 0.9334623217582703
      },
      {
        "topic_id": 5,
        "prob": 0.016444599255919456
      },
      {
        "topic_id": 3,
        "prob": 0.015191576443612576
      }
    ],
    [
      {
        "topic_id": 5,
        "prob": 0.9822496771812439
      },
      {
        "topic_id": 4,
        "prob": 0.0043954383581876755
      },
      {
        "topic_id": 3,
        "prob": 0.004050086718052626
      }
    ],
    [
      {
        "topic_id": 4,
        "prob": 0.19857929646968842
      },
      {
        "topic_id": 5,
        "prob": 0.1980690211057663
      },
      {
        "topic_id": 3,
        "prob": 0.1829768270254135
      }
    ],
    [
      {
        "topic_id": 5,
        "prob": 0.9652681946754456
      },
      {
        "topic_id": 4,
        "prob": 0.0086005087941885
      },
      {
        "topic_id": 3,
        "prob": 0.007924763485789299
      }
    ],
    [
      {
        "topic_id": 2,
        "prob": 0.953035295009613
      },
      {
        "topic_id": 4,
        "prob": 0.011304150335490704
      },
      {
        "topic_id": 5,
        "prob": 0.011275103315711021
      }
    ],
    [
      {
        "topic_id": 1,
        "prob": 0.8657863140106201
      },
      {
        "topic_id": 4,
        "prob": 0.03044615127146244
      },
      {
        "topic_id": 5,
        "prob": 0.030367916449904442
      }
    ],
    [
      {
        "topic_id": 2,
        "prob": 0.6386770606040955
      },
      {
        "topic_id": 5,
        "prob": 0.3256334066390991
      },
      {
        "topic_id": 4,
        "prob": 0.011304150335490704
      }
    ],
    [
      {
        "topic_id": 4,
        "prob": 0.7789797186851501
      },
      {
        "topic_id": 2,
        "prob": 0.19912534952163696
      },
      {
        "topic_id": 5,
        "prob": 0.006922692060470581
      }
    ],
    [
      {
        "topic_id": 2,
        "prob": 0.9758297801017761
      },
      {
        "topic_id": 4,
        "prob": 0.005817661061882973
      },
      {
        "topic_id": 5,
        "prob": 0.005802711471915245
      }
    ],
    [
      {
        "topic_id": 2,
        "prob": 0.9642680287361145
      },
      {
        "topic_id": 4,
        "prob": 0.0086005087941885
      },
      {
        "topic_id": 5,
        "prob": 0.008578409440815449
      }
    ],
    [
      {
        "topic_id": 1,
        "prob": 0.9273216128349304
      },
      {
        "topic_id": 4,
        "prob": 0.016486965119838715
      },
      {
        "topic_id": 5,
        "prob": 0.016444599255919456
      }
    ],
    [
      {
        "topic_id": 4,
        "prob": 0.7261178493499756
      },
      {
        "topic_id": 0,
        "prob": 0.24440357089042664
      },
      {
        "topic_id": 5,
        "prob": 0.008578409440815449
      }
    ],
    [
      {
        "topic_id": 1,
        "prob": 0.9273216128349304
      },
      {
        "topic_id": 4,
        "prob": 0.016486965119838715
      },
      {
        "topic_id": 5,
        "prob": 0.016444599255919456
      }
    ],
    [
      {
        "topic_id": 4,
        "prob": 0.19857929646968842
      },
      {
        "topic_id": 5,
        "prob": 0.1980690211057663
      },
      {
        "topic_id": 3,
        "prob": 0.1829768270254135
      }
    ],
    [
      {
        "topic_id": 0,
        "prob": 0.86519855260849
      },
      {
        "topic_id": 4,
        "prob": 0.03044615127146244
      },
      {
        "topic_id": 5,
        "prob": 0.030367916449904442
      }
    ],
    [
      {
        "topic_id": 4,
        "prob": 0.19857929646968842
      },
      {
        "topic_id": 5,
        "prob": 0.1980690211057663
      },
      {
        "topic_id": 3,
        "prob": 0.1829768270254135
      }
    ],
    [
      {
        "topic_id": 4,
        "prob": 0.19857929646968842
      },
      {
        "topic_id": 5,
        "prob": 0.1980690211057663
      },
      {
        "topic_id": 3,
        "prob": 0.1829768270254135
      }
    ],
    [
      {
        "topic_id": 5,
        "prob": 0.933419942855835
      },
      {
        "topic_id": 4,
        "prob": 0.016486965119838715
      },
      {
        "topic_id": 3,
        "prob": 0.015191576443612576
      }
    ],
    [
      {
        "topic_id": 0,
        "prob": 0.961920976638794
      },
      {
        "topic_id": 4,
        "prob": 0.0086005087941885
      },
      {
        "topic_id": 5,
        "prob": 0.008578409440815449
      }
    ],
    [
      {
        "topic_id": 4,
        "prob": 0.19857929646968842
      },
      {
        "topic_id": 5,
        "prob": 0.1980690211057663
      },
      {
        "topic_id": 3,
        "prob": 0.1829768270254135
      }
    ],
    [
      {
        "topic_id": 0,
        "prob": 0.961920976638794
      },
      {
        "topic_id": 4,
        "prob": 0.0086005087941885
      },
      {
        "topic_id": 5,
        "prob": 0.008578409440815449
      }
    ],
    [
      {
        "topic_id": 5,
        "prob": 0.8770480751991272
      },
      {
        "topic_id": 4,
        "prob": 0.03044615127146244
      },
      {
        "topic_id": 3,
        "prob": 0.02805398404598236
      }
    ]
  ]
}