{
  "summary": "1. **핵심 맥락 설명:**  제공된 데이터는 인천시 스타트업, 정부 지원 사업(중기부 과제 등), 차세대 기술(반도체, 디스플레이), AI 관련 산업, 그리고 애플과 같은 글로벌 기업과의 협력 등 한국 경제의 주요 동향을 반영하고 있습니다.  특히 2025년을 중심으로 기술 개발 및 사업화에 대한 뉴스가 집중되어 있으며,  정부 지원과 민간 기업의 투자가 활발하게 이루어지는 것을 보여줍니다.  이는 한국 경제의 미래 성장 동력 확보를 위한 노력의 일환으로 해석될 수 있습니다.\n\n\n2. **최근 변화/스파이크:** 2025년 9월 초에 기사 수가 급격하게 증가하는 스파이크 현상이 나타났습니다. 이는 특정 시점에 발생한 주요 뉴스 사건이나 이벤트로 인해 언론의 집중적인 보도가 이루어진 것으로 추정됩니다.\n\n\n3. **실무 인사이트:**\n\n* **2025년 9월 초 뉴스 이벤트 분석:** 2025년 9월 초 기사 수 급증 원인을 분석하여 향후 유사한 이벤트 예측 및 대응 전략을 수립합니다.  관련 키워드 분석 및 경쟁사 동향 파악을 통해  선제적 대응 체계를 구축해야 합니다.\n* **주요 토픽별 심층 분석:** 스타트업, 정부 지원 사업, 차세대 기술, AI 산업 등 주요 토픽에 대한 심층 분석을 통해 각 분야의 시장 동향, 경쟁 환경,  기회 요소 등을 파악하고,  사업 전략 수립에 활용합니다.  이는 시장 트렌드를 정확하게 파악하고 미래를 예측하는데 도움이 됩니다.\n* **데이터 기반 의사결정 시스템 구축:**  뉴스 기사 수 변화 추이를 지속적으로 모니터링하고 분석하는 데이터 기반 의사결정 시스템을 구축합니다. 이를 통해 시장 변화에 대한 신속한 대응 및 효율적인 자원 배분이 가능해집니다.  실시간 데이터 분석 도구를 활용하여 의사결정의 효율성을 높여야 합니다.\n따라서,  최적의 결과를 얻으려면 문제의 맥락과 목표를 명확히 이해하고, 그에 맞는 적절한 방법을 선택하는 것이 중요합니다.  결론적으로, 다양한 접근 방식이 존재하지만,  모든 상황에 완벽하게 들어맞는 단 하나의 정답은 없다는 점을 기억해야 합니다.  결국 최선의 선택은 상황에 대한 깊이 있는 이해와 신중한 판단에 달려 있습니다.",
  "top_topics": [
    {
      "topic_id": 0,
      "top_words": [
        {
          "word": "the",
          "prob": 0.0675923302769661
        },
        {
          "word": "in",
          "prob": 0.04830778390169144
        },
        {
          "word": "and",
          "prob": 0.04830778390169144
        },
        {
          "word": "스타트업",
          "prob": 0.03866551071405411
        },
        {
          "word": "to",
          "prob": 0.03866551071405411
        },
        {
          "word": "of",
          "prob": 0.03866551071405411
        },
        {
          "word": "인천시",
          "prob": 0.03866551071405411
        },
        {
          "word": "more",
          "prob": 0.02902323752641678
        }
      ]
    },
    {
      "topic_id": 1,
      "top_words": [
        {
          "word": "선정",
          "prob": 0.09708188474178314
        },
        {
          "word": "과제",
          "prob": 0.056664783507585526
        },
        {
          "word": "브리프",
          "prob": 0.04858136177062988
        },
        {
          "word": "2025",
          "prob": 0.04049794003367424
        },
        {
          "word": "글로벌협력형",
          "prob": 0.04049794003367424
        },
        {
          "word": "중기부",
          "prob": 0.04049794003367424
        },
        {
          "word": "아폴론",
          "prob": 0.04049794003367424
        },
        {
          "word": "청호나이스",
          "prob": 0.0324145182967186
        }
      ]
    },
    {
      "topic_id": 2,
      "top_words": [
        {
          "word": "기술",
          "prob": 0.10697203129529953
        },
        {
          "word": "차세대",
          "prob": 0.0844634473323822
        },
        {
          "word": "삼성전기",
          "prob": 0.07320915907621384
        },
        {
          "word": "기판",
          "prob": 0.06195487082004547
        },
        {
          "word": "lg이노텍",
          "prob": 0.06195487082004547
        },
        {
          "word": "반도체",
          "prob": 0.05070057883858681
        },
        {
          "word": "kpca",
          "prob": 0.05070057883858681
        },
        {
          "word": "2025",
          "prob": 0.03944628685712814
        }
      ]
    },
    {
      "topic_id": 3,
      "top_words": [
        {
          "word": "애플",
          "prob": 0.0360022597014904
        },
        {
          "word": "dgist",
          "prob": 0.0360022597014904
        },
        {
          "word": "공정",
          "prob": 0.030866416171193123
        },
        {
          "word": "위한",
          "prob": 0.030866416171193123
        },
        {
          "word": "디스플레이",
          "prob": 0.030866416171193123
        },
        {
          "word": "lh",
          "prob": 0.025730574503540993
        },
        {
          "word": "강화",
          "prob": 0.025730574503540993
        },
        {
          "word": "직접",
          "prob": 0.025730574503540993
        }
      ]
    },
    {
      "topic_id": 4,
      "top_words": [
        {
          "word": "ai",
          "prob": 0.08519415557384491
        },
        {
          "word": "관련주",
          "prob": 0.03935563936829567
        },
        {
          "word": "기아",
          "prob": 0.032807283103466034
        },
        {
          "word": "기업",
          "prob": 0.032807283103466034
        },
        {
          "word": "출시",
          "prob": 0.032807283103466034
        },
        {
          "word": "체결",
          "prob": 0.0262589231133461
        },
        {
          "word": "본격화",
          "prob": 0.0262589231133461
        },
        {
          "word": "키아프",
          "prob": 0.0262589231133461
        }
      ]
    }
  ],
  "evidence": {
    "timeseries": [
      {
        "date": "2025-07-31",
        "count": 1
      },
      {
        "date": "2025-08-11",
        "count": 2
      },
      {
        "date": "2025-08-15",
        "count": 1
      },
      {
        "date": "2025-08-16",
        "count": 2
      },
      {
        "date": "2025-08-25",
        "count": 4
      },
      {
        "date": "2025-08-26",
        "count": 6
      },
      {
        "date": "2025-08-27",
        "count": 5
      },
      {
        "date": "2025-08-28",
        "count": 2
      },
      {
        "date": "2025-08-29",
        "count": 6
      },
      {
        "date": "2025-08-30",
        "count": 1
      },
      {
        "date": "2025-08-31",
        "count": 5
      },
      {
        "date": "2025-09-01",
        "count": 19
      },
      {
        "date": "2025-09-02",
        "count": 24
      },
      {
        "date": "2025-09-03",
        "count": 189
      }
    ]
  }
}