{
  "ideas": [
    {
      "idea": "AI 기반 스마트팩토리 에너지 관리 솔루션",
      "problem": "국내 중소 제조기업들은 에너지 관리 시스템 부재로 인해 생산 비용 증가 및 탄소 배출량 증가에 어려움을 겪고 있습니다. 기존 솔루션들은 고가이며, 설치 및 유지보수가 복잡하여 중소기업 도입에 어려움이 있습니다. 또한, 실시간 에너지 사용량 분석 및 예측 기능이 부족하여 에너지 효율 개선에 한계가 있습니다.",
      "target_customer": "100명 미만의 중소 제조기업",
      "value_prop": "AI 기반의 에너지 관리 솔루션을 통해 실시간 에너지 사용량 모니터링, 이상징후 감지, 에너지 효율 개선 방안 제시를 제공합니다.  클라우드 기반으로 설치 및 유지보수가 간편하며, 합리적인 가격으로 제공하여 중소기업의 에너지 관리 부담을 줄여줍니다. 경쟁사 대비 AI 기반 예측 분석 기능을 통해 에너지 절감 효과를 극대화합니다.",
      "solution": [
        "실시간 에너지 사용량 모니터링 및 시각화",
        "AI 기반 에너지 소비량 예측 및 이상징후 감지",
        "에너지 효율 개선을 위한 맞춤형 솔루션 제공",
        "클라우드 기반의 간편한 설치 및 유지보수"
      ],
      "poc_plan": [
        "3주차: 1개 중소기업 대상 시스템 설치 및 데이터 수집",
        "5주차: AI 알고리즘 학습 및 에너지 소비량 예측 정확도 검증",
        "6주차: 에너지 효율 개선 방안 제시 및 고객 피드백 수렴"
      ],
      "risks": [
        "AI 알고리즘 정확도 부족",
        "데이터 수집 및 분석의 어려움",
        "중소기업의 시스템 도입 저항"
      ],
      "roadmap_3m": [
        "1개월차: 솔루션 개발 완료 및 베타 테스트 진행",
        "2개월차: 5개 중소기업 대상 파일럿 프로그램 운영",
        "3개월차: 고객 피드백 반영 및 솔루션 개선, 공식 출시 준비"
      ],
      "metrics": [
        "에너지 절감률",
        "시스템 사용 만족도",
        "고객 확보율",
        "매출액"
      ],
      "priority_score": 3.8
    },
    {
      "idea": "AI 기반 개인 맞춤형 스마트 홈 에너지 관리 솔루션",
      "problem": "스마트홈 기기 증가로 인한 에너지 소비 증가와 관리의 어려움, 에너지 절약에 대한 소비자 인식 부족, 에너지 관리 시스템의 복잡성으로 인한 사용 편의성 저하 등이 문제입니다. 특히, 에너지 소비량을 실시간으로 파악하고 효율적으로 관리하는 데 어려움을 겪는 소비자가 많습니다.",
      "target_customer": "30-50대의 고소득층 가구주, 에너지 절약 및 스마트홈 환경에 관심 있는 소비자, 2인 이상 가구",
      "value_prop": "AI 기반의 개인 맞춤형 에너지 관리 솔루션을 통해 에너지 소비량을 실시간으로 분석하고, 사용 패턴에 맞춰 에너지를 절약할 수 있도록 돕습니다. 사용자 친화적인 인터페이스와 간편한 사용법으로 누구나 쉽게 에너지를 관리할 수 있으며, 에너지 절약 목표 달성을 위한 맞춤형 팁과 정보를 제공합니다. 경쟁 솔루션 대비 AI 기반의 정교한 분석과 개인 맞춤형 서비스를 제공하여 차별화를 둡니다.",
      "solution": [
        "AI 기반 에너지 소비량 분석 및 예측",
        "개인 맞춤형 에너지 절약 팁 및 정보 제공",
        "스마트홈 기기와의 연동 및 제어",
        "사용자 친화적인 모바일 애플리케이션 제공"
      ],
      "poc_plan": [
        "주요 스마트홈 기기와의 연동 테스트",
        "AI 알고리즘 성능 평가 및 개선",
        "소규모 사용자 그룹 대상 베타 테스트",
        "에너지 절약 효과 측정",
        "사용자 인터페이스 개선"
      ],
      "risks": [
        "AI 알고리즘의 정확도 문제",
        "스마트홈 기기 호환성 문제",
        "개인정보 보호 문제",
        "경쟁 솔루션과의 차별화"
      ],
      "roadmap_3m": [
        "MVP 개발 및 베타 테스트 완료",
        "주요 스마트홈 기기와의 연동 완료",
        "마케팅 전략 수립 및 초기 고객 확보",
        "사용자 피드백 수렴 및 서비스 개선",
        "파트너십 확보"
      ],
      "metrics": [
        "월간 활성 사용자 수",
        "에너지 절약률",
        "고객 만족도",
        "앱 다운로드 수",
        "매출"
      ],
      "priority_score": 3.8
    },
    {
      "idea": "AI 기반 중소기업 맞춤형 생산 관리 플랫폼",
      "problem": "많은 중소기업들은 생산 관리 시스템이 부족하여 생산성 저하, 원가 상승, 품질 관리 어려움을 겪고 있습니다. 기존 ERP 시스템은 고가이고, 사용이 복잡하여 중소기업에 적합하지 않습니다.  AI 기반의 효율적인 생산 관리 시스템이 부족하여 경쟁력 확보에 어려움을 겪고 있습니다.",
      "target_customer": "100명 미만의 중소 제조기업, 특히 AI 도입 경험이 없는 기업",
      "value_prop": "AI 기반의 사용자 친화적인 인터페이스를 통해, 실시간 생산 현황 모니터링, 예측 기반의 생산 계획 수립, 불량률 감소를 지원합니다.  기존 시스템 대비 저렴한 비용으로 도입 가능하며, 전문가 없이도 손쉽게 사용할 수 있습니다.  데이터 기반의 의사결정을 지원하여, 생산성 향상 및 원가 절감에 기여합니다.",
      "solution": [
        "AI 기반 생산 현황 실시간 모니터링 및 분석",
        "예측 기반 생산 계획 수립 및 최적화",
        "불량품 예측 및 품질 관리 지원",
        "자동화된 보고서 생성 및 데이터 시각화"
      ],
      "poc_plan": [
        "3주차: 핵심 기능 구현 및 1개 중소기업 대상 시스템 설치",
        "5주차: 시스템 사용성 평가 및 피드백 반영",
        "6주차: 최종 보고서 작성 및 성과 측정"
      ],
      "risks": [
        "AI 모델 정확도 저하 가능성",
        "중소기업의 데이터 부족 문제",
        "시스템 도입 및 사용에 대한 기업의 저항"
      ],
      "roadmap_3m": [
        "1개월차: MVP 개발 및 1개 기업 PoC 진행",
        "2개월차: PoC 결과 분석 및 시스템 개선",
        "3개월차: 추가 기능 개발 및 시장 출시 준비"
      ],
      "metrics": [
        "생산성 향상률",
        "불량률 감소율",
        "원가 절감률",
        "고객 만족도",
        "시스템 사용률"
      ],
      "priority_score": 3.8
    },
    {
      "idea": "AI 기반 스마트 팩토리 안전 관리 시스템",
      "problem": "국내 중소 제조업체들은 안전사고 예방에 어려움을 겪고 있으며, 기존의 안전 관리 시스템은 비용이 높고 효율성이 떨어집니다. 특히, 숙련된 안전 관리 인력 부족으로 인해 안전 사고 발생 위험이 높습니다.  AI 기반 시스템이 없어 실시간 위험 감지 및 예방이 어렵습니다.",
      "target_customer": "100-500명 규모의 중소 제조기업",
      "value_prop": "AI 기반 영상 분석 기술을 통해 실시간으로 작업자의 안전 위험 요소를 감지하고 예방함으로써 안전사고를 최소화합니다.  기존 시스템 대비 저렴한 비용으로 효율적인 안전 관리가 가능하며,  숙련된 인력 부족 문제를 해결하는 데 도움을 줍니다.  사고 발생 시 신속한 대응을 위한 자동 알림 시스템을 제공합니다.",
      "solution": [
        "AI 기반 영상 분석을 통한 실시간 위험 감지",
        "위험 상황 자동 알림 및 대응 시스템",
        "안전 교육 및 관리 자료 제공",
        "안전 관리 데이터 분석 및 보고서 생성"
      ],
      "poc_plan": [
        "3주차: AI 모델 학습 및 시스템 구축",
        "4주차: 1개 공장 시범 운영 및 데이터 수집",
        "5주차: 시스템 성능 평가 및 개선",
        "6주차: 최종 보고서 작성 및 발표"
      ],
      "risks": [
        "AI 모델 정확도 저하 가능성",
        "데이터 프라이버시 문제",
        "시스템 구축 및 유지보수 비용",
        "기존 시스템과의 호환성 문제"
      ],
      "roadmap_3m": [
        "1개월차: 시스템 개발 완료 및 1개 공장 시범 운영",
        "2개월차: 시스템 성능 개선 및 추가 기능 개발",
        "3개월차: 3개 공장 확장 및 고객 피드백 반영"
      ],
      "metrics": [
        "안전사고 발생률 감소율",
        "시스템 사용 만족도",
        "시스템 운영 효율성",
        "투자 대비 수익률(ROI)",
        "위험 감지 정확도"
      ],
      "priority_score": 3.8
    },
    {
      "idea": "AI 기반 맞춤형 디지털 사이니지 솔루션",
      "problem": "소상공인들은 효과적인 마케팅 도구 부족으로 매출 증대에 어려움을 겪고 있으며, 기존 디지털 사이니지는 콘텐츠 제작 및 관리의 어려움과 높은 비용으로 인해 활용도가 낮습니다.  또한, 고객의 특성을 반영하지 못하는 일반적인 광고로 인해 효율성이 떨어집니다.",
      "target_customer": "매출 증대를 원하는 소상공인(음식점, 카페, 소매점 등), 특히 10-50명 규모의 소규모 사업장",
      "value_prop": "AI 기반으로 고객의 선호도와 구매 패턴을 분석하여 맞춤형 콘텐츠를 자동 생성 및 배포합니다.  직관적인 인터페이스와 저렴한 비용으로 누구나 쉽게 사용 가능하며, 실시간 데이터 분석을 통해 마케팅 효과를 극대화합니다.  경쟁 솔루션 대비 콘텐츠 제작 및 관리 시간을 획기적으로 단축하고, 타겟팅 광고를 통해 매출 증대에 기여합니다.",
      "solution": [
        "AI 기반 콘텐츠 자동 생성 및 배포 기능",
        "고객 구매 패턴 분석 및 맞춤형 광고 제공",
        "직관적인 사용자 인터페이스 및 관리 시스템",
        "실시간 데이터 분석 및 보고 기능"
      ],
      "poc_plan": [
        "3주차: 5개 매장 대상 PoC 진행 및 초기 데이터 수집",
        "5주차: AI 알고리즘 성능 개선 및 사용자 피드백 반영",
        "6주차: 최종 결과 보고서 작성 및 사업화 전략 검토"
      ],
      "risks": [
        "AI 알고리즘 정확도 문제",
        "개인정보보호 관련 규제 준수",
        "경쟁 솔루션과의 차별화"
      ],
      "roadmap_3m": [
        "1개월차: 핵심 기능 개발 완료 및 베타 서비스 출시",
        "2개월차: 100개 매장 확보 및 사용자 피드백 수렴",
        "3개월차: 서비스 개선 및 추가 기능 개발"
      ],
      "metrics": [
        "월간 활성 사용자 수",
        "매출 증대율",
        "콘텐츠 생성 시간 단축률",
        "고객 만족도"
      ],
      "priority_score": 3.5
    }
  ]
}