{
  "stats": {
    "num_docs": 26
  },
  "keywords": [
    {
      "keyword": "디스플레",
      "score": 6.212635713577396
    },
    {
      "keyword": "반도체",
      "score": 4.998487053079526
    },
    {
      "keyword": "삼성",
      "score": 3.1489111268953627
    },
    {
      "keyword": "비스포크",
      "score": 2.43119863300692
    },
    {
      "keyword": "인공지능",
      "score": 2.3034875709688873
    },
    {
      "keyword": "기술",
      "score": 2.3008836289310786
    },
    {
      "keyword": "분야",
      "score": 2.2274460757855854
    },
    {
      "keyword": "솔루스첨단소재",
      "score": 2.0248708941664297
    },
    {
      "keyword": "액정보호필름",
      "score": 1.9730735318313632
    },
    {
      "keyword": "획득",
      "score": 1.8464861068323062
    },
    {
      "keyword": "참가하여",
      "score": 1.8197677219865676
    },
    {
      "keyword": "중소",
      "score": 1.7816286957645993
    },
    {
      "keyword": "공략한다",
      "score": 1.730938134370609
    },
    {
      "keyword": "유럽시장",
      "score": 1.7279241158953438
    },
    {
      "keyword": "럭스로보",
      "score": 1.708436349100229
    },
    {
      "keyword": "한양대",
      "score": 1.67521584764137
    },
    {
      "keyword": "창업",
      "score": 1.6526909218168786
    },
    {
      "keyword": "재료",
      "score": 1.647222982805281
    },
    {
      "keyword": "최고",
      "score": 1.5342373012601969
    },
    {
      "keyword": "트럼프",
      "score": 1.4651567553077527
    },
    {
      "keyword": "성능",
      "score": 1.4644094833327275
    },
    {
      "keyword": "가전",
      "score": 1.464285236101754
    },
    {
      "keyword": "이한범",
      "score": 1.4302253059082228
    },
    {
      "keyword": "현대디에프",
      "score": 1.4283915079320284
    },
    {
      "keyword": "한편",
      "score": 1.3900959591317652
    },
    {
      "keyword": "선보",
      "score": 1.3340614720429236
    },
    {
      "keyword": "안정성",
      "score": 1.324168008878459
    }
  ]
}