{
  "summary": "1. **핵심 맥락 설명:**  제공된 데이터는 한국 뉴스에서 2024년 7월부터 2025년 9월까지 AI 기술과 관련된 주요 기업(삼성, LG, 애플, 구글 등)의 활동을 보여줍니다.  특히, IFA 등 주요 전시회 참가, 차세대 AI 기술 개발 및 출시, 그리고 AI 관련 시장 진출 및 경쟁 등이 주요 내용이며,  삼성과 LG를 중심으로 한 한국 기업들의 AI 기술 경쟁력 확보 노력이 두드러집니다.  이는  글로벌 AI 시장에서의 경쟁 우위 확보를 위한 한국 기업들의 전략적 움직임을 반영합니다.\n\n\n2. **최근 변화/스파이크:** 2025년 9월 3일 기사 수가 급증(415건)한 것은 특정 이벤트 또는 뉴스 보도에 의한 것으로 추정됩니다.  이러한 급격한 증가는 특정 AI 관련 기술 발표나 시장 동향 변화를 반영하는 것으로 해석할 수 있습니다.\n\n\n3. **실무 인사이트:**\n\n* **AI 관련 뉴스 모니터링 시스템 강화:**  2025년 9월과 같이 갑작스러운 뉴스 증가에 대비하여 실시간 뉴스 모니터링 시스템을 구축하고, 키워드 알림 기능을 활용하여 중요한 정보를 놓치지 않도록 합니다.  특히, 삼성, LG 등 주요 기업과 AI, IFA, 차세대 기술 등 키워드를 중심으로 모니터링해야 합니다.\n* **경쟁사 동향 분석 및 전략 수립:**  삼성, LG, 애플, 구글 등 주요 기업의 AI 관련 뉴스를 분석하여 경쟁사의 전략과 기술 개발 동향을 파악하고, 이를 바탕으로 자사의 AI 전략을 수정 및 보완합니다.  특히, 9월 3일 기사 급증 원인 분석을 통해 시장 변화에 대한 예측력을 높여야 합니다.\n* **AI 기술 관련 전문가 네트워크 구축:**  AI 기술 전문가들과의 네트워크를 구축하여 최신 기술 동향을 공유하고,  전문가의 의견을 바탕으로  자사의 AI 전략 및 기술 개발 방향을 설정합니다.  특히, 9월 3일 이후의 뉴스 분석을 통해 전문가들과의 토론을 진행하고,  향후 전략에 반영해야 합니다.",
  "top_topics": [
    {
      "topic_id": 0,
      "top_words": [
        {
          "word": "ai",
          "prob": 0.05749335139989853
        },
        {
          "word": "lg",
          "prob": 0.05030893161892891
        },
        {
          "word": "ifa",
          "prob": 0.04492061212658882
        },
        {
          "word": "삼성전자",
          "prob": 0.0377361886203289
        },
        {
          "word": "lg전자",
          "prob": 0.021571233868598938
        },
        {
          "word": "디스플레이",
          "prob": 0.01977512799203396
        },
        {
          "word": "중국",
          "prob": 0.01797902211546898
        },
        {
          "word": "시장",
          "prob": 0.01797902211546898
        }
      ]
    },
    {
      "topic_id": 1,
      "top_words": [
        {
          "word": "개최",
          "prob": 0.0402810201048851
        },
        {
          "word": "2025",
          "prob": 0.03424188867211342
        },
        {
          "word": "삼성",
          "prob": 0.024176664650440216
        },
        {
          "word": "출시",
          "prob": 0.022163620218634605
        },
        {
          "word": "ai",
          "prob": 0.020150575786828995
        },
        {
          "word": "유럽",
          "prob": 0.016124486923217773
        },
        {
          "word": "글로벌",
          "prob": 0.016124486923217773
        },
        {
          "word": "지원",
          "prob": 0.014111442491412163
        }
      ]
    },
    {
      "topic_id": 2,
      "top_words": [
        {
          "word": "ai",
          "prob": 0.0707421526312828
        },
        {
          "word": "기술",
          "prob": 0.05202179774641991
        },
        {
          "word": "차세대",
          "prob": 0.03954155743122101
        },
        {
          "word": "삼성전기",
          "prob": 0.03746151924133301
        },
        {
          "word": "2025",
          "prob": 0.02914135903120041
        },
        {
          "word": "기판",
          "prob": 0.02914135903120041
        },
        {
          "word": "공개",
          "prob": 0.02706131897866726
        },
        {
          "word": "lg이노텍",
          "prob": 0.02706131897866726
        }
      ]
    },
    {
      "topic_id": 3,
      "top_words": [
        {
          "word": "기업",
          "prob": 0.02925173193216324
        },
        {
          "word": "삼성",
          "prob": 0.024754924699664116
        },
        {
          "word": "애플",
          "prob": 0.02250652015209198
        },
        {
          "word": "ai",
          "prob": 0.01576131023466587
        },
        {
          "word": "구글",
          "prob": 0.01576131023466587
        },
        {
          "word": "회장",
          "prob": 0.013512905687093735
        },
        {
          "word": "3위",
          "prob": 0.013512905687093735
        },
        {
          "word": "진출",
          "prob": 0.013512905687093735
        }
      ]
    },
    {
      "topic_id": 4,
      "top_words": [
        {
          "word": "선정",
          "prob": 0.053889330476522446
        },
        {
          "word": "ai",
          "prob": 0.051054541021585464
        },
        {
          "word": "반도체",
          "prob": 0.0453849621117115
        },
        {
          "word": "2025",
          "prob": 0.03688059747219086
        },
        {
          "word": "운영",
          "prob": 0.031211022287607193
        },
        {
          "word": "수상",
          "prob": 0.019871868193149567
        },
        {
          "word": "인재",
          "prob": 0.019871868193149567
        },
        {
          "word": "청호나이스",
          "prob": 0.017037078738212585
        }
      ]
    }
  ],
  "evidence": {
    "timeseries": [
      {
        "date": "2025-08-11",
        "count": 2
      },
      {
        "date": "2025-08-15",
        "count": 1
      },
      {
        "date": "2025-08-16",
        "count": 2
      },
      {
        "date": "2025-08-25",
        "count": 4
      },
      {
        "date": "2025-08-26",
        "count": 7
      },
      {
        "date": "2025-08-27",
        "count": 5
      },
      {
        "date": "2025-08-28",
        "count": 2
      },
      {
        "date": "2025-08-29",
        "count": 6
      },
      {
        "date": "2025-08-30",
        "count": 1
      },
      {
        "date": "2025-08-31",
        "count": 5
      },
      {
        "date": "2025-09-01",
        "count": 19
      },
      {
        "date": "2025-09-02",
        "count": 24
      },
      {
        "date": "2025-09-03",
        "count": 415
      },
      {
        "date": "2025-09-04",
        "count": 130
      }
    ]
  }
}