{
  "ideas": [
    {
      "idea": "AI 기반 맞춤형 유럽 시장 디스플레이 솔루션 제공",
      "problem": "유럽 시장의 디스플레이 수요는 증가하고 있으나, 기존 솔루션은 다양한 고객 요구를 충족하지 못하고 있습니다. 특히, 맞춤형 디자인 및 생산, 빠른 배송, 그리고 지속 가능한 소재 사용에 대한 요구가 높아지고 있습니다.  이러한 요구를 충족하지 못하면 시장 경쟁에서 뒤처지고 수익성이 악화될 수 있습니다.",
      "target_customer": "유럽 지역 중소/중견 디스플레이 제조업체 및 유통업체 (직원 수 50-500명)",
      "value_prop": "AI 기반 플랫폼을 통해 고객의 특정 요구사항에 맞춘 디스플레이 솔루션을 빠르고 효율적으로 제공합니다.  다양한 디자인 및 크기, 지속 가능한 소재 옵션을 제공하며, AI 기반 예측 시스템을 통해 재고 관리 및 배송 효율을 높입니다. 경쟁사 대비 빠른 생산 및 배송으로 고객 만족도를 극대화합니다.",
      "solution": [
        "AI 기반 디스플레이 디자인 및 제작 자동화 시스템",
        "맞춤형 디스플레이 주문 및 생산 플랫폼",
        "AI 기반 재고 관리 및 예측 시스템",
        "지속 가능한 소재 사용 및 친환경 생산 프로세스"
      ],
      "poc_plan": [
        "3주차: AI 기반 디자인 시스템 개발 및 테스트",
        "5주차: 핵심 고객 대상 플랫폼 데모 및 피드백 수집",
        "6주차:  최소 기능 제품(MVP) 개발 및 초기 고객 확보"
      ],
      "risks": [
        "AI 기술의 예측 정확도 문제",
        "지속 가능한 소재 확보의 어려움",
        "유럽 시장 진출 및 규제 준수 어려움",
        "경쟁사의 기술적 추월"
      ],
      "roadmap_3m": [
        "1개월차: AI 기반 디자인 시스템 개발 완료 및 특허 출원 준비",
        "2개월차:  MVP 개발 및 핵심 고객 확보",
        "3개월차: 유럽 시장 진출 전략 수립 및 파트너십 구축"
      ],
      "metrics": [
        "주문량 증가율",
        "고객 만족도",
        "생산 효율 증가율",
        "매출 증가율",
        "시장 점유율"
      ],
      "priority_score": 3.8
    },
    {
      "idea": "유럽 시장 진출 위한 AI 기반 스마트 팩토리 에너지 관리 솔루션",
      "problem": "유럽의 많은 제조업체들은 에너지 비용 증가와 탄소 배출 규제 강화에 직면하고 있습니다. 기존 에너지 관리 시스템은 효율성이 낮고, 데이터 분석 및 예측 기능이 부족하여 비용 절감 및 탄소 중립 목표 달성에 어려움을 겪고 있습니다. 특히 중소기업들은 전문 인력과 자본 부족으로 효과적인 에너지 관리 시스템 도입에 어려움을 느끼고 있습니다.",
      "target_customer": "유럽 지역 중소/중견 제조업체 (직원 수 50-500명)",
      "value_prop": "AI 기반의 스마트 팩토리 에너지 관리 솔루션을 통해 실시간 에너지 사용량 모니터링, 예측 분석 및 최적화를 제공합니다.  복잡한 시스템 없이 사용이 간편하며, 에너지 비용 절감 및 탄소 배출 감소를 지원하여 지속가능한 경영을 가능하게 합니다. 경쟁 솔루션 대비 사용자 친화적인 인터페이스와 맞춤형 컨설팅을 제공하여 도입 및 운영의 편의성을 높입니다.",
      "solution": [
        "AI 기반 에너지 사용량 예측 및 최적화",
        "실시간 에너지 모니터링 및 데이터 시각화",
        "사용자 친화적인 인터페이스 및 사용자 맞춤 설정",
        "탄소 배출량 관리 및 보고 기능"
      ],
      "poc_plan": [
        "3주차: 핵심 기능 검증 및 2개 중소기업 대상 시범 운영",
        "5주차: 시범 운영 결과 분석 및 사용자 피드백 수렴",
        "6주차: 개선된 솔루션 시연 및 추가 기능 개발 계획 수립"
      ],
      "risks": [
        "데이터 수집 및 분석의 정확도 문제",
        "사이버 보안 위협",
        "유럽 지역 규제 준수"
      ],
      "roadmap_3m": [
        "1개월차: 핵심 기능 개발 및 테스트 완료",
        "2개월차: 2개 파트너 기업과 시범 운영",
        "3개월차: 최종 솔루션 출시 및 마케팅 전략 수립"
      ],
      "metrics": [
        "에너지 비용 절감률",
        "탄소 배출량 감소량",
        "고객 만족도",
        "시스템 사용률",
        "시장 점유율"
      ],
      "priority_score": 3.8
    },
    {
      "idea": "유럽 시장 공략을 위한 맞춤형 AI 기반 스마트팩토리 솔루션",
      "problem": "유럽의 제조업체들은 생산성 향상과 비용 절감을 위한 디지털 전환에 어려움을 겪고 있으며, 특히 현지 규정 및 문화적 차이를 고려한 맞춤형 솔루션 부족으로 인해 효율적인 시스템 구축에 어려움을 겪고 있습니다. 기존의 스마트팩토리 솔루션들은 유럽 시장의 특수성을 충분히 반영하지 못하고 있으며, 이는 높은 구축 비용과 낮은 활용도로 이어집니다.",
      "target_customer": "유럽 중소/중견 제조업체 (직원 수 100-1000명)",
      "value_prop": "AI 기반의 예측 정비 및 생산 최적화 기능을 통해 생산성을 향상시키고 불필요한 비용을 절감합니다. 유럽 현지 규정 및 언어를 완벽하게 준수하며, 현지 엔지니어 지원을 통해 원활한 시스템 구축 및 운영을 지원합니다. 경쟁사 대비 경쟁력 있는 가격과 유연한 구독 모델을 제공합니다.",
      "solution": [
        "AI 기반 예측 정비 시스템을 통한 설비 고장 예방",
        "실시간 생산 데이터 분석 및 최적화를 통한 생산성 향상",
        "유럽 현지 규정 준수 및 다국어 지원",
        "현지 엔지니어를 통한 맞춤형 기술 지원"
      ],
      "poc_plan": [
        "독일 내 2개 중견 제조업체 선정 및 시스템 구축 (4주)",
        "시스템 성능 및 효율성 평가 (2주)",
        "현지 엔지니어 지원 체계 구축 및 평가 (2주)",
        "향후 사업 확장 가능성 및 시장 경쟁력 분석 (2주)",
        "최종 PoC 결과 보고서 작성 및 발표 (2주)"
      ],
      "risks": [
        "유럽 시장 진출에 따른 초기 투자 비용 증가",
        "현지 규제 및 법률 준수 어려움",
        "경쟁 솔루션과의 차별화 전략 부재",
        "현지 파트너십 구축 및 관리 어려움",
        "예상치 못한 기술적 문제 발생"
      ],
      "roadmap_3m": [
        "시장 조사 및 사업 타당성 분석 완료 (1개월)",
        "PoC 진행 및 결과 분석 (1개월)",
        "사업화 전략 수립 및 마케팅 계획 수립 (1개월)"
      ],
      "metrics": [
        "생산성 향상률",
        "비용 절감률",
        "고객 만족도",
        "시장 점유율",
        "계약 건수"
      ],
      "priority_score": 3.5
    },
    {
      "idea": "미래형 스마트 의류 개발 및 판매",
      "problem": "현재 스마트 의류 시장은 기능이 제한적이고, 디자인이 불편하며, 고가의 가격으로 대중화에 어려움을 겪고 있습니다. 소비자들은 일상생활에서 편리하게 사용 가능하면서도 스타일리시한 스마트 의류를 원하고 있습니다.  기존 제품들은 기술적인 한계와 디자인적 제약으로 소비자의 요구를 충족시키지 못하고 있습니다.",
      "target_customer": "20-40대의 패션에 관심이 많고, 스마트 기기를 적극적으로 활용하는 젊은층 남녀",
      "value_prop": "세련된 디자인과 편안한 착용감을 갖춘 스마트 의류를 합리적인 가격으로 제공합니다.  다양한 센서와 AI 기반 분석 기술을 통해 건강 관리, 개인 맞춤형 피드백 등 차별화된 기능을 제공하여 기존 스마트 의류의 한계를 극복합니다.  소비자의 라이프스타일에 맞춘 다양한 디자인과 기능 선택지를 제공하여 높은 만족도를 제공합니다.",
      "solution": [
        "다양한 센서를 활용한 건강 관리 기능 (심박수, 수면 패턴, 활동량 등)",
        "AI 기반 개인 맞춤형 피드백 제공 (운동, 수면, 건강 관리 등)",
        "세련된 디자인과 편안한 착용감을 위한 고급 소재 사용",
        "모바일 앱 연동을 통한 데이터 관리 및 사용자 맞춤 설정"
      ],
      "poc_plan": [
        "3주차: 핵심 기능(심박수 측정, 앱 연동)을 갖춘 시제품 제작 및 테스트",
        "4주차: 착용감 및 디자인 개선을 위한 사용자 피드백 수렴 및 반영",
        "5주차: AI 기반 개인 맞춤형 피드백 기능 구현 및 테스트",
        "6주차: 시제품을 활용한 소규모 사용자 테스트 및 데이터 분석"
      ],
      "risks": [
        "기술적 문제 발생 및 해결 지연",
        "소비자의 디자인 선호도 변화",
        "경쟁 제품 출시 및 시장 경쟁 심화",
        "개인정보보호 관련 규제"
      ],
      "roadmap_3m": [
        "1개월차: 시제품 제작 및 기능 검증 완료",
        "2개월차: 사용자 피드백 반영 및 디자인 개선",
        "3개월차: 최종 제품 출시 및 마케팅 전략 수립"
      ],
      "metrics": [
        "월별 판매량",
        "고객 만족도",
        "앱 사용률",
        "활성 사용자 수",
        "평균 주문 금액"
      ],
      "priority_score": 3.5
    },
    {
      "idea": "AI 기반 유럽 스마트홈 에너지 관리 솔루션",
      "problem": "유럽 지역의 에너지 가격 상승과 탄소 중립 정책 강화로 인해, 가정 및 소규모 사업체는 에너지 효율 관리에 대한 어려움을 겪고 있습니다. 기존 솔루션들은 복잡하거나 비용이 높아 접근성이 낮고, 개인 맞춤형 에너지 관리가 부족합니다.  따라서 에너지 소비량을 실시간으로 모니터링하고, AI 기반 예측 및 제어를 통해 에너지 비용을 절감하고 탄소 배출량을 줄일 수 있는 사용자 친화적인 솔루션이 필요합니다.",
      "target_customer": "유럽 지역의 개인 주택 소유주 및 소규모 사업체 (10-50명)",
      "value_prop": "AI 기반의 스마트홈 에너지 관리 시스템을 통해 에너지 소비량을 최대 30% 절감하고, 탄소 배출량을 줄일 수 있습니다. 사용자 친화적인 인터페이스와 실시간 데이터 분석으로 에너지 사용 패턴을 파악하고 효율적인 관리를 지원합니다. 경쟁 솔루션 대비 저렴한 가격과 손쉬운 설치로 높은 접근성을 제공합니다. 개별 사용자의 에너지 소비 패턴을 분석하여 맞춤형 에너지 절약 방안을 제시합니다.",
      "solution": [
        "AI 기반 에너지 소비량 예측 및 제어",
        "실시간 에너지 사용량 모니터링 및 분석",
        "사용자 친화적인 모바일 애플리케이션 제공",
        "맞춤형 에너지 절약 방안 제시"
      ],
      "poc_plan": [
        "유럽 지역 5가구를 대상으로 솔루션 설치 및 테스트",
        "에너지 절감 효과 및 사용자 만족도 조사",
        "모바일 애플리케이션 사용성 평가",
        "데이터 분석 알고리즘 정확도 검증",
        "시스템 안정성 및 보안성 테스트"
      ],
      "risks": [
        "데이터 수집 및 활용에 대한 개인정보보호 규제 준수",
        "AI 알고리즘의 정확성 및 신뢰성 확보",
        "경쟁 솔루션과의 차별화",
        "유럽 시장 진출 및 유통 채널 확보",
        "에너지 시장 변화에 대한 대응"
      ],
      "roadmap_3m": [
        "PoC 진행 및 결과 분석",
        "솔루션 개선 및 완성",
        "마케팅 전략 수립 및 초기 시장 진출"
      ],
      "metrics": [
        "에너지 절감률",
        "사용자 만족도",
        "월간 활성 사용자 수",
        "매출액",
        "시장 점유율"
      ],
      "priority_score": 3.5
    }
  ]
}