{
  "stats": {
    "num_docs": 23
  },
  "keywords": [
    {
      "keyword": "디스플레이",
      "score": 4.305935353699181
    },
    {
      "keyword": "전자",
      "score": 2.4579570314037826
    },
    {
      "keyword": "유럽",
      "score": 2.3618261684819752
    },
    {
      "keyword": "시장",
      "score": 2.1388161295472314
    },
    {
      "keyword": "사업",
      "score": 2.065170863491356
    },
    {
      "keyword": "기업",
      "score": 1.9700655173010757
    },
    {
      "keyword": "이루는",
      "score": 1.9342406855408
    },
    {
      "keyword": "건조기는",
      "score": 1.8821858838484609
    },
    {
      "keyword": "청소기",
      "score": 1.8097297113690187
    },
    {
      "keyword": "점을",
      "score": 1.7577755047880363
    },
    {
      "keyword": "신제품",
      "score": 1.7321166733961086
    },
    {
      "keyword": "위생과",
      "score": 1.7149108834527675
    },
    {
      "keyword": "세탁기와",
      "score": 1.6958015179530133
    },
    {
      "keyword": "기반의",
      "score": 1.6560727304222755
    },
    {
      "keyword": "라인업도",
      "score": 1.6540338277065008
    },
    {
      "keyword": "의료기기",
      "score": 1.6193297027785234
    },
    {
      "keyword": "다양",
      "score": 1.5074825553775786
    },
    {
      "keyword": "인치",
      "score": 1.5047798511631494
    },
    {
      "keyword": "공간과",
      "score": 1.502487375014752
    },
    {
      "keyword": "늘렸다",
      "score": 1.4946555549559206
    },
    {
      "keyword": "사용",
      "score": 1.4945854796378182
    },
    {
      "keyword": "인공지능",
      "score": 1.4848858562890137
    }
  ]
}