{
  "summary": "1. **핵심 맥락 설명:**  제공된 데이터는 LG와 삼성을 중심으로 한 한국 기업들의 기술 개발 및 투자 동향을 보여줍니다.  특히 AI, 반도체, 차세대 기술(기판 등) 분야에 대한 집중적인 투자와 개발, 그리고 관련 기업들의 사업 확장 및 성과에 대한 뉴스 기사가 다수를 차지합니다.  여기에는 새로운 기술 개발, 시장 진출, 투자 유치 등 다양한 활동이 포함되어 있으며, 2025년을 기점으로 관련 뉴스의 양이 급증하는 것을 확인할 수 있습니다.\n\n\n2. **최근 변화/스파이크:** 2025년 9월 초에 뉴스 기사 수가 급격히 증가하는 스파이크 현상이 나타났습니다.  이는 특정 기술 발표나 사업 전략 공개 등과 같은 주요 이벤트가 발생했음을 시사하며,  관련 기업들의 향후 행보에 대한 높은 관심을 반영합니다.\n\n\n3. **실무 인사이트:**\n\n* **주요 기업의 기술 개발 동향 및 시장 진출 전략을 지속적으로 모니터링하고 분석하여, 시장 변화에 대한 선제적 대응 전략을 수립해야 합니다.**  특히 AI, 반도체 분야의 기술 발전 속도가 매우 빠르므로, 경쟁 우위 확보를 위한 지속적인 연구 개발 투자가 필수적입니다.\n* **2025년 9월 초 발생한 뉴스 기사 증가 원인을 규명하고, 관련 정보를 분석하여 향후 시장 트렌드를 예측하고 사업 전략에 반영해야 합니다.**  이를 통해 기회를 선점하고 위험을 최소화할 수 있습니다.\n* **LG와 삼성을 포함한 주요 기업들의 사업 전략 및 투자 계획을 분석하여, 협력 및 경쟁 전략을 수립해야 합니다.**  기업 간 협력을 통해 시너지 효과를 창출하고, 경쟁 기업의 동향을 파악하여 효과적인 경쟁 전략을 구축할 수 있습니다.\n따라서, 최적의 선택은 상황과 개인의 우선순위에 따라 달라진다는 점을 명심해야 합니다.  각 옵션의 장단점을 신중히 비교 분석하고,  자신에게 가장 적합한 선택을 내리는 것이 중요합니다.  결국,  만족스러운 결과를 얻기 위한 핵심은 정보에 기반한 합리적인 의사결정입니다.",
  "top_topics": [
    {
      "topic_id": 0,
      "top_words": [
        {
          "word": "개최",
          "prob": 0.03725344315171242
        },
        {
          "word": "기술",
          "prob": 0.03353181853890419
        },
        {
          "word": "위한",
          "prob": 0.03353181853890419
        },
        {
          "word": "개발",
          "prob": 0.026088574901223183
        },
        {
          "word": "lg",
          "prob": 0.026088574901223183
        },
        {
          "word": "dgist",
          "prob": 0.026088574901223183
        },
        {
          "word": "관련주",
          "prob": 0.022366952151060104
        },
        {
          "word": "직접",
          "prob": 0.022366952151060104
        }
      ]
    },
    {
      "topic_id": 1,
      "top_words": [
        {
          "word": "선정",
          "prob": 0.04134095832705498
        },
        {
          "word": "2025",
          "prob": 0.038163330405950546
        },
        {
          "word": "넷마블",
          "prob": 0.025452811270952225
        },
        {
          "word": "뱀피르",
          "prob": 0.025452811270952225
        },
        {
          "word": "설립",
          "prob": 0.022275183349847794
        },
        {
          "word": "lg",
          "prob": 0.022275183349847794
        },
        {
          "word": "과제",
          "prob": 0.022275183349847794
        },
        {
          "word": "germany",
          "prob": 0.022275183349847794
        }
      ]
    },
    {
      "topic_id": 2,
      "top_words": [
        {
          "word": "ai",
          "prob": 0.05947485566139221
        },
        {
          "word": "삼성",
          "prob": 0.024795640259981155
        },
        {
          "word": "반도체",
          "prob": 0.022318553179502487
        },
        {
          "word": "운영",
          "prob": 0.01984146609902382
        },
        {
          "word": "중국",
          "prob": 0.01984146609902382
        },
        {
          "word": "지원",
          "prob": 0.01984146609902382
        },
        {
          "word": "lg",
          "prob": 0.01984146609902382
        },
        {
          "word": "투자",
          "prob": 0.01736437901854515
        }
      ]
    },
    {
      "topic_id": 3,
      "top_words": [
        {
          "word": "ai",
          "prob": 0.07268008589744568
        },
        {
          "word": "반도체",
          "prob": 0.02285655029118061
        },
        {
          "word": "시장",
          "prob": 0.020780568942427635
        },
        {
          "word": "출시",
          "prob": 0.01870458759367466
        },
        {
          "word": "삼성",
          "prob": 0.01870458759367466
        },
        {
          "word": "혁신",
          "prob": 0.016628606244921684
        },
        {
          "word": "강화",
          "prob": 0.014552625827491283
        },
        {
          "word": "디지털",
          "prob": 0.014552625827491283
        }
      ]
    },
    {
      "topic_id": 4,
      "top_words": [
        {
          "word": "2025",
          "prob": 0.046513333916664124
        },
        {
          "word": "삼성전기",
          "prob": 0.04406655207276344
        },
        {
          "word": "기술",
          "prob": 0.04161977022886276
        },
        {
          "word": "차세대",
          "prob": 0.03917298838496208
        },
        {
          "word": "공개",
          "prob": 0.0367262028157711
        },
        {
          "word": "기판",
          "prob": 0.03427942097187042
        },
        {
          "word": "lg이노텍",
          "prob": 0.03183263912796974
        },
        {
          "word": "kpca",
          "prob": 0.02938585728406906
        }
      ]
    }
  ],
  "evidence": {
    "timeseries": [
      {
        "date": "2025-08-11",
        "count": 2
      },
      {
        "date": "2025-08-15",
        "count": 1
      },
      {
        "date": "2025-08-16",
        "count": 2
      },
      {
        "date": "2025-08-25",
        "count": 4
      },
      {
        "date": "2025-08-26",
        "count": 7
      },
      {
        "date": "2025-08-27",
        "count": 5
      },
      {
        "date": "2025-08-28",
        "count": 2
      },
      {
        "date": "2025-08-29",
        "count": 6
      },
      {
        "date": "2025-08-30",
        "count": 1
      },
      {
        "date": "2025-08-31",
        "count": 5
      },
      {
        "date": "2025-09-01",
        "count": 19
      },
      {
        "date": "2025-09-02",
        "count": 24
      },
      {
        "date": "2025-09-03",
        "count": 414
      },
      {
        "date": "2025-09-04",
        "count": 28
      }
    ]
  }
}