{
  "ideas": [
    {
      "idea": "AI 기반 맞춤형 유럽 시장 진출 전략 컨설팅",
      "problem": "한국 기업의 유럽 시장 진출은 높은 진입 장벽과 복잡한 규제, 문화적 차이로 어려움을 겪고 있습니다. 특히, 시장 분석 및 현지화 전략 수립에 어려움을 느끼는 중소기업들이 많습니다.  기존 컨설팅은 표준화된 서비스로 기업의 특수성을 반영하지 못하는 경우가 많습니다.",
      "target_customer": "유럽 시장 진출을 계획 중인 한국 중소/중견기업 (특히, IT, 소비재 분야)",
      "value_prop": "AI 기반 데이터 분석을 통해 기업별 맞춤형 시장 진출 전략을 제시합니다. 경쟁사 분석, 시장 트렌드 예측, 현지화 전략 수립,  리스크 관리 등을 지원하여 성공적인 유럽 시장 진출을 돕습니다.  기존 컨설팅보다 빠르고 효율적인 서비스 제공을 통해 비용 절감 효과를 제공합니다.",
      "solution": [
        "AI 기반 시장 분석 및 경쟁사 분석 보고서 제공",
        "맞춤형 유럽 시장 진출 전략 로드맵 제시",
        "현지 파트너 매칭 및 협력 지원",
        "규제 준수 및 리스크 관리 컨설팅"
      ],
      "poc_plan": [
        "3주차: 2개 기업 대상 시장 분석 및 전략 수립 POC 진행",
        "5주차: POC 결과 분석 및 서비스 개선",
        "6주차: 최종 보고서 발표 및 서비스 출시 준비"
      ],
      "risks": [
        "AI 분석의 정확도 한계",
        "예상치 못한 시장 변화",
        "현지 파트너와의 협력 문제"
      ],
      "roadmap_3m": [
        "1개월차: 서비스 플랫폼 개발 완료 및 베타 서비스 시작",
        "2개월차: 5개 기업 대상 베타 서비스 운영 및 피드백 수렴",
        "3개월차: 서비스 정식 출시 및 마케팅 활동 시작"
      ],
      "metrics": [
        "컨설팅 계약 건수",
        "고객 만족도",
        "유럽 시장 진출 성공률",
        "매출액",
        "재계약률"
      ],
      "priority_score": 3.8
    },
    {
      "idea": "AI 기반 맞춤형 디스플레이 광고 플랫폼",
      "problem": "기존 디스플레이 광고는 타겟팅이 부정확하고 효율이 낮으며,  개인 맞춤형 광고 경험 제공에 어려움이 있습니다. 특히, 야외 디스플레이 광고는 실시간 데이터 반영 및 효과 측정이 어려워 광고주 만족도가 낮습니다.  이로 인해 광고 효율 저하 및 광고 투자 손실이 발생합니다.",
      "target_customer": "대형 야외 디스플레이를 운영하는 기업 (쇼핑몰, 지하철역, 공항 등) 및 광고 대행사",
      "value_prop": "AI 기반 실시간 데이터 분석을 통해 타겟 고객에게 최적화된 광고를 제공하여 광고 효율을 극대화합니다.  야외 환경에 최적화된 고해상도 이미지 및 영상 광고를 지원하며,  실시간 광고 성과 측정 및 분석 기능을 제공하여 광고 효과를 명확하게 확인할 수 있습니다. 경쟁사 대비 AI 기반의 정교한 타겟팅과 실시간 데이터 반영으로 높은 광고 전환율을 보장합니다.",
      "solution": [
        "AI 기반 실시간 타겟팅 광고 시스템",
        "고해상도 야외 디스플레이 광고 지원",
        "실시간 광고 성과 측정 및 분석 대시보드",
        "다양한 광고 형태 및 크기 지원"
      ],
      "poc_plan": [
        "3주차: 핵심 기능 개발 및 테스트 환경 구축",
        "5주차: 특정 쇼핑몰 야외 디스플레이에 시스템 적용 및 A/B 테스트 진행",
        "6주차: 테스트 결과 분석 및 보고서 작성"
      ],
      "risks": [
        "AI 알고리즘 성능 저하 가능성",
        "개인정보보호 관련 규제 준수",
        "야외 환경 변화에 대한 시스템 안정성 확보"
      ],
      "roadmap_3m": [
        "1개월차: MVP 개발 및 테스트 완료",
        "2개월차: 파일럿 고객 확보 및 시스템 배포",
        "3개월차: 성과 분석 및 시스템 개선"
      ],
      "metrics": [
        "광고 노출 수",
        "클릭률 (CTR)",
        "전환율 (CVR)",
        "광고주 만족도",
        "매출 증가율"
      ],
      "priority_score": 3.8
    },
    {
      "idea": "AI 기반 맞춤형 스마트팩토리 솔루션",
      "problem": "국내 중소 제조기업들은 생산성 향상과 불량률 감소에 어려움을 겪고 있으며, 기존의 스마트팩토리 솔루션은 고가이고 도입 및 운영이 복잡합니다.  특히, AI 기술을 활용한 실시간 분석 및 예측 기능이 부족하여 효율적인 생산 관리에 제약이 있습니다.",
      "target_customer": "중소 제조기업 (특히, 전자부품, 자동차 부품 제조업체)",
      "value_prop": "AI 기반의 저렴하고 사용하기 쉬운 스마트팩토리 솔루션을 제공하여 생산성 향상, 불량률 감소, 유지보수 비용 절감을 지원합니다.  클라우드 기반의 SaaS 모델로 초기 투자 비용을 낮추고, 사용자 친화적인 인터페이스로 쉽게 도입 및 운영할 수 있습니다.  실시간 데이터 분석 및 예측 기능을 통해 생산 계획 및 관리의 효율성을 극대화합니다.",
      "solution": [
        "AI 기반 실시간 생산 모니터링 및 분석",
        "예측 정비를 통한 설비 가동률 향상",
        "불량품 발생 예측 및 예방",
        "사용자 친화적인 대시보드 및 보고서 제공"
      ],
      "poc_plan": [
        "선정된 중소기업 1곳과 협력하여 솔루션 구축 및 테스트",
        "주요 생산 라인에 솔루션 적용 및 성능 평가",
        "데이터 분석 결과를 바탕으로 솔루션 개선 및 최적화",
        "솔루션 사용 편의성 및 효율성에 대한 사용자 피드백 수집",
        "최종 보고서 작성 및 결과 발표"
      ],
      "risks": [
        "AI 모델의 정확도 및 신뢰성 확보",
        "데이터 보안 및 개인정보 보호",
        "중소기업의 IT 인프라 부족",
        "경쟁 솔루션과의 차별화"
      ],
      "roadmap_3m": [
        "MVP 개발 및 테스트 완료",
        "선정된 파트너 기업과의 협력 체계 구축",
        "마케팅 전략 수립 및 초기 고객 확보",
        "솔루션 기능 개선 및 확장 계획 수립",
        "데이터 분석 시스템 구축 및 운영"
      ],
      "metrics": [
        "생산성 향상률",
        "불량률 감소율",
        "설비 가동률 향상",
        "고객 만족도",
        "솔루션 사용률"
      ],
      "priority_score": 3.8
    },
    {
      "idea": "AI 기반 맞춤형 스마트팜 솔루션",
      "problem": "국내 스마트팜 시장은 성장 중이나, 작물별 최적 환경 설정 및 관리의 어려움, 데이터 기반 의사결정 부족, 높은 초기 투자 비용 등의 문제점이 존재합니다.  농가의 생산성 향상과 수익 증대를 위한 효율적인 관리 시스템이 부족하며, 환경 변화에 대한 신속한 대응이 어렵습니다.",
      "target_customer": "중소 규모 스마트팜 운영 농가 (특히, 채소, 과일 재배 농가)",
      "value_prop": "AI 기반의 정밀 환경 제어 및 예측 시스템을 통해 작물 생육 최적화 및 생산성 향상을 지원합니다.  농가의 노동력 감소 및 관리 효율 증대를 통해 수익성을 높이고, 데이터 기반의 의사결정을 지원하여 위험 관리를 강화합니다. 경쟁 솔루션 대비 저렴한 초기 투자 비용과 사용 편의성을 제공합니다.",
      "solution": [
        "AI 기반 작물 생육 예측 및 환경 제어 시스템",
        "실시간 데이터 모니터링 및 분석 대시보드",
        "작물별 맞춤형 관리 가이드 제공",
        "원격 관리 및 자동화 기능"
      ],
      "poc_plan": [
        "3주차: 시스템 구축 및 핵심 기능 검증 (토마토 재배 농가)",
        "5주차: 데이터 수집 및 분석, 예측 정확도 평가",
        "6주차: 농가 피드백 반영 및 시스템 개선"
      ],
      "risks": [
        "AI 알고리즘 정확도 및 신뢰성 확보",
        "데이터 부족 및 품질 관리",
        "농가의 기술 수용도 및 교육 필요성",
        "경쟁 솔루션과의 차별화"
      ],
      "roadmap_3m": [
        "1개월: 핵심 기능 개발 완료 및 베타 테스트",
        "2개월: 농가 대상 파일럿 프로그램 진행 및 피드백 수렴",
        "3개월: 시스템 개선 및 상용화 준비"
      ],
      "metrics": [
        "작물 생산량 증가율",
        "농가 노동 시간 감소율",
        "시스템 사용 만족도",
        "예측 정확도",
        "투자 대비 수익률"
      ],
      "priority_score": 3.8
    },
    {
      "idea": "AI 기반 맞춤형 스마트 헬스케어 솔루션",
      "problem": "고령화 사회 진입으로 인한 만성 질환 증가와 의료 서비스 접근성 저하 문제가 심각해지고 있습니다.  개인별 맞춤형 건강 관리 서비스 부족으로 예방 및 관리의 어려움이 존재하며, 의료기관 방문의 어려움으로 인해 적절한 치료 시기를 놓치는 경우가 많습니다.  이러한 문제는 의료비 증가 및 사회적 손실로 이어집니다.",
      "target_customer": "만성 질환자(고혈압, 당뇨병 등)를 보유한 50대 이상 중장년층 개인 및 가족",
      "value_prop": "AI 기반 개인 맞춤형 건강 관리 솔루션을 통해 사용자의 건강 데이터를 분석하고, 개인별 맞춤형 건강 관리 계획을 제공합니다.  웨어러블 기기와의 연동을 통해 실시간 건강 상태를 모니터링하고, 이상 징후 발생 시 즉각적인 알림을 제공하여 의료 서비스 접근성을 높입니다.  비대면 상담 및 건강 교육 서비스를 제공하여 편리하고 효율적인 건강 관리를 지원합니다.  경쟁 솔루션 대비 AI 기반의 정확한 예측 및 개인 맞춤형 관리로 차별화를 제공합니다.",
      "solution": [
        "웨어러블 기기 연동 및 실시간 건강 데이터 수집",
        "AI 기반 개인 맞춤형 건강 관리 계획 수립 및 제공",
        "이상 징후 감지 및 즉각적인 알림 기능",
        "비대면 상담 및 건강 교육 서비스 제공"
      ],
      "poc_plan": [
        "3주차: 웨어러블 기기 연동 및 데이터 수집 시스템 구축",
        "5주차: AI 알고리즘 개발 및 테스트 (100명 대상)",
        "6주차: 사용자 인터페이스(UI) 개발 및 사용성 테스트 (50명 대상)"
      ],
      "risks": [
        "개인정보보호 및 데이터 보안 문제",
        "AI 알고리즘의 정확도 및 신뢰성 확보",
        "의료기기 인허가 관련 규제 준수"
      ],
      "roadmap_3m": [
        "1개월차: MVP 개발 및 베타 테스트 진행",
        "2개월차: 사용자 피드백 반영 및 기능 개선",
        "3개월차: 공식 출시 및 마케팅 전략 수립"
      ],
      "metrics": [
        "월간 활성 사용자 수 (MAU)",
        "사용자 만족도 (CSAT)",
        "건강 관리 목표 달성률",
        "이상 징후 조기 감지율"
      ],
      "priority_score": 3.8
    }
  ]
}