{
  "stats": {
    "num_docs": 27
  },
  "keywords": [
    {
      "keyword": "디스플레",
      "score": 5.381254285439071
    },
    {
      "keyword": "최대",
      "score": 3.0293279637498802
    },
    {
      "keyword": "경험",
      "score": 2.7018463464885056
    },
    {
      "keyword": "공개",
      "score": 2.643354892983746
    },
    {
      "keyword": "삼성",
      "score": 2.616887226619423
    },
    {
      "keyword": "이하",
      "score": 2.486748409440686
    },
    {
      "keyword": "아머",
      "score": 2.402280229069671
    },
    {
      "keyword": "지원",
      "score": 2.2888442446373953
    },
    {
      "keyword": "시청",
      "score": 2.2640631618289544
    },
    {
      "keyword": "선명",
      "score": 2.1538358480974047
    },
    {
      "keyword": "구현",
      "score": 2.149131883181703
    },
    {
      "keyword": "강화된",
      "score": 2.1245405941481392
    },
    {
      "keyword": "몰입감",
      "score": 2.070538671436715
    },
    {
      "keyword": "바이오의약품",
      "score": 2.004606144755109
    },
    {
      "keyword": "융합",
      "score": 1.8872081238908427
    },
    {
      "keyword": "화면",
      "score": 1.8773124255958895
    },
    {
      "keyword": "프레임에",
      "score": 1.8439434122415799
    },
    {
      "keyword": "인공지능",
      "score": 1.7598531828939872
    },
    {
      "keyword": "야외에서",
      "score": 1.7299885499514387
    },
    {
      "keyword": "네이비",
      "score": 1.7010160922185849
    },
    {
      "keyword": "다이나믹",
      "score": 1.6737078172900262
    },
    {
      "keyword": "베젤",
      "score": 1.6040839312864503
    },
    {
      "keyword": "글로벌",
      "score": 1.599804815959649
    },
    {
      "keyword": "갤럭시",
      "score": 1.5940150920629663
    },
    {
      "keyword": "선사한다",
      "score": 1.5919122527848866
    },
    {
      "keyword": "주사율",
      "score": 1.541780020873242
    },
    {
      "keyword": "기술",
      "score": 1.5309684283928555
    }
  ]
}