{
  "summary": "1. 핵심 맥락 설명:  데이터는 크게 자동차, 반도체, AI, 그리고 삼성과 LG의 사업 전략 및 경쟁 구도를 보여줍니다.  자동차 분야는 기아의 EV5 출시와 관련된 소식이 주를 이루고 있으며, 반도체는 삼성전기와 LG이노텍을 중심으로 차세대 기술 경쟁이 뜨겁습니다.  AI는 삼성전자와 LG전자의 AI 기술 개발 및 적용과 관련된 뉴스가 많으며,  마지막으로 삼성과 LG는 2025년을 목표로 한 유럽 시장 진출 및 사업 확장 전략에 대한 기사가 다수 포함되어 있습니다. 이러한 주제들은 한국 주요 기업들의 미래 성장 동력과 관련된 내용을 담고 있습니다.\n\n\n2. 최근 변화/스파이크: 2025년 9월 3일을 기점으로 기사 수가 급격하게 증가하는 스파이크 현상이 나타났습니다. 이는 특정 이벤트 또는 뉴스 발표로 인해 해당 시점에 관련 기사들이 집중적으로 보도되었음을 시사합니다.\n\n\n3. 실무 인사이트:\n\n* **긴급 상황 대응 매뉴얼 준비:** 2025년 9월 초의 급격한 기사 증가는 예측 불가능한 이벤트 발생 가능성을 보여줍니다.  이에 대비하여 긴급 상황 발생 시 신속하게 대응할 수 있는 매뉴얼을 준비하고 관련 부서 간 소통 채널을 강화해야 합니다.  특히, 언론 보도 모니터링 시스템을 강화하여 이벤트 발생을 조기에 감지하고 대응할 수 있도록 해야 합니다.\n* **주요 이벤트 예측 및 분석 강화:**  9월 초 기사 급증의 원인을 분석하여 향후 유사한 이벤트 발생 가능성을 예측하고,  미리 대응 전략을 수립해야 합니다.  주요 기업들의 사업 전략 및 경쟁 동향을 면밀히 분석하고,  잠재적 위험 요소와 기회 요소를 파악하여 선제적으로 대응하는 전략을 마련해야 합니다.\n* **데이터 기반 의사결정 시스템 구축:**  뉴스 기사 데이터를 분석하여 시장 트렌드와 여론 변화를 파악하고, 이를 기반으로 효율적인 의사결정을 내릴 수 있는 시스템을 구축해야 합니다.  기사 분석 결과를 활용하여 마케팅 전략을 개선하고,  투자 결정에 대한 근거를 마련해야 합니다.",
  "top_topics": [
    {
      "topic_id": 0,
      "top_words": [
        {
          "word": "출시",
          "prob": 0.043316129595041275
        },
        {
          "word": "사진",
          "prob": 0.029998335987329483
        },
        {
          "word": "모델",
          "prob": 0.023339437320828438
        },
        {
          "word": "기아",
          "prob": 0.023339437320828438
        },
        {
          "word": "안전관리",
          "prob": 0.02000998891890049
        },
        {
          "word": "3위",
          "prob": 0.016680540516972542
        },
        {
          "word": "ev5",
          "prob": 0.016680540516972542
        },
        {
          "word": "관련주",
          "prob": 0.016680540516972542
        }
      ]
    },
    {
      "topic_id": 1,
      "top_words": [
        {
          "word": "기술",
          "prob": 0.05779394507408142
        },
        {
          "word": "차세대",
          "prob": 0.04709532484412193
        },
        {
          "word": "2025",
          "prob": 0.0385364294052124
        },
        {
          "word": "삼성전기",
          "prob": 0.0385364294052124
        },
        {
          "word": "반도체",
          "prob": 0.0385364294052124
        },
        {
          "word": "기판",
          "prob": 0.029977532103657722
        },
        {
          "word": "lg이노텍",
          "prob": 0.027837809175252914
        },
        {
          "word": "kpca",
          "prob": 0.025698084384202957
        }
      ]
    },
    {
      "topic_id": 2,
      "top_words": [
        {
          "word": "ai",
          "prob": 0.09738220274448395
        },
        {
          "word": "삼성전자",
          "prob": 0.06798934191465378
        },
        {
          "word": "공개",
          "prob": 0.05512997508049011
        },
        {
          "word": "ifa",
          "prob": 0.051455866545438766
        },
        {
          "word": "갤럭시",
          "prob": 0.038596492260694504
        },
        {
          "word": "삼성",
          "prob": 0.022063013166189194
        },
        {
          "word": "애플",
          "prob": 0.018388904631137848
        },
        {
          "word": "2025서",
          "prob": 0.018388904631137848
        }
      ]
    },
    {
      "topic_id": 3,
      "top_words": [
        {
          "word": "2025",
          "prob": 0.04470397159457207
        },
        {
          "word": "lg",
          "prob": 0.03861074522137642
        },
        {
          "word": "삼성",
          "prob": 0.03454859182238579
        },
        {
          "word": "운영",
          "prob": 0.020331066101789474
        },
        {
          "word": "설립",
          "prob": 0.01829998940229416
        },
        {
          "word": "지원",
          "prob": 0.01829998940229416
        },
        {
          "word": "유럽",
          "prob": 0.016268914565443993
        },
        {
          "word": "cns",
          "prob": 0.016268914565443993
        }
      ]
    },
    {
      "topic_id": 4,
      "top_words": [
        {
          "word": "ai",
          "prob": 0.08663957566022873
        },
        {
          "word": "lg",
          "prob": 0.017338575795292854
        },
        {
          "word": "기업",
          "prob": 0.017338575795292854
        },
        {
          "word": "혁신",
          "prob": 0.016005864366889
        },
        {
          "word": "디스플레이",
          "prob": 0.014673152938485146
        },
        {
          "word": "중국",
          "prob": 0.013340441510081291
        },
        {
          "word": "시장",
          "prob": 0.013340441510081291
        },
        {
          "word": "개최",
          "prob": 0.013340441510081291
        }
      ]
    }
  ],
  "evidence": {
    "timeseries": [
      {
        "date": "2025-08-11",
        "count": 2
      },
      {
        "date": "2025-08-15",
        "count": 1
      },
      {
        "date": "2025-08-16",
        "count": 2
      },
      {
        "date": "2025-08-25",
        "count": 4
      },
      {
        "date": "2025-08-26",
        "count": 7
      },
      {
        "date": "2025-08-27",
        "count": 5
      },
      {
        "date": "2025-08-28",
        "count": 2
      },
      {
        "date": "2025-08-29",
        "count": 6
      },
      {
        "date": "2025-08-30",
        "count": 1
      },
      {
        "date": "2025-08-31",
        "count": 5
      },
      {
        "date": "2025-09-01",
        "count": 19
      },
      {
        "date": "2025-09-02",
        "count": 24
      },
      {
        "date": "2025-09-03",
        "count": 416
      },
      {
        "date": "2025-09-04",
        "count": 184
      }
    ]
  }
}