{
  "ideas": [
    {
      "idea": "AI 기반 스마트 팩토리 솔루션 제공",
      "problem": "국내 중소 제조업체들은 생산성 향상과 품질 관리에 어려움을 겪고 있으며, 고가의 자동화 시스템 도입에 대한 부담이 큽니다.  기존의 솔루션들은 복잡하고 유지보수 비용이 높아 중소기업에 적합하지 않습니다.  또한, AI 기술을 활용한 생산 최적화 및 예지 보전 시스템이 부족합니다.",
      "target_customer": "국내 중소 제조업체 (직원 수 100명 미만, 연매출 50억 미만)",
      "value_prop": "AI 기반의 사용자 친화적인 스마트 팩토리 솔루션을 통해 생산성을 향상시키고 불량률을 감소시키며, 유지보수 비용을 절감할 수 있도록 지원합니다.  클라우드 기반 서비스 제공으로 초기 투자 비용을 낮추고, AI 알고리즘을 통해 실시간 데이터 분석 및 예측 기능을 제공하여 효율적인 생산 관리를 가능하게 합니다. 경쟁사 대비 저렴한 가격과 간편한 사용법을 제공합니다.",
      "solution": [
        "AI 기반 생산량 예측 및 최적화 기능",
        "실시간 품질 관리 및 불량 예측 기능",
        "설비 고장 예지 보전 기능",
        "사용자 친화적인 대시보드 및 모바일 앱 제공"
      ],
      "poc_plan": [
        "3주차: 핵심 기능 개발 및 테스트 (AI 기반 생산량 예측)",
        "5주차: 중소 제조업체 1곳에 시스템 구축 및 현장 테스트",
        "6주차: 테스트 결과 분석 및 시스템 개선"
      ],
      "risks": [
        "AI 알고리즘 정확도 문제",
        "데이터 수집 및 분석의 어려움",
        "중소기업의 IT 인프라 부족",
        "경쟁 솔루션과의 차별화"
      ],
      "roadmap_3m": [
        "1개월차: 핵심 기능 개발 완료 및 베타 서비스 출시",
        "2개월차: 5개 중소 제조업체 대상 파일럿 프로그램 진행",
        "3개월차: 고객 피드백 반영 및 서비스 개선, 공식 서비스 출시"
      ],
      "metrics": [
        "생산성 향상률",
        "불량률 감소율",
        "유지보수 비용 절감률",
        "고객 만족도",
        "계약 건수"
      ],
      "priority_score": 3.8
    },
    {
      "idea": "AI 기반 개인 맞춤형 건강 관리 서비스",
      "problem": "현대인들은 바쁜 일상 속에서 건강 관리에 어려움을 겪고 있으며, 개인의 특성에 맞는 맞춤형 건강 정보와 관리 서비스 부족으로 건강 개선에 어려움을 느낀다. 기존 건강 관리 서비스는 일반적인 정보 제공에 그치는 경우가 많아 개인의 특수한 상황과 니즈를 충족하지 못한다.",
      "target_customer": "건강에 대한 관심이 높으나 시간적 여유가 부족한 20-40대 직장인, 특히 만성 질환 예방 및 관리에 관심 있는 고객",
      "value_prop": "AI 기반 개인 맞춤형 건강 관리 서비스는 사용자의 생활 습관, 건강 상태, 유전 정보 등을 분석하여 개인에게 최적화된 건강 관리 계획을 제공한다.  AI 챗봇을 통해 24시간 건강 상담 및 관리를 받을 수 있으며, 개인 목표 달성을 위한 동기 부여 및 커뮤니티 기능을 제공하여 지속적인 건강 관리를 지원한다. 기존 서비스와 달리 개인의 특성과 상황에 맞춘 맞춤형 정보와 관리를 제공하여 효과적인 건강 개선을 돕는다.",
      "solution": [
        "AI 기반 건강 분석 및 맞춤형 계획 제공",
        "24시간 AI 챗봇 건강 상담 및 관리",
        "개인 목표 달성을 위한 동기 부여 시스템",
        "건강 관리 커뮤니티 기능 제공"
      ],
      "poc_plan": [
        "1주차: AI 알고리즘 개발 및 데이터 수집",
        "2주차: 챗봇 기능 구현 및 테스트",
        "3주차: 사용자 인터페이스 디자인 및 개발",
        "4주차: 베타 서비스 출시 및 사용자 피드백 수집",
        "5주차: 사용자 피드백 분석 및 서비스 개선"
      ],
      "risks": [
        "개인정보 보호 및 데이터 보안 문제",
        "AI 알고리즘의 정확성 및 신뢰도 문제",
        "의료 관련 규제 준수 문제",
        "사용자 참여율 저조 가능성",
        "경쟁 서비스와의 차별화"
      ],
      "roadmap_3m": [
        "1개월: MVP 개발 및 베타 테스트",
        "2개월: 사용자 피드백 반영 및 서비스 개선",
        "3개월: 정식 서비스 출시 및 마케팅"
      ],
      "metrics": [
        "월간 활성 사용자 수 (MAU)",
        "사용자 만족도",
        "건강 목표 달성률",
        "챗봇 이용률",
        "서비스 이용 시간"
      ],
      "priority_score": 3.8
    },
    {
      "idea": "AI 기반 스마트팜 솔루션 제공",
      "problem": "국내 스마트팜 시장은 아직 초기 단계이며, 농가의 디지털 전환과 생산성 향상을 위한 효과적인 솔루션이 부족합니다. 기존 솔루션들은 고가이거나 사용이 복잡하여 농가의 접근성이 낮은 경우가 많습니다. 또한, 작물별 맞춤형 관리가 어려워 생산성 향상에 한계가 있습니다.",
      "target_customer": "국내 중소 규모 농가 (경지 면적 10ha 미만, 연매출 5억 미만)",
      "value_prop": "본 솔루션은 AI 기반의 영상 분석 및 데이터 분석 기술을 활용하여 작물의 생육 상태를 실시간으로 모니터링하고, 최적의 환경을 제공합니다. 사용이 간편한 인터페이스와 저렴한 가격으로 농가의 접근성을 높였으며, 작물별 맞춤형 관리를 통해 생산성 향상을 지원합니다. 경쟁 솔루션 대비 낮은 구축 비용과 높은 사용 편의성을 제공합니다.",
      "solution": [
        "AI 기반 영상 분석을 통한 작물 생육 상태 실시간 모니터링",
        "작물별 최적 환경 제어를 위한 자동화 시스템",
        "생육 데이터 기반의 맞춤형 관리 및 예측 시스템",
        "농가 간 정보 공유 및 커뮤니티 기능 제공"
      ],
      "poc_plan": [
        "3주차: 시스템 구축 및 작물 선정 (상추, 토마토)",
        "4주차: 농가 현장 테스트 및 데이터 수집",
        "5주차: AI 알고리즘 성능 평가 및 개선",
        "6주차: 사용자 인터페이스 개선 및 피드백 반영"
      ],
      "risks": [
        "AI 알고리즘 정확도 문제",
        "데이터 부족으로 인한 예측 정확도 저하",
        "농가의 디지털 전환에 대한 저항",
        "기존 시스템과의 호환성 문제",
        "갑작스러운 기상 변화에 대한 대응"
      ],
      "roadmap_3m": [
        "1개월차: 시스템 개발 완료 및 베타 테스트 진행",
        "2개월차: 농가 대상 파일럿 프로그램 운영",
        "3개월차: 시스템 개선 및 공식 출시 준비"
      ],
      "metrics": [
        "시스템 사용률",
        "작물 생산량 증가율",
        "농가 만족도",
        "시스템 오류율",
        "데이터 처리 속도"
      ],
      "priority_score": 3.8
    },
    {
      "idea": "AI 기반 맞춤형 교육 콘텐츠 플랫폼",
      "problem": "기존 교육 콘텐츠는 개인의 학습 수준과 목표에 맞춰지지 않아 학습 효율이 낮고, 학습자의 흥미를 유지하기 어렵습니다. 특히, 빠르게 변화하는 기술 환경 속에서 지속적인 학습이 필요한 현대 사회에서 개인 맞춤형 학습 경험의 부재는 심각한 문제입니다.  AI 기반의 개인화된 학습 경험 제공이 부족하여 학습 효과를 극대화하지 못하고 있습니다.",
      "target_customer": "개인 학습자(대학생, 직장인 등), 기업의 직무 교육 담당자",
      "value_prop": "AI 기반의 플랫폼을 통해 학습자의 수준과 목표에 맞춘 교육 콘텐츠를 추천하고, 학습 과정을 실시간으로 분석하여 개인별 학습 경로를 최적화합니다.  학습자의 흥미를 유지하기 위한 게임화 요소와 커뮤니티 기능을 제공하여 지속적인 학습 동기를 부여합니다. 경쟁 플랫폼 대비 AI 기반의 개인화된 학습 경로 추천 및 실시간 피드백 기능을 통해 학습 효율을 극대화합니다.",
      "solution": [
        "AI 기반 학습 콘텐츠 추천 시스템",
        "개인별 학습 경로 최적화 기능",
        "게임화 요소 및 커뮤니티 기능",
        "실시간 학습 분석 및 피드백 제공"
      ],
      "poc_plan": [
        "특정 분야(예: AI 기초) 교육 콘텐츠 개발 및 테스트",
        "AI 기반 추천 알고리즘 개발 및 성능 평가",
        "소규모 사용자 그룹 대상 베타 서비스 운영 및 피드백 수집",
        "학습 효과 측정 및 분석",
        "게임화 요소 및 커뮤니티 기능에 대한 사용자 반응 분석"
      ],
      "risks": [
        "AI 알고리즘의 정확도 및 신뢰성 문제",
        "개인정보보호 및 데이터 보안 문제",
        "학습 콘텐츠의 질 관리 및 저작권 문제",
        "경쟁 플랫폼과의 차별화 전략",
        "시장 수요 및 확장성 문제"
      ],
      "roadmap_3m": [
        "MVP 개발 및 베타 서비스 출시",
        "사용자 피드백 수집 및 분석",
        "AI 알고리즘 개선 및 기능 추가",
        "마케팅 전략 수립 및 실행",
        "파트너십 구축 및 사업 확장"
      ],
      "metrics": [
        "월간 활성 사용자 수(MAU)",
        "평균 학습 시간",
        "학습 완료율",
        "사용자 만족도",
        "매출액"
      ],
      "priority_score": 3.5
    },
    {
      "idea": "AI 기반 중소기업 맞춤형 마케팅 솔루션",
      "problem": "중소기업은 대기업과 달리 마케팅 전문 인력과 예산이 부족하여 효과적인 마케팅 전략 수립에 어려움을 겪고 있습니다.  기존의 마케팅 솔루션들은 대기업 중심으로 설계되어 중소기업의 특수한 상황과 요구사항을 충족하지 못하는 경우가 많습니다.  이로 인해 중소기업들은 시장 경쟁력 확보에 어려움을 겪고 있습니다.",
      "target_customer": "국내 중소 제조업체 (직원 수 50명 미만, 연매출 10억 미만)",
      "value_prop": "AI 기반의 데이터 분석을 통해 중소기업의 특성에 맞는 최적의 마케팅 전략을 제시합니다.  경쟁사 분석, 고객 세분화, 채널별 효과 측정 등을 자동화하여 시간과 비용을 절감하고, 효율적인 마케팅 운영을 지원합니다.  복잡한 기능 없이 간편하게 사용할 수 있는 직관적인 인터페이스를 제공합니다.",
      "solution": [
        "AI 기반 고객 세분화 및 타겟팅",
        "최적의 마케팅 채널 추천 및 자동화",
        "실시간 마케팅 성과 분석 및 보고",
        "맞춤형 마케팅 콘텐츠 생성 지원"
      ],
      "poc_plan": [
        "3주차: 5개 중소기업 대상 솔루션 데모 및 피드백 수집",
        "5주차: 피드백 반영 및 솔루션 개선",
        "6주차: 개선된 솔루션으로 A/B 테스트 진행 및 성과 측정"
      ],
      "risks": [
        "AI 알고리즘의 정확도 및 신뢰성 확보",
        "중소기업의 데이터 부족 문제",
        "경쟁 솔루션과의 차별화"
      ],
      "roadmap_3m": [
        "1개월차: 핵심 기능 개발 완료 및 베타 서비스 시작",
        "2개월차: 50개 중소기업 대상 베타 테스트 진행 및 피드백 반영",
        "3개월차: 정식 서비스 출시 및 마케팅"
      ],
      "metrics": [
        "고객 확보율",
        "월간 활성 사용자 수 (MAU)",
        "마케팅 ROI",
        "고객 만족도"
      ],
      "priority_score": 3.5
    }
  ]
}