{
  "stats": {
    "num_docs": 24
  },
  "keywords": [
    {
      "keyword": "디스플레",
      "score": 6.82404576893749
    },
    {
      "keyword": "기술",
      "score": 3.678528616777061
    },
    {
      "keyword": "반도체",
      "score": 3.1253260789632398
    },
    {
      "keyword": "삼성",
      "score": 2.837834949872728
    },
    {
      "keyword": "액정보호필름",
      "score": 2.174004675382758
    },
    {
      "keyword": "산업",
      "score": 2.1382436115778747
    },
    {
      "keyword": "솔루스첨단소재",
      "score": 2.0291132788752053
    },
    {
      "keyword": "에이전트",
      "score": 1.9984309108839686
    },
    {
      "keyword": "대규모",
      "score": 1.9355116984634124
    },
    {
      "keyword": "참가하여",
      "score": 1.9028163194950043
    },
    {
      "keyword": "유럽시장",
      "score": 1.894233069680328
    },
    {
      "keyword": "중소",
      "score": 1.820973846128818
    },
    {
      "keyword": "공략한다",
      "score": 1.8182359165705115
    },
    {
      "keyword": "품질",
      "score": 1.777390177275429
    },
    {
      "keyword": "획득",
      "score": 1.7529663854304451
    },
    {
      "keyword": "서비스",
      "score": 1.716369834280695
    },
    {
      "keyword": "럭스로보",
      "score": 1.7055502926699142
    },
    {
      "keyword": "트럼프",
      "score": 1.6945680734663533
    },
    {
      "keyword": "재료",
      "score": 1.6614913432420857
    },
    {
      "keyword": "이한범",
      "score": 1.4986664611013616
    },
    {
      "keyword": "적용",
      "score": 1.4030941880205479
    },
    {
      "keyword": "혁신",
      "score": 1.39619251471108
    },
    {
      "keyword": "최고",
      "score": 1.3878153058875524
    },
    {
      "keyword": "기업",
      "score": 1.376343828879993
    }
  ]
}