{
  "summary": "1. **핵심 맥락:**  데이터는 국내 주요 기업들의 사업 전략 및 기술 동향, 특히 AI와 관련된 내용을 중심으로 구성되어 있습니다.  주요 기업인 삼성, LG, 넷마블의  산업 행사 참여, 신기술 개발 및 출시, 그리고 인재 확보 전략 등이 주요 내용이며,  2025년을 기점으로 AI 기술과 관련된 뉴스가 급증하고 있습니다.  이는 AI 기술의 발전과 시장 확대에 대한 기업들의 적극적인 대응을 보여줍니다.\n\n\n2. **최근 변화/스파이크:** 2025년 9월 초에 뉴스 기사 수가 급증하는 스파이크 현상이 나타났습니다.  이는 특정 AI 관련 기술 발표나 이벤트, 혹은 시장 상황 변화에 따른 보도량 증가로 해석할 수 있습니다.\n\n\n3. **실무 인사이트:**\n\n* **AI 기술 동향 모니터링 강화:**  2025년 9월 초의 뉴스 기사 급증 사례를 통해, AI 기술 관련 주요 이벤트 및 발표를 실시간으로 모니터링하고,  신속하게 대응할 수 있는 시스템을 구축해야 합니다.  주요 경쟁사의 AI 전략 및 기술 개발 현황을 지속적으로 추적하여 경쟁 우위를 확보해야 합니다.\n* **AI 관련 뉴스 분석 시스템 구축:**  뉴스 기사의 급증과 같은 변화를 감지하고 분석할 수 있는 시스템을 구축해야 합니다.  자연어 처리 기술을 활용하여 뉴스 기사의 핵심 내용을 추출하고,  주요 트렌드를 파악하는 시스템이 필요합니다. 이를 통해 시장 변화에 대한 신속한 대응이 가능해집니다.\n* **AI 인재 확보 전략 수립:**  AI 기술 경쟁력 확보를 위해서는 우수한 인재 확보가 필수적입니다.  채용 전략을 재검토하고,  AI 분야 인재 유치를 위한 적극적인 투자와 노력이 필요합니다.  경쟁사 대비 매력적인 근무 환경 조성과 교육 프로그램 제공을 통해 인재 확보 경쟁력을 높여야 합니다.",
  "top_topics": [
    {
      "topic_id": 0,
      "top_words": [
        {
          "word": "선정",
          "prob": 0.03707292303442955
        },
        {
          "word": "개최",
          "prob": 0.031373780220746994
        },
        {
          "word": "운영",
          "prob": 0.025674637407064438
        },
        {
          "word": "산업",
          "prob": 0.02282506600022316
        },
        {
          "word": "넷마블",
          "prob": 0.02282506600022316
        },
        {
          "word": "뱀피르",
          "prob": 0.02282506600022316
        },
        {
          "word": "기업",
          "prob": 0.02282506600022316
        },
        {
          "word": "인재",
          "prob": 0.01997549459338188
        }
      ]
    },
    {
      "topic_id": 1,
      "top_words": [
        {
          "word": "ai",
          "prob": 0.051170337945222855
        },
        {
          "word": "2025",
          "prob": 0.04764256626367569
        },
        {
          "word": "ifa",
          "prob": 0.044114794582128525
        },
        {
          "word": "삼성전자",
          "prob": 0.037059251219034195
        },
        {
          "word": "삼성전기",
          "prob": 0.0317675918340683
        },
        {
          "word": "공개",
          "prob": 0.030003704130649567
        },
        {
          "word": "반도체",
          "prob": 0.030003704130649567
        },
        {
          "word": "기술",
          "prob": 0.028239818289875984
        }
      ]
    },
    {
      "topic_id": 2,
      "top_words": [
        {
          "word": "삼성",
          "prob": 0.03412610664963722
        },
        {
          "word": "애플",
          "prob": 0.02844315767288208
        },
        {
          "word": "선정",
          "prob": 0.02844315767288208
        },
        {
          "word": "비전",
          "prob": 0.02560168318450451
        },
        {
          "word": "2025",
          "prob": 0.022760208696126938
        },
        {
          "word": "germany",
          "prob": 0.019918734207749367
        },
        {
          "word": "수상",
          "prob": 0.019918734207749367
        },
        {
          "word": "protest",
          "prob": 0.019918734207749367
        }
      ]
    },
    {
      "topic_id": 3,
      "top_words": [
        {
          "word": "ai",
          "prob": 0.08667054772377014
        },
        {
          "word": "lg",
          "prob": 0.022743739187717438
        },
        {
          "word": "시장",
          "prob": 0.014220164157450199
        },
        {
          "word": "혁신",
          "prob": 0.014220164157450199
        },
        {
          "word": "개최",
          "prob": 0.014220164157450199
        },
        {
          "word": "개발",
          "prob": 0.012799568474292755
        },
        {
          "word": "설립",
          "prob": 0.012799568474292755
        },
        {
          "word": "전자",
          "prob": 0.011378972791135311
        }
      ]
    },
    {
      "topic_id": 4,
      "top_words": [
        {
          "word": "출시",
          "prob": 0.03146343678236008
        },
        {
          "word": "2025",
          "prob": 0.02860572189092636
        },
        {
          "word": "사진",
          "prob": 0.025748008862137794
        },
        {
          "word": "ai",
          "prob": 0.02289029397070408
        },
        {
          "word": "모델",
          "prob": 0.020032579079270363
        },
        {
          "word": "기아",
          "prob": 0.020032579079270363
        },
        {
          "word": "모집",
          "prob": 0.014317150227725506
        },
        {
          "word": "국내",
          "prob": 0.014317150227725506
        }
      ]
    }
  ],
  "evidence": {
    "timeseries": [
      {
        "date": "2025-08-11",
        "count": 2
      },
      {
        "date": "2025-08-15",
        "count": 1
      },
      {
        "date": "2025-08-16",
        "count": 2
      },
      {
        "date": "2025-08-25",
        "count": 4
      },
      {
        "date": "2025-08-26",
        "count": 7
      },
      {
        "date": "2025-08-27",
        "count": 5
      },
      {
        "date": "2025-08-28",
        "count": 2
      },
      {
        "date": "2025-08-29",
        "count": 6
      },
      {
        "date": "2025-08-30",
        "count": 1
      },
      {
        "date": "2025-08-31",
        "count": 5
      },
      {
        "date": "2025-09-01",
        "count": 19
      },
      {
        "date": "2025-09-02",
        "count": 24
      },
      {
        "date": "2025-09-03",
        "count": 415
      },
      {
        "date": "2025-09-04",
        "count": 144
      }
    ]
  }
}