{
  "ideas": [
    {
      "idea": "AI 기반 스마트팜 맞춤형 솔루션",
      "problem": "국내 스마트팜 시장은 성장 중이나, 농가별 맞춤형 솔루션 부족과 높은 초기 투자 비용, 그리고 AI 기술 활용의 어려움으로 인해 효율적인 운영에 어려움을 겪고 있습니다. 특히, 작물 재배 환경과 농가의 경험에 따른 데이터 부족으로 AI 기반 예측 및 제어의 정확도가 낮은 문제가 있습니다.",
      "target_customer": "중소 규모 농가 (500평 미만), 특히 시설 원예 농가 (토마토, 딸기 등)",
      "value_prop": "AI 기반의 맞춤형 스마트팜 솔루션을 통해 작물 생육 환경을 최적화하여 생산성을 향상시키고, 노동력을 절감하며, 초기 투자 비용을 줄일 수 있습니다. 농가의 경험과 데이터를 기반으로 학습하는 AI 알고리즘을 통해 정확도 높은 예측 및 제어가 가능하며, 사용자 친화적인 인터페이스를 제공하여 쉽게 사용할 수 있습니다.",
      "solution": [
        "AI 기반 작물 생육 예측 및 제어 시스템",
        "실시간 모니터링 및 원격 제어 기능",
        "맞춤형 재배 가이드 및 전문가 지원 시스템",
        "농가별 데이터 기반의 지속적인 성능 개선"
      ],
      "poc_plan": [
        "3주차: 핵심 기능 구현 및 테스트 농가 선정",
        "5주차: 테스트 농가에서 시스템 구축 및 데이터 수집",
        "6주차: 데이터 분석 및 성능 평가 보고서 작성"
      ],
      "risks": [
        "AI 알고리즘의 정확도 문제",
        "농가의 기술 수용도",
        "데이터 보안 및 개인정보 보호"
      ],
      "roadmap_3m": [
        "1개월차: 핵심 기능 개발 완료 및 베타 서비스 제공",
        "2개월차: 테스트 농가 확대 및 피드백 반영",
        "3개월차: 정식 서비스 출시 및 마케팅"
      ],
      "metrics": [
        "생산량 증가율",
        "노동 시간 감소율",
        "생산 비용 감소율",
        "고객 만족도",
        "시스템 사용률"
      ],
      "priority_score": 3.8
    },
    {
      "idea": "AI 기반 스마트 물류 최적화 플랫폼",
      "problem": "국내 물류 시장은 급증하는 물동량과 인력난으로 인해 효율성이 낮고 비용이 높습니다. 특히, 중소형 물류 업체들은 최적화된 물류 시스템 구축에 어려움을 겪고 있으며, 이는 배송 지연, 비용 증가, 환경 문제로 이어집니다.  기존 물류 관리 시스템은 데이터 분석 및 예측 기능이 부족하여 실시간 상황 대응에 한계가 있습니다.",
      "target_customer": "중소형 물류 업체 (차량 10대 미만, 연매출 50억 미만)",
      "value_prop": "AI 기반의 최적 배송 경로 및 스케줄링, 실시간 재고 관리, 예측 분석 기능을 통해 물류 효율을 극대화하고 비용을 절감합니다.  경쟁사 대비 AI 기반의 정교한 예측 모델과 사용자 친화적인 인터페이스를 제공하여 운영 편의성을 높입니다.  탄소 배출량 감소를 위한 친환경 배송 경로를 제안하여 ESG 경영에 기여합니다.",
      "solution": [
        "AI 기반 최적 배송 경로 및 스케줄링",
        "실시간 재고 관리 및 예측 시스템",
        "운송비 및 배송 시간 최적화 기능",
        "사용자 친화적인 웹/모바일 인터페이스"
      ],
      "poc_plan": [
        "3주차: 핵심 기능 개발 및 테스트 (5개 업체 대상)",
        "5주차: 실제 물류 데이터 적용 및 성능 평가",
        "6주차: 사용자 피드백 수렴 및 시스템 개선"
      ],
      "risks": [
        "AI 모델 정확도 및 신뢰성 확보",
        "데이터 부족 및 데이터 품질 문제",
        "경쟁 플랫폼과의 차별화",
        "중소 물류 업체의 기술 도입 저항"
      ],
      "roadmap_3m": [
        "1개월차: MVP 개발 및 5개 업체 대상 시범 운영",
        "2개월차: 사용자 피드백 반영 및 기능 개선",
        "3개월차: 정식 서비스 출시 및 마케팅"
      ],
      "metrics": [
        "배송 시간 단축률",
        "운송비 절감률",
        "고객 만족도",
        "시스템 사용률",
        "월간 활성 사용자 수"
      ],
      "priority_score": 3.8
    },
    {
      "idea": "AI 기반 맞춤형 스마트팩토리 솔루션",
      "problem": "중소 제조업체들은 AI 기술 도입에 어려움을 겪고 있으며, 생산성 향상과 비용 절감을 위한 효과적인 솔루션이 부족합니다. 기존 스마트팩토리 솔루션들은 고가이며, 중소기업의 특수한 요구사항을 충족하지 못하는 경우가 많습니다.  또한, AI 전문가 부족으로 인해 AI 기술을 활용한 생산 최적화가 어렵습니다.",
      "target_customer": "중소 제조업체 (종업원 수 100명 미만, 연매출 500억 미만)",
      "value_prop": "AI 기반의 맞춤형 스마트팩토리 솔루션을 통해 중소 제조업체의 생산성을 향상시키고 비용을 절감할 수 있도록 지원합니다.  복잡한 AI 기술을 간편하게 사용할 수 있도록 사용자 친화적인 인터페이스를 제공하며,  기업의 특수한 요구사항에 맞춰 솔루션을 커스터마이징합니다.  경쟁사 대비 저렴한 가격으로 제공하여,  중소기업의 접근성을 높입니다.",
      "solution": [
        "AI 기반 생산량 예측 및 최적화",
        "실시간 설비 이상 감지 및 예지 보전",
        "자동화된 품질 관리 시스템",
        "데이터 기반 의사결정 지원"
      ],
      "poc_plan": [
        "1주차: 대상 기업 선정 및 요구사항 분석",
        "2주차: AI 모델 개발 및 시스템 구축",
        "3주차: 파일럿 테스트 및 성능 평가",
        "4주차: 결과 분석 및 개선 방안 도출",
        "5주차: 최종 보고서 작성 및 발표"
      ],
      "risks": [
        "AI 모델의 정확도 문제",
        "데이터 부족으로 인한 성능 저하",
        "기존 시스템과의 호환성 문제",
        "보안 및 개인정보보호 문제"
      ],
      "roadmap_3m": [
        "1개월: 솔루션 개발 및 베타 버전 출시",
        "2개월: 파일럿 고객 확보 및 피드백 반영",
        "3개월: 정식 버전 출시 및 마케팅"
      ],
      "metrics": [
        "생산성 향상률",
        "불량률 감소율",
        "설비 가동률 향상",
        "비용 절감 효과",
        "고객 만족도"
      ],
      "priority_score": 3.5
    },
    {
      "idea": "AI 기반 개인 맞춤형 건강 관리 서비스",
      "problem": "현대인들은 바쁜 일상 속에서 건강 관리에 어려움을 겪고 있으며, 개인의 특성에 맞는 맞춤형 건강 정보와 관리 서비스 부족으로 건강 관리 효율성이 낮습니다. 기존 건강 관리 서비스는 일반적인 정보 제공에 그치는 경우가 많아 개인의 특수한 상황과 필요를 충족하지 못합니다.",
      "target_customer": "만 30세~50세의 직장인, 특히 건강에 대한 관심은 높지만 시간적 여유가 부족한 직장인",
      "value_prop": "AI 기반 개인 맞춤형 건강 관리 서비스는 사용자의 생활 습관, 건강 상태, 유전 정보 등을 분석하여 개인에게 최적화된 건강 관리 계획을 제공합니다.  개인별 목표 달성을 위한 맞춤형 운동, 식단, 수면 관리 가이드를 제공하며, 정기적인 건강 체크 및 전문가 상담 기능을 통해 건강 관리의 효율성을 높입니다.  경쟁 서비스와 달리, 사용자의 데이터 프라이버시 보호에 중점을 두고, 투명하고 안전한 서비스를 제공합니다.",
      "solution": [
        "AI 기반 개인 건강 상태 분석 및 맞춤형 계획 수립",
        "개인별 목표 달성을 위한 운동, 식단, 수면 가이드 제공",
        "정기적인 건강 체크 및 전문가 상담 기능",
        "데이터 기반 건강 관리 추이 분석 및 피드백 제공"
      ],
      "poc_plan": [
        "1주차: 서비스 기본 기능 개발 및 테스트",
        "2주차: 10명의 베타 테스터를 대상으로 사용성 테스트 및 피드백 수집",
        "3주차: 테스트 결과 분석 및 서비스 개선",
        "4주차: 마케팅 전략 수립 및 초기 사용자 확보",
        "5주차: 서비스 출시 및 초기 성과 측정"
      ],
      "risks": [
        "개인정보보호 관련 규제 준수",
        "AI 알고리즘의 정확도 및 신뢰성 확보",
        "사용자 참여도 및 서비스 지속성 확보",
        "경쟁 서비스와의 차별화"
      ],
      "roadmap_3m": [
        "1개월: 서비스 최소 기능 구현 및 베타 테스트 완료",
        "2개월: 서비스 개선 및 마케팅 전략 실행",
        "3개월: 서비스 정식 출시 및 초기 성과 분석"
      ],
      "metrics": [
        "월간 활성 사용자 수 (MAU)",
        "사용자 만족도",
        "건강 관리 목표 달성률",
        "서비스 이용 시간",
        "매출"
      ],
      "priority_score": 3.5
    },
    {
      "idea": "AI 기반 스마트 유통 플랫폼 개발",
      "problem": "소상공인들은 온라인 판매 채널 확보 및 운영에 어려움을 겪고 있으며, 효율적인 재고 관리 및 판매 예측에 대한 정보 부족으로 수익성 확보에 어려움을 겪고 있습니다.  기존 유통 플랫폼들은 높은 수수료와 복잡한 시스템으로 소상공인들의 부담을 가중시키고 있습니다.",
      "target_customer": "온라인 판매를 원하지만, 자체적인 온라인 판매 채널 구축 및 운영에 어려움을 겪는 소상공인 (연 매출 1억 미만)",
      "value_prop": "AI 기반의 사용자 친화적인 인터페이스를 통해 소상공인들이 손쉽게 온라인 판매를 시작하고 운영할 수 있도록 지원합니다. AI 기반 재고 관리 및 판매 예측 시스템을 통해 재고 부족 및 과잉으로 인한 손실을 최소화하고, 수익성을 극대화할 수 있도록 돕습니다. 기존 플랫폼 대비 낮은 수수료 정책으로 소상공인의 부담을 줄입니다.",
      "solution": [
        "AI 기반 상품 등록 및 관리 시스템",
        "AI 기반 재고 관리 및 예측 시스템",
        "AI 기반 마케팅 및 판매 전략 제안",
        "다양한 온라인 판매 채널 연동"
      ],
      "poc_plan": [
        "3주차: 핵심 기능 개발 완료 및 5개 소상공인 대상 베타 테스트",
        "5주차: 베타 테스트 결과 분석 및 시스템 개선",
        "6주차: 개선된 시스템으로 10개 소상공인 대상 확장 테스트"
      ],
      "risks": [
        "AI 알고리즘 정확도 부족",
        "소상공인의 디지털 역량 부족",
        "경쟁 플랫폼과의 경쟁",
        "데이터 보안 및 개인정보 보호"
      ],
      "roadmap_3m": [
        "1개월차: MVP 개발 및 베타 테스트 진행",
        "2개월차: 시스템 개선 및 마케팅 전략 수립",
        "3개월차: 본격적인 서비스 출시 및 초기 고객 확보"
      ],
      "metrics": [
        "월간 활성 사용자 수 (MAU)",
        "거래액",
        "고객 만족도",
        "재고 회전율",
        "수수료 수익"
      ],
      "priority_score": 3.5
    }
  ]
}