{
  "stats": {
    "num_docs": 22
  },
  "keywords": [
    {
      "keyword": "디스플레이",
      "score": 4.133479677425685
    },
    {
      "keyword": "퀀텀닷",
      "score": 3.2726449733598155
    },
    {
      "keyword": "표준이",
      "score": 3.258030457723052
    },
    {
      "keyword": "기후테크",
      "score": 3.0648400728596346
    },
    {
      "keyword": "반도체",
      "score": 2.590574404622208
    },
    {
      "keyword": "스타트업",
      "score": 2.4978008047566087
    },
    {
      "keyword": "삼성",
      "score": 2.141793543724439
    },
    {
      "keyword": "통해",
      "score": 2.0947529008158225
    },
    {
      "keyword": "획득했다",
      "score": 1.9149621114522932
    },
    {
      "keyword": "결합을",
      "score": 1.8840880061208538
    },
    {
      "keyword": "비스포크",
      "score": 1.8690585622055798
    },
    {
      "keyword": "미래를",
      "score": 1.8017143678690628
    },
    {
      "keyword": "비롯해",
      "score": 1.7447367857882763
    },
    {
      "keyword": "시스템을",
      "score": 1.698420108392856
    },
    {
      "keyword": "서밋",
      "score": 1.6769161228330658
    },
    {
      "keyword": "글로벌",
      "score": 1.652436351888741
    },
    {
      "keyword": "인공지능",
      "score": 1.5900117178676303
    },
    {
      "keyword": "전략",
      "score": 1.5814738009632796
    },
    {
      "keyword": "사업",
      "score": 1.5748402421071077
    },
    {
      "keyword": "인재",
      "score": 1.5476689995897162
    },
    {
      "keyword": "올해는",
      "score": 1.5466737251277665
    },
    {
      "keyword": "통한",
      "score": 1.4267134796582672
    },
    {
      "keyword": "솔루션",
      "score": 1.417318473257187
    },
    {
      "keyword": "가전",
      "score": 1.3817324110068774
    },
    {
      "keyword": "한양대",
      "score": 1.3636469499701596
    },
    {
      "keyword": "해결",
      "score": 1.3521060300480676
    },
    {
      "keyword": "에서",
      "score": 1.331407471983837
    }
  ]
}