{
  "summary": "1. 핵심 맥락 설명:  제공된 데이터는 한국 뉴스에서 AI 기술, 국내 대기업(삼성, LG, 기아 등)의 사업 전략 및 성과, 그리고 관련 주식 시장의 움직임을 주요 주제로 다루고 있습니다. 특히 AI 기술의 발전과 이를 활용한 제품 및 서비스 출시, 그리고 이에 따른 기업들의 경쟁과 투자가 주요 내용이며,  2025년을 기점으로 관련 뉴스의 양이 급증하는 것을 확인할 수 있습니다.  이는 AI 기술의 상용화 및 시장 확대에 대한 기대감과 함께,  국내 기업들의 AI 경쟁력 강화 노력을 반영하는 것으로 해석됩니다.\n\n\n2. 최근 변화/스파이크: 2025년 9월 초에 뉴스 기사 수가 급격하게 증가하는 스파이크 현상이 나타났습니다. 이는 특정 AI 관련 기술의 발표 또는 시장의 큰 변화를 반영하는 것으로 추정되며,  해당 시점을 중심으로 관련 뉴스의 내용을 분석하면 그 원인을 명확히 파악할 수 있을 것입니다.\n\n\n3. 실무 인사이트:\n\n* **AI 관련 뉴스 모니터링 시스템 구축:**  2025년 9월 초의 급증 사례처럼,  AI 관련 뉴스의 급격한 변화를 실시간으로 감지하고 분석하는 시스템을 구축하여 시장 변화에 대한 빠른 대응을 가능하게 합니다.  키워드 기반 알림 시스템과 감성 분석 도구를 활용하는 것을 고려할 수 있습니다.\n* **AI 기술 트렌드 분석 및 전략 수립:**  뉴스 데이터의 주요 키워드(AI, 삼성, LG, 반도체, 기아 등)를 중심으로 AI 기술 트렌드를 분석하고,  자사의 사업 전략과 연계하여 경쟁 우위를 확보할 수 있는 방안을 모색합니다.  특히 2025년 9월 이후 뉴스 내용을 중점적으로 분석하여 시장의 요구와 기회를 파악해야 합니다.\n* **주요 기업 및 경쟁사 분석 강화:** 삼성, LG, 기아 등 주요 기업들의 AI 관련 사업 전략과 성과를 지속적으로 모니터링하고,  경쟁사의 동향을 분석하여 자사의 경쟁력을 강화하는 전략을 수립합니다.  뉴스 기사 외에도 공식 발표자료, 시장조사 보고서 등 다양한 정보원을 활용하여 분석의 정확성을 높일 수 있습니다.\n따라서,  최적의 해결책은 상황에 따라 다르며,  각 상황의 특수성을 고려한 신중한 접근이 필요합니다.  결국,  문제 해결의 핵심은 유연성과 섬세한 판단력에 있습니다.  최선의 결과를 얻기 위해서는 다양한 가능성을 열어두고,  가장 효율적인 방법을 선택하는 지혜가 중요합니다.",
  "top_topics": [
    {
      "topic_id": 0,
      "top_words": [
        {
          "word": "선정",
          "prob": 0.03738720715045929
        },
        {
          "word": "ai",
          "prob": 0.028766021132469177
        },
        {
          "word": "애플",
          "prob": 0.025892293080687523
        },
        {
          "word": "사진",
          "prob": 0.025892293080687523
        },
        {
          "word": "운영",
          "prob": 0.02301856502890587
        },
        {
          "word": "삼성",
          "prob": 0.02301856502890587
        },
        {
          "word": "과제",
          "prob": 0.020144835114479065
        },
        {
          "word": "안전관리",
          "prob": 0.01727110706269741
        }
      ]
    },
    {
      "topic_id": 1,
      "top_words": [
        {
          "word": "ai",
          "prob": 0.062076669186353683
        },
        {
          "word": "기술",
          "prob": 0.046118658035993576
        },
        {
          "word": "차세대",
          "prob": 0.03725309669971466
        },
        {
          "word": "삼성전기",
          "prob": 0.03193375840783119
        },
        {
          "word": "반도체",
          "prob": 0.02484130859375
        },
        {
          "word": "공개",
          "prob": 0.02484130859375
        },
        {
          "word": "기판",
          "prob": 0.02484130859375
        },
        {
          "word": "lg이노텍",
          "prob": 0.023068195208907127
        }
      ]
    },
    {
      "topic_id": 2,
      "top_words": [
        {
          "word": "the",
          "prob": 0.045652326196432114
        },
        {
          "word": "to",
          "prob": 0.045652326196432114
        },
        {
          "word": "in",
          "prob": 0.03512527048587799
        },
        {
          "word": "and",
          "prob": 0.03161625191569328
        },
        {
          "word": "출시",
          "prob": 0.03161625191569328
        },
        {
          "word": "of",
          "prob": 0.028107235208153725
        },
        {
          "word": "기아",
          "prob": 0.024598216637969017
        },
        {
          "word": "국내",
          "prob": 0.02108919993042946
        }
      ]
    },
    {
      "topic_id": 3,
      "top_words": [
        {
          "word": "ai",
          "prob": 0.03783765062689781
        },
        {
          "word": "뱀피르",
          "prob": 0.027527665719389915
        },
        {
          "word": "넷마블",
          "prob": 0.027527665719389915
        },
        {
          "word": "dgist",
          "prob": 0.024091003462672234
        },
        {
          "word": "관련주",
          "prob": 0.02065434120595455
        },
        {
          "word": "시장",
          "prob": 0.02065434120595455
        },
        {
          "word": "선포",
          "prob": 0.02065434120595455
        },
        {
          "word": "구글",
          "prob": 0.02065434120595455
        }
      ]
    },
    {
      "topic_id": 4,
      "top_words": [
        {
          "word": "2025",
          "prob": 0.08015312254428864
        },
        {
          "word": "최대",
          "prob": 0.023769956082105637
        },
        {
          "word": "선정",
          "prob": 0.023769956082105637
        },
        {
          "word": "연기",
          "prob": 0.020802421495318413
        },
        {
          "word": "lg",
          "prob": 0.01783488690853119
        },
        {
          "word": "반도체",
          "prob": 0.01783488690853119
        },
        {
          "word": "확대",
          "prob": 0.01783488690853119
        },
        {
          "word": "청호나이스",
          "prob": 0.01783488690853119
        }
      ]
    }
  ],
  "evidence": {
    "timeseries": [
      {
        "date": "2025-08-11",
        "count": 2
      },
      {
        "date": "2025-08-15",
        "count": 1
      },
      {
        "date": "2025-08-16",
        "count": 2
      },
      {
        "date": "2025-08-25",
        "count": 4
      },
      {
        "date": "2025-08-26",
        "count": 7
      },
      {
        "date": "2025-08-27",
        "count": 5
      },
      {
        "date": "2025-08-28",
        "count": 2
      },
      {
        "date": "2025-08-29",
        "count": 6
      },
      {
        "date": "2025-08-30",
        "count": 1
      },
      {
        "date": "2025-08-31",
        "count": 5
      },
      {
        "date": "2025-09-01",
        "count": 19
      },
      {
        "date": "2025-09-02",
        "count": 24
      },
      {
        "date": "2025-09-03",
        "count": 414
      },
      {
        "date": "2025-09-04",
        "count": 54
      }
    ]
  }
}