{
  "ideas": [
    {
      "idea": "AI 기반 디스플레이 패널 결함 예측 시스템",
      "problem": "디스플레이 제조 과정에서 발생하는 불량률은 높은 제조 비용과 납기 지연으로 이어집니다. 기존의 수동 검사 방식은 효율성이 낮고, 미세한 결함 발견에 어려움이 있습니다.  AI 기반 자동화 시스템을 통해 불량률 감소 및 생산성 향상이 필요합니다.",
      "target_customer": "삼성디스플레이, LG디스플레이 등 대규모 디스플레이 패널 제조업체의 생산 관리 부서",
      "value_prop": "AI 기반 이미지 분석 기술을 통해 미세한 결함까지 정확하게 예측하여 불량률을 최대 15% 감소시키고, 생산 효율성을 10% 향상시킵니다.  실시간 모니터링 및 예측 분석을 통해 사전 예방적 관리가 가능하여 생산 중단 및 비용 손실을 최소화합니다.",
      "solution": [
        "AI 기반 이미지 분석을 통한 실시간 결함 검출",
        "머신러닝 기반 예측 모델을 통한 불량률 예측",
        "데이터 기반 분석을 통한 생산 공정 최적화 제안",
        "자동화된 보고서 생성 및 관리 시스템 제공"
      ],
      "risks": [
        "AI 모델 학습 데이터 부족으로 인한 정확도 저하",
        "시스템 구축 및 유지보수 비용 증가",
        "기존 생산 시스템과의 호환성 문제"
      ],
      "priority_score": 4.0
    },
    {
      "idea": "AI 기반 디스플레이 색 정확도 개선 솔루션",
      "problem": "현재 디스플레이 제조 과정에서 색 정확도 편차가 발생하여 품질 불량 및 고객 불만이 발생하고 있습니다.  기존 수동 검사는 비효율적이며, 인적 오류 가능성이 높습니다.  색 정확도 개선을 위한 정교한 솔루션이 부족합니다.",
      "target_customer": "삼성전자, LG디스플레이 등 대규모 디스플레이 패널 제조업체의 품질 관리 부서 및 연구개발 부서",
      "value_prop": "AI 기반 머신러닝 알고리즘을 통해 디스플레이 색 정확도를 실시간으로 분석하고, 미세한 편차까지 감지하여 자동으로 보정합니다.  생산 효율 증대 및 품질 향상을 통해 제조 원가를 절감하고, 고객 만족도를 높입니다.  경쟁사 대비 정확도 향상 및 속도 개선을 통해 차별화된 가치를 제공합니다.",
      "solution": [
        "AI 기반 색 정확도 분석 및 예측 알고리즘 적용",
        "실시간 모니터링 및 자동 보정 시스템 구축",
        "데이터 기반 색 정확도 개선 제안 및 보고서 제공",
        "사용자 친화적인 인터페이스 제공"
      ],
      "risks": [
        "AI 알고리즘의 학습 데이터 부족으로 인한 정확도 저하 가능성",
        "시스템 구축 및 유지보수 비용 증가",
        "기존 시스템과의 호환성 문제 발생"
      ],
      "priority_score": 4.0
    },
    {
      "idea": "AI 기반 디스플레이 시각적 품질 최적화 솔루션",
      "problem": "현재 디스플레이 제조 공정에서는 시각적 품질 검사에 많은 시간과 인력이 소요되며, 주관적인 평가로 인해 불량률이 높고 생산성이 낮습니다. 또한, 고해상도, 고색재현 디스플레이의 등장으로 인해 기존의 검사 방식으로는 정확한 품질 관리가 어려워지고 있습니다.  최근 고객들은 더욱 높은 수준의 시각적 품질을 요구하고 있으며, 이에 대한 효율적인 솔루션이 부족합니다.",
      "target_customer": "삼성전자, LG디스플레이 등 대규모 디스플레이 제조업체의 품질 관리 부서 및 생산 라인",
      "value_prop": "AI 기반 자동화 시스템을 통해 디스플레이의 색 정확도, 명암비, 균일성 등 시각적 품질을 정량적으로 분석하고 최적화하여 불량률을 감소시키고 생산성을 향상시킵니다. 기존의 수작업 검사 방식보다 훨씬 빠르고 정확하며, 객관적인 품질 평가를 제공하여 고객 만족도를 높입니다.  고해상도 디스플레이의 미세한 결함까지도 정확하게 검출할 수 있는 고급 알고리즘을 적용합니다.",
      "solution": [
        "AI 기반 이미지 분석을 통한 시각적 품질 자동 검사",
        "실시간 데이터 분석 및 피드백을 통한 공정 최적화",
        "불량 원인 분석 및 예측을 통한 사전 예방 관리",
        "맞춤형 품질 보고서 생성 및 관리"
      ],
      "risks": [
        "AI 알고리즘의 정확도 및 신뢰성 확보",
        "기존 시스템과의 호환성 문제",
        "고급 AI 기술 개발 및 유지보수 비용"
      ],
      "priority_score": 4.0
    },
    {
      "idea": "AI 기반 디스플레이 패널 생산 최적화 플랫폼",
      "problem": "디스플레이 패널 제조 과정에서 불량률 증가 및 생산 비용 상승 문제,  생산 라인의 효율성 저하 및 예측 불가능한 변수 발생으로 인한 손실 증가,  숙련된 인력 부족으로 인한 생산성 저하 및 품질 관리 어려움.",
      "target_customer": "삼성디스플레이, LG디스플레이 등 대규모 디스플레이 패널 제조업체의 생산 관리 및 품질 관리 부서",
      "value_prop": "AI 기반 예측 분석 및 자동화 시스템을 통해 불량률 감소 및 생산 효율 증대, 실시간 모니터링 및 데이터 기반 의사결정 지원으로 생산 비용 절감, 숙련된 인력의 부족을 보완하고 생산성 향상 및 품질 개선",
      "solution": [
        "AI 기반 불량 예측 및 예방 시스템",
        "생산 라인 실시간 모니터링 및 제어 시스템",
        "데이터 기반 생산 최적화 알고리즘 제공",
        "자동화된 품질 검사 및 보고 시스템"
      ],
      "risks": [
        "AI 모델의 정확도 및 신뢰성 확보 어려움",
        "기존 시스템과의 호환성 문제",
        "데이터 보안 및 개인정보보호 문제"
      ],
      "priority_score": 4.0
    },
    {
      "idea": "AI 기반 디스플레이 품질 검사 자동화 시스템",
      "problem": "디스플레이 제조 과정에서 품질 검사는 많은 시간과 인력을 필요로 하며, 사람의 눈으로는 미세한 결함을 놓칠 수 있습니다.  기존 자동화 시스템은 AI 기술 부족으로 정확도가 낮고, 고가의 장비 투자가 필요합니다. 이로 인해 생산성 저하와 불량률 증가, 높은 검사 비용이 발생합니다.",
      "target_customer": "삼성전자, LG디스플레이와 같은 대규모 디스플레이 제조업체의 품질 관리 부서",
      "value_prop": "AI 기반의 고정확도 자동 검사 시스템으로 불량률 감소 및 생산성 향상을 제공합니다. 기존 시스템 대비 저렴한 비용으로 도입 가능하며,  실시간 데이터 분석을 통한 예측 정비로 유지보수 비용을 절감합니다.  AI 학습 기능을 통해 지속적인 성능 향상을 보장합니다.",
      "solution": [
        "AI 기반 이미지 분석을 통한 미세 결함 자동 검출",
        "실시간 데이터 분석 및 예측 정비 시스템 제공",
        "사용자 친화적인 인터페이스 및 보고서 생성 기능",
        "지속적인 AI 학습을 통한 정확도 향상"
      ],
      "risks": [
        "AI 모델 학습 데이터 부족으로 인한 정확도 저하 가능성",
        "시스템 구축 및 유지보수 비용",
        "기존 시스템과의 호환성 문제"
      ],
      "priority_score": 3.8
    }
  ]
}