{
  "stats": {
    "num_docs": 28
  },
  "keywords": [
    {
      "keyword": "디스플레",
      "score": 5.512892307887401
    },
    {
      "keyword": "삼성전자",
      "score": 3.4782915813331665
    },
    {
      "keyword": "아머",
      "score": 2.69412519969968
    },
    {
      "keyword": "최대",
      "score": 2.4322494026499077
    },
    {
      "keyword": "경험",
      "score": 2.3830889621091744
    },
    {
      "keyword": "공개",
      "score": 2.232843028993087
    },
    {
      "keyword": "소개",
      "score": 2.0825018015091996
    },
    {
      "keyword": "인공지능",
      "score": 1.9353820067349132
    },
    {
      "keyword": "갤럭시",
      "score": 1.8877913161930926
    },
    {
      "keyword": "가격",
      "score": 1.8808482063817684
    },
    {
      "keyword": "다이내믹",
      "score": 1.7998376363581872
    },
    {
      "keyword": "강화된",
      "score": 1.7979234657340681
    },
    {
      "keyword": "베젤",
      "score": 1.720915437216413
    },
    {
      "keyword": "탑재",
      "score": 1.6975507384904027
    },
    {
      "keyword": "알루미늄",
      "score": 1.6746770014409802
    },
    {
      "keyword": "밝혔다",
      "score": 1.6288704862285477
    },
    {
      "keyword": "온라인",
      "score": 1.506676425212973
    },
    {
      "keyword": "차세대",
      "score": 1.4554787341848443
    },
    {
      "keyword": "주사율",
      "score": 1.3933983390135323
    },
    {
      "keyword": "선사한다",
      "score": 1.3229312010476582
    },
    {
      "keyword": "몰입감",
      "score": 1.3140010944337566
    },
    {
      "keyword": "확산",
      "score": 1.3116732232725168
    },
    {
      "keyword": "아몰레드",
      "score": 1.3049584370836267
    },
    {
      "keyword": "프레임에",
      "score": 1.2721777177648974
    },
    {
      "keyword": "대거",
      "score": 1.2508495536526554
    },
    {
      "keyword": "김철기",
      "score": 1.230927104426577
    }
  ]
}