{
  "summary": "1. 핵심 맥락 설명:  제공된 데이터는 AI, 반도체, 그리고 2025년을 중심으로 한 한국의 기술 산업 동향을 보여줍니다.  주요 기업인 삼성전자와 LG의 기술 개발 및 시장 진출 전략, 그리고 AI 인재 확보 및 관련 기술의 확산에 대한 뉴스가 주를 이룹니다.  특히 2025년을 기점으로 AI 기술과 관련된 이벤트 및 제품 공개가 집중되어 있는 것을 알 수 있습니다.\n\n\n2. 최근 변화/스파이크: 2025년 9월 초에 뉴스 기사 수가 급격하게 증가하는 스파이크 현상이 나타났습니다. 이는 9월 3일을 정점으로 416건의 기사가 등장했는데, 이는 특정 기술 관련 행사나 제품 출시와 연관되어 있을 가능성이 높습니다.\n\n\n3. 실무 인사이트:\n\n* **2025년 9월 초 뉴스 스파이크 원인 조사:** 9월 초 기사 급증의 원인을 분석하여, 관련 이벤트, 제품 출시, 정부 정책 등을 파악하고, 향후 유사한 현상 예측 및 대응 전략을 수립합니다.  이는 경쟁사 동향 파악 및 시장 선점 기회 포착에 중요한 정보를 제공합니다.\n* **AI 및 반도체 분야 뉴스 모니터링 강화:** AI, 반도체, 그리고 관련 기업(삼성전자, LG 등)에 대한 뉴스 모니터링 시스템을 강화하여, 시장 트렌드 변화와 경쟁사 전략을 실시간으로 파악하고, 신속한 대응을 위한 정보를 확보합니다.\n* **2025년 관련 사업 계획 재검토:** 2025년을 목표로 한 사업 계획을 재검토하여, 9월 초 뉴스 스파이크에서 드러난 시장 변화를 반영하고,  AI 및 반도체 기술과 관련된 새로운 기회를 발굴하여 사업 전략을 수정합니다.",
  "top_topics": [
    {
      "topic_id": 0,
      "top_words": [
        {
          "word": "ai",
          "prob": 0.0746537372469902
        },
        {
          "word": "반도체",
          "prob": 0.02607727237045765
        },
        {
          "word": "2025",
          "prob": 0.015414143912494183
        },
        {
          "word": "lg",
          "prob": 0.01422935165464878
        },
        {
          "word": "germany",
          "prob": 0.013044559396803379
        },
        {
          "word": "지원",
          "prob": 0.013044559396803379
        },
        {
          "word": "혁신",
          "prob": 0.013044559396803379
        },
        {
          "word": "시장",
          "prob": 0.011859768070280552
        }
      ]
    },
    {
      "topic_id": 1,
      "top_words": [
        {
          "word": "2025",
          "prob": 0.04180709272623062
        },
        {
          "word": "개막",
          "prob": 0.02231011353433132
        },
        {
          "word": "뱀피르",
          "prob": 0.02231011353433132
        },
        {
          "word": "넷마블",
          "prob": 0.02231011353433132
        },
        {
          "word": "사진",
          "prob": 0.02231011353433132
        },
        {
          "word": "비전",
          "prob": 0.01952483132481575
        },
        {
          "word": "미래",
          "prob": 0.01952483132481575
        },
        {
          "word": "국내",
          "prob": 0.01952483132481575
        }
      ]
    },
    {
      "topic_id": 2,
      "top_words": [
        {
          "word": "ai",
          "prob": 0.07293293625116348
        },
        {
          "word": "개최",
          "prob": 0.04376809671521187
        },
        {
          "word": "선정",
          "prob": 0.0333520844578743
        },
        {
          "word": "확산",
          "prob": 0.02918567694723606
        },
        {
          "word": "10억대",
          "prob": 0.02293606661260128
        },
        {
          "word": "인재",
          "prob": 0.018769660964608192
        },
        {
          "word": "3년",
          "prob": 0.018769660964608192
        },
        {
          "word": "기기",
          "prob": 0.018769660964608192
        }
      ]
    },
    {
      "topic_id": 3,
      "top_words": [
        {
          "word": "ai",
          "prob": 0.06782732903957367
        },
        {
          "word": "삼성전자",
          "prob": 0.06536132842302322
        },
        {
          "word": "공개",
          "prob": 0.05796332657337189
        },
        {
          "word": "ifa",
          "prob": 0.0480993278324604
        },
        {
          "word": "2025",
          "prob": 0.03453632816672325
        },
        {
          "word": "갤럭시",
          "prob": 0.03330332785844803
        },
        {
          "word": "삼성",
          "prob": 0.02590532973408699
        },
        {
          "word": "삼성전기",
          "prob": 0.022206328809261322
        }
      ]
    },
    {
      "topic_id": 4,
      "top_words": [
        {
          "word": "to",
          "prob": 0.04115363955497742
        },
        {
          "word": "the",
          "prob": 0.036012645810842514
        },
        {
          "word": "and",
          "prob": 0.028301160782575607
        },
        {
          "word": "in",
          "prob": 0.025730663910508156
        },
        {
          "word": "of",
          "prob": 0.023160168901085854
        },
        {
          "word": "china",
          "prob": 0.023160168901085854
        },
        {
          "word": "구글",
          "prob": 0.0180191770195961
        },
        {
          "word": "at",
          "prob": 0.0180191770195961
        }
      ]
    }
  ],
  "evidence": {
    "timeseries": [
      {
        "date": "2025-08-11",
        "count": 2
      },
      {
        "date": "2025-08-15",
        "count": 1
      },
      {
        "date": "2025-08-16",
        "count": 2
      },
      {
        "date": "2025-08-25",
        "count": 4
      },
      {
        "date": "2025-08-26",
        "count": 7
      },
      {
        "date": "2025-08-27",
        "count": 5
      },
      {
        "date": "2025-08-28",
        "count": 2
      },
      {
        "date": "2025-08-29",
        "count": 6
      },
      {
        "date": "2025-08-30",
        "count": 1
      },
      {
        "date": "2025-08-31",
        "count": 5
      },
      {
        "date": "2025-09-01",
        "count": 19
      },
      {
        "date": "2025-09-02",
        "count": 24
      },
      {
        "date": "2025-09-03",
        "count": 416
      },
      {
        "date": "2025-09-04",
        "count": 255
      }
    ]
  }
}