{
  "ideas": [
    {
      "idea": "AI 기반 스마트팩토리 에너지 관리 솔루션",
      "problem": "국내 제조업체들은 에너지 비용 증가와 탄소 배출 규제 강화에 직면하고 있습니다.  기존의 에너지 관리 시스템은 데이터 분석 및 예측 기능이 부족하여 효율적인 에너지 관리가 어렵습니다.  이로 인해 생산 비용 증가와 경쟁력 저하가 발생합니다.",
      "target_customer": "중소/중견 제조업체 (직원 수 100-1000명, 연 매출 500억-5000억원)",
      "value_prop": "AI 기반 머신러닝 알고리즘을 통해 실시간 에너지 사용량을 분석하고, 이상징후를 감지하여 에너지 효율을 최대 20% 향상시킵니다.  맞춤형 에너지 절감 방안을 제시하며, 탄소 배출량 감소를 통한 ESG 경영에도 기여합니다.  클라우드 기반 시스템으로 초기 투자 비용을 절감하고, 간편한 사용자 인터페이스를 제공합니다.",
      "solution": [
        "실시간 에너지 사용량 모니터링 및 분석",
        "AI 기반 이상징후 감지 및 예측",
        "맞춤형 에너지 절감 방안 제시",
        "탄소 배출량 관리 및 보고서 제공"
      ],
      "poc_plan": [
        "1주차: 대상 공장 선정 및 데이터 수집 시스템 구축",
        "2주차: AI 모델 학습 및 에너지 사용량 예측 정확도 검증",
        "3주차: 에너지 절감 방안 도출 및 시뮬레이션",
        "4주차:  POC 결과 보고서 작성 및 발표",
        "5주차:  피드백 반영 및 개선"
      ],
      "risks": [
        "데이터 부족으로 인한 AI 모델 정확도 저하",
        "시스템 구축 및 유지보수 비용",
        "제조 환경 변화에 대한 적응성"
      ],
      "roadmap_3m": [
        "1개월:  POC 완료 및 결과 분석",
        "2개월:  솔루션 고도화 및 베타 버전 출시",
        "3개월:  파트너십 구축 및 시장 진출"
      ],
      "metrics": [
        "에너지 절감률",
        "탄소 배출량 감소량",
        "고객 만족도",
        "시스템 안정성",
        "ROI"
      ],
      "priority_score": 3.8
    },
    {
      "idea": "AI 기반 반려동물 맞춤 영양 관리 솔루션",
      "problem": "많은 반려인들이 반려동물의 건강한 식단 관리에 어려움을 겪고 있습니다. 개별 반려동물의 품종, 나이, 활동량, 건강 상태에 따른 영양 요구량을 정확히 파악하기 어렵고, 시중의 사료는 표준화된 영양 성분만 제공하여 개별 맞춤 관리가 어렵습니다. 또한, 반려동물의 식습관 변화를 지속적으로 관찰하고 관리하는 데 어려움을 느끼는 반려인들이 많습니다.",
      "target_customer": "반려견 또는 반려묘를 키우는 20-50대, 중산층 이상의 반려인",
      "value_prop": "AI 기반 반려동물 영양 관리 솔루션은 반려동물의 품종, 나이, 활동량, 건강 상태 등을 고려하여 개별 맞춤 영양 계획을 제공합니다. AI 알고리즘을 통해 반려동물의 식습관 변화를 분석하고, 건강 상태에 맞는 영양 조절을 제안합니다. 또한, 반려동물의 영양 상태를 지속적으로 모니터링하고, 필요에 따라 수의사와의 상담을 연결해주는 기능을 제공합니다.  기존의 표준화된 사료와 달리, 개별 반려동물의 특성에 맞춘 맞춤형 영양 관리를 통해 건강 증진 및 질병 예방에 기여합니다.",
      "solution": [
        "AI 기반 반려동물 영양 분석 및 맞춤 영양 계획 제공",
        "반려동물 식습관 변화 모니터링 및 분석",
        "영양 상태 지속적 모니터링 및 건강 관리 제안",
        "수의사 상담 연결 기능 제공"
      ],
      "poc_plan": [
        "1주차: 핵심 기능 개발 및 테스트 (영양 분석 알고리즘 구현)",
        "2주차: 10마리 반려동물 대상 파일럿 테스트 진행",
        "3주차: 사용자 인터페이스 개선 및 피드백 반영",
        "4주차: 50마리 반려동물 대상 베타 테스트 진행",
        "5주차: 사용자 설문조사 및 결과 분석"
      ],
      "risks": [
        "AI 알고리즘 정확도",
        "개인정보보호 및 데이터 관리",
        "수의사 협력 네트워크 구축",
        "경쟁 솔루션 출시"
      ],
      "roadmap_3m": [
        "1개월차: MVP 개발 및 테스트 완료",
        "2개월차: 베타 서비스 런칭 및 사용자 피드백 수집",
        "3개월차: 정식 서비스 런칭 및 마케팅 활동 시작"
      ],
      "metrics": [
        "월간 활성 사용자 수 (MAU)",
        "고객 만족도 (CSAT)",
        "영양 계획 준수율",
        "수의사 상담 연결 건수",
        "매출액"
      ],
      "priority_score": 3.8
    },
    {
      "idea": "스마트팩토리 AI 기반 예지보전 솔루션",
      "problem": "현재 많은 제조업체들은 설비 고장으로 인한 생산 차질과 예측 불가능한 유지보수 비용에 어려움을 겪고 있습니다. 기존의 예측보전 시스템은 정확도가 낮고, 실시간 모니터링이 어려워 효율적인 예방 관리가 어렵습니다. 특히 중소 제조업체의 경우 전문 인력 부족으로 인해 더 큰 어려움을 겪고 있습니다.",
      "target_customer": "중소/중견 제조업체 (직원 수 100-500명, 연 매출 100억-1000억원)",
      "value_prop": "AI 기반 예지보전 시스템을 통해 설비 고장을 사전에 예측하고, 최적의 유지보수 시점을 제안하여 생산 차질을 최소화하고 유지보수 비용을 절감할 수 있습니다.  클라우드 기반 서비스 제공으로 초기 투자 비용을 줄이고, 전문 인력 없이도 쉽게 사용할 수 있습니다.  다양한 설비 데이터 연동을 지원하여 확장성을 높였습니다.",
      "solution": [
        "AI 기반 설비 고장 예측 알고리즘 적용",
        "실시간 설비 상태 모니터링 및 이상 징후 감지",
        "최적의 유지보수 시점 제안 및 자동화된 작업 지시",
        "클라우드 기반 서비스 제공 및 사용자 친화적인 UI/UX 제공"
      ],
      "poc_plan": [
        "특정 설비에 대한 3주간의 예측 정확도 검증",
        "다양한 설비 데이터 연동 및 시스템 안정성 테스트",
        "중소 제조업체 대상 시스템 사용성 평가 및 피드백 수렴",
        "예상되는 유지보수 비용 절감 효과 분석",
        "AI 알고리즘 성능 개선 및 최적화"
      ],
      "risks": [
        "AI 알고리즘의 정확도 한계",
        "데이터 부족으로 인한 예측 정확도 저하",
        "클라우드 시스템의 보안 취약성",
        "중소 제조업체의 시스템 도입 저항",
        "경쟁 솔루션과의 차별화"
      ],
      "roadmap_3m": [
        "1개월차: AI 알고리즘 개발 및 테스트 완료",
        "2개월차: 클라우드 기반 시스템 구축 및 베타 서비스 제공",
        "3개월차: 중소 제조업체 대상 파일럿 프로젝트 진행 및 결과 분석"
      ],
      "metrics": [
        "설비 고장 예측 정확도",
        "유지보수 비용 절감율",
        "생산 차질 시간 감소율",
        "시스템 사용 만족도",
        "고객 확보율"
      ],
      "priority_score": 3.8
    },
    {
      "idea": "개인 맞춤형 AI 기반 건강 관리 솔루션",
      "problem": "현대인들은 바쁜 일상 속에서 건강 관리에 어려움을 겪고 있으며, 일반적인 건강 정보는 개인의 특성을 고려하지 못해 효과가 떨어집니다.  기존 건강 관리 앱들은 개인화된 정보 제공이 부족하고, 사용자 참여도를 높이는 데 어려움을 겪습니다.",
      "target_customer": "25-45세의 직장인, 건강에 관심이 많지만 시간이 부족한 개인",
      "value_prop": "AI 기반 개인 맞춤형 건강 관리 솔루션을 통해 사용자의 생활 습관, 건강 상태, 유전 정보 등을 분석하여 맞춤형 건강 목표와 관리 계획을 제공합니다.  간편한 인터페이스와 게임화된 기능을 통해 사용자 참여도를 높이고, 지속적인 건강 관리를 유도합니다.  경쟁 솔루션과 달리, 사용자의 데이터 프라이버시를 최우선으로 보장합니다.",
      "solution": [
        "AI 기반 개인별 건강 분석 및 목표 설정",
        "맞춤형 운동 및 식단 계획 제공",
        "건강 관리 진행 상황 추적 및 피드백 제공",
        "게임화된 기능을 통한 사용자 참여도 향상"
      ],
      "poc_plan": [
        "핵심 기능 개발 및 MVP 제작 (4주)",
        "소규모 사용자 테스트 및 피드백 수집 (2주)",
        "AI 알고리즘 성능 개선 및 안정화 (2주)",
        "데이터 보안 및 프라이버시 강화 (2주)",
        "마케팅 전략 수립 및 초기 사용자 확보 (2주)"
      ],
      "risks": [
        "AI 알고리즘 정확도 부족",
        "개인 정보 보호 및 데이터 보안 위험",
        "사용자 참여도 저조",
        "경쟁 솔루션과의 차별화 어려움",
        "규제 준수 문제"
      ],
      "roadmap_3m": [
        "MVP 출시 및 초기 사용자 확보 (1개월)",
        "사용자 피드백 반영 및 기능 개선 (1개월)",
        "마케팅 강화 및 사용자 기반 확장 (1개월)"
      ],
      "metrics": [
        "월간 활성 사용자 수 (MAU)",
        "사용자 참여율",
        "건강 목표 달성률",
        "고객 만족도",
        "매출"
      ],
      "priority_score": 3.5
    },
    {
      "idea": "AI 기반 스마트팜 토양 관리 솔루션",
      "problem": "국내 스마트팜 시장은 확대되고 있으나, 토양 관리의 어려움과 생산성 저하 문제가 여전히 존재합니다. 기존 토양 관리 방식은 경험에 의존하는 경우가 많아 효율성이 떨어지고, 환경 변화에 대한 적응력이 부족합니다. 또한, 데이터 기반의 정밀한 관리가 어려워 생산량 예측 및 최적화에 한계가 있습니다.",
      "target_customer": "스마트팜 운영 농가 (규모: 1000평 이상)",
      "value_prop": "AI 기반의 정밀한 토양 분석 및 관리를 통해 생산성 향상과 비용 절감을 제공합니다.  기존 방식보다 정확한 토양 상태 진단 및 맞춤형 관리를 통해 작물 생육 최적화를 지원하며, 환경 변화에 대한 빠른 대응을 가능하게 합니다.  데이터 기반의 예측 시스템을 통해 생산량 예측 및 위험 관리를 효율적으로 지원합니다.",
      "solution": [
        "AI 기반 토양 분석 시스템을 통한 실시간 토양 상태 모니터링",
        "최적의 토양 관리 방안 제시 및 자동화된 관리 시스템",
        "생산량 예측 및 위험 관리 시스템",
        "농가 맞춤형 데이터 분석 및 보고서 제공"
      ],
      "poc_plan": [
        "3주차: 핵심 기능 개발 및 테스트 환경 구축",
        "4주차: 파트너 농가 선정 및 시스템 설치",
        "5주차: 시스템 운영 및 데이터 수집",
        "6주차: 데이터 분석 및 성능 평가"
      ],
      "risks": [
        "AI 모델 정확도 및 신뢰성 확보",
        "데이터 부족 및 데이터 품질 관리",
        "농가의 기술 수용도 및 교육 필요성",
        "경쟁 솔루션과의 차별화"
      ],
      "roadmap_3m": [
        "1개월차: 시스템 개발 완료 및 베타 서비스 시작",
        "2개월차: 파트너 농가 확대 및 피드백 반영",
        "3개월차: 정식 서비스 출시 및 마케팅"
      ],
      "metrics": [
        "토양 관리 정확도 향상률",
        "생산량 증가율",
        "비용 절감률",
        "고객 만족도",
        "시스템 사용률"
      ],
      "priority_score": 3.5
    }
  ]
}