{
  "stats": {
    "num_docs": 56
  },
  "keywords": [
    {
      "keyword": "애플",
      "score": 3.777819603034076
    },
    {
      "keyword": "전자",
      "score": 3.5464839501410794
    },
    {
      "keyword": "삼성",
      "score": 2.7881949452337764
    },
    {
      "keyword": "기술",
      "score": 2.3938964736861124
    },
    {
      "keyword": "통해",
      "score": 1.7454147211630775
    },
    {
      "keyword": "시스템",
      "score": 1.6117024696107904
    },
    {
      "keyword": "이후",
      "score": 1.5285416266305174
    },
    {
      "keyword": "기판",
      "score": 1.3777172501268824
    },
    {
      "keyword": "디스플",
      "score": 1.3679565210264664
    },
    {
      "keyword": "연기",
      "score": 1.2852972567727319
    },
    {
      "keyword": "개발",
      "score": 1.257729205208713
    },
    {
      "keyword": "물산",
      "score": 1.183573312543409
    },
    {
      "keyword": "서울",
      "score": 1.17431779692238
    },
    {
      "keyword": "차세대",
      "score": 1.111755353373138
    },
    {
      "keyword": "시장",
      "score": 1.0643380169861596
    },
    {
      "keyword": "플레이",
      "score": 1.0
    },
    {
      "keyword": "기능",
      "score": 0.8919019020483625
    },
    {
      "keyword": "위를",
      "score": 0.8235754697042985
    },
    {
      "keyword": "로봇",
      "score": 0.8024089170521168
    },
    {
      "keyword": "모델",
      "score": 0.782224965518741
    },
    {
      "keyword": "사용",
      "score": 0.7061105963276223
    },
    {
      "keyword": "협력",
      "score": 0.6189195309554634
    },
    {
      "keyword": "정식",
      "score": 0.6109219971062576
    },
    {
      "keyword": "연구",
      "score": 0.5834925858106059
    },
    {
      "keyword": "지난",
      "score": 0.45995932366550707
    },
    {
      "keyword": "한국",
      "score": 0.43986943558081765
    }
  ]
}