{
  "topics": [
    {
      "topic_id": 0,
      "top_words": [
        {
          "word": "2025",
          "prob": 0.1461903154850006
        },
        {
          "word": "선정",
          "prob": 0.1461903154850006
        },
        {
          "word": "청호나이스",
          "prob": 0.10973386466503143
        },
        {
          "word": "빌트인",
          "prob": 0.10973386466503143
        },
        {
          "word": "정수기",
          "prob": 0.10973386466503143
        },
        {
          "word": "블리스",
          "prob": 0.10973386466503143
        },
        {
          "word": "전광판",
          "prob": 0.07327742874622345
        },
        {
          "word": "우수디자인",
          "prob": 0.07327742874622345
        }
      ]
    },
    {
      "topic_id": 1,
      "top_words": [
        {
          "word": "반영",
          "prob": 0.17585301399230957
        },
        {
          "word": "피드백",
          "prob": 0.17585301399230957
        },
        {
          "word": "이용자",
          "prob": 0.17585301399230957
        },
        {
          "word": "뱀피르",
          "prob": 0.17585301399230957
        },
        {
          "word": "넷마블",
          "prob": 0.17585301399230957
        },
        {
          "word": "개선",
          "prob": 0.08836395293474197
        },
        {
          "word": "xi",
          "prob": 0.0008748905966058373
        },
        {
          "word": "삼성전기",
          "prob": 0.0008748905966058373
        }
      ]
    },
    {
      "topic_id": 2,
      "top_words": [
        {
          "word": "of",
          "prob": 0.40511441230773926
        },
        {
          "word": "xi",
          "prob": 0.27052488923072815
        },
        {
          "word": "display",
          "prob": 0.27052488923072815
        },
        {
          "word": "넷마블",
          "prob": 0.0013458949979394674
        },
        {
          "word": "삼성전기",
          "prob": 0.0013458949979394674
        },
        {
          "word": "부친",
          "prob": 0.0013458949979394674
        },
        {
          "word": "개발",
          "prob": 0.0013458949979394674
        },
        {
          "word": "kt",
          "prob": 0.0013458949979394674
        }
      ]
    },
    {
      "topic_id": 3,
      "top_words": [
        {
          "word": "ai",
          "prob": 0.45440787076950073
        },
        {
          "word": "애플",
          "prob": 0.11388573795557022
        },
        {
          "word": "부친",
          "prob": 0.07604993879795074
        },
        {
          "word": "ceo",
          "prob": 0.07604993879795074
        },
        {
          "word": "기아",
          "prob": 0.07604993879795074
        },
        {
          "word": "출시",
          "prob": 0.07604993879795074
        },
        {
          "word": "kt",
          "prob": 0.07604993879795074
        },
        {
          "word": "모델",
          "prob": 0.038214150816202164
        }
      ]
    },
    {
      "topic_id": 4,
      "top_words": [
        {
          "word": "기술",
          "prob": 0.20507574081420898
        },
        {
          "word": "차세대",
          "prob": 0.1232091635465622
        },
        {
          "word": "기판",
          "prob": 0.1232091635465622
        },
        {
          "word": "없는",
          "prob": 0.1232091635465622
        },
        {
          "word": "전주시설공단",
          "prob": 0.0822758898139
        },
        {
          "word": "수영장",
          "prob": 0.0822758898139
        },
        {
          "word": "삼성전기",
          "prob": 0.0822758898139
        },
        {
          "word": "lg이노텍",
          "prob": 0.0822758898139
        }
      ]
    },
    {
      "topic_id": 5,
      "top_words": [
        {
          "word": "lg",
          "prob": 0.2138284295797348
        },
        {
          "word": "연기",
          "prob": 0.12846776843070984
        },
        {
          "word": "시장",
          "prob": 0.12846776843070984
        },
        {
          "word": "개발",
          "prob": 0.08578745275735855
        },
        {
          "word": "물질",
          "prob": 0.08578745275735855
        },
        {
          "word": "화학",
          "prob": 0.08578745275735855
        },
        {
          "word": "올레드",
          "prob": 0.08578745275735855
        },
        {
          "word": "셀트리온",
          "prob": 0.08578745275735855
        }
      ]
    }
  ],
  "doc_topics": [
    [
      {
        "topic_id": 0,
        "prob": 0.9783517122268677
      },
      {
        "topic_id": 3,
        "prob": 0.007719407323747873
      },
      {
        "topic_id": 5,
        "prob": 0.006081798579543829
      }
    ],
    [
      {
        "topic_id": 5,
        "prob": 0.8760079145431519
      },
      {
        "topic_id": 3,
        "prob": 0.046592772006988525
      },
      {
        "topic_id": 4,
        "prob": 0.03012974187731743
      }
    ],
    [
      {
        "topic_id": 0,
        "prob": 0.9783517122268677
      },
      {
        "topic_id": 3,
        "prob": 0.007719407323747873
      },
      {
        "topic_id": 5,
        "prob": 0.006081798579543829
      }
    ],
    [
      {
        "topic_id": 0,
        "prob": 0.9700117707252502
      },
      {
        "topic_id": 3,
        "prob": 0.010693289339542389
      },
      {
        "topic_id": 5,
        "prob": 0.008424795232713223
      }
    ],
    [
      {
        "topic_id": 3,
        "prob": 0.2899353802204132
      },
      {
        "topic_id": 5,
        "prob": 0.2284279465675354
      },
      {
        "topic_id": 4,
        "prob": 0.18748998641967773
      }
    ],
    [
      {
        "topic_id": 5,
        "prob": 0.9325873851776123
      },
      {
        "topic_id": 3,
        "prob": 0.025331802666187286
      },
      {
        "topic_id": 4,
        "prob": 0.016381097957491875
      }
    ],
    [
      {
        "topic_id": 4,
        "prob": 0.7774096727371216
      },
      {
        "topic_id": 0,
        "prob": 0.19951705634593964
      },
      {
        "topic_id": 3,
        "prob": 0.010693289339542389
      }
    ],
    [
      {
        "topic_id": 3,
        "prob": 0.9574002027511597
      },
      {
        "topic_id": 5,
        "prob": 0.013704365119338036
      },
      {
        "topic_id": 4,
        "prob": 0.011248322203755379
      }
    ],
    [
      {
        "topic_id": 3,
        "prob": 0.2899353802204132
      },
      {
        "topic_id": 5,
        "prob": 0.2284279465675354
      },
      {
        "topic_id": 4,
        "prob": 0.18748998641967773
      }
    ],
    [
      {
        "topic_id": 4,
        "prob": 0.8133608102798462
      },
      {
        "topic_id": 3,
        "prob": 0.1704787313938141
      },
      {
        "topic_id": 5,
        "prob": 0.007064084988087416
      }
    ],
    [
      {
        "topic_id": 3,
        "prob": 0.2899353802204132
      },
      {
        "topic_id": 5,
        "prob": 0.2284279465675354
      },
      {
        "topic_id": 4,
        "prob": 0.18748998641967773
      }
    ],
    [
      {
        "topic_id": 3,
        "prob": 0.2899353802204132
      },
      {
        "topic_id": 5,
        "prob": 0.2284279465675354
      },
      {
        "topic_id": 4,
        "prob": 0.18748998641967773
      }
    ],
    [
      {
        "topic_id": 3,
        "prob": 0.2899353802204132
      },
      {
        "topic_id": 5,
        "prob": 0.2284279465675354
      },
      {
        "topic_id": 4,
        "prob": 0.18748998641967773
      }
    ],
    [
      {
        "topic_id": 2,
        "prob": 0.9437766671180725
      },
      {
        "topic_id": 3,
        "prob": 0.017394457012414932
      },
      {
        "topic_id": 5,
        "prob": 0.013704365119338036
      }
    ],
    [
      {
        "topic_id": 2,
        "prob": 0.9437766671180725
      },
      {
        "topic_id": 3,
        "prob": 0.017394457012414932
      },
      {
        "topic_id": 5,
        "prob": 0.013704365119338036
      }
    ],
    [
      {
        "topic_id": 3,
        "prob": 0.2899353802204132
      },
      {
        "topic_id": 5,
        "prob": 0.2284279465675354
      },
      {
        "topic_id": 4,
        "prob": 0.18748998641967773
      }
    ],
    [
      {
        "topic_id": 3,
        "prob": 0.2899353802204132
      },
      {
        "topic_id": 5,
        "prob": 0.2284279465675354
      },
      {
        "topic_id": 4,
        "prob": 0.18748998641967773
      }
    ],
    [
      {
        "topic_id": 0,
        "prob": 0.9289595484733582
      },
      {
        "topic_id": 3,
        "prob": 0.025331802666187286
      },
      {
        "topic_id": 5,
        "prob": 0.01995786838233471
      }
    ],
    [
      {
        "topic_id": 3,
        "prob": 0.2899353802204132
      },
      {
        "topic_id": 5,
        "prob": 0.2284279465675354
      },
      {
        "topic_id": 4,
        "prob": 0.18748998641967773
      }
    ],
    [
      {
        "topic_id": 3,
        "prob": 0.2899353802204132
      },
      {
        "topic_id": 5,
        "prob": 0.2284279465675354
      },
      {
        "topic_id": 4,
        "prob": 0.18748998641967773
      }
    ],
    [
      {
        "topic_id": 3,
        "prob": 0.9675636887550354
      },
      {
        "topic_id": 5,
        "prob": 0.010434781201183796
      },
      {
        "topic_id": 4,
        "prob": 0.008564700372517109
      }
    ],
    [
      {
        "topic_id": 5,
        "prob": 0.6403748989105225
      },
      {
        "topic_id": 3,
        "prob": 0.3307296931743622
      },
      {
        "topic_id": 4,
        "prob": 0.011248322203755379
      }
    ],
    [
      {
        "topic_id": 3,
        "prob": 0.8858921527862549
      },
      {
        "topic_id": 5,
        "prob": 0.03670849651098251
      },
      {
        "topic_id": 4,
        "prob": 0.03012974187731743
      }
    ],
    [
      {
        "topic_id": 3,
        "prob": 0.48164650797843933
      },
      {
        "topic_id": 5,
        "prob": 0.4762725830078125
      },
      {
        "topic_id": 4,
        "prob": 0.016381097957491875
      }
    ],
    [
      {
        "topic_id": 4,
        "prob": 0.9512540698051453
      },
      {
        "topic_id": 3,
        "prob": 0.017394457012414932
      },
      {
        "topic_id": 5,
        "prob": 0.013704365119338036
      }
    ],
    [
      {
        "topic_id": 3,
        "prob": 0.2899353802204132
      },
      {
        "topic_id": 5,
        "prob": 0.2284279465675354
      },
      {
        "topic_id": 4,
        "prob": 0.18748998641967773
      }
    ],
    [
      {
        "topic_id": 4,
        "prob": 0.9512540698051453
      },
      {
        "topic_id": 3,
        "prob": 0.017394457012414932
      },
      {
        "topic_id": 5,
        "prob": 0.013704365119338036
      }
    ],
    [
      {
        "topic_id": 4,
        "prob": 0.9628838896751404
      },
      {
        "topic_id": 3,
        "prob": 0.013244492001831532
      },
      {
        "topic_id": 5,
        "prob": 0.010434781201183796
      }
    ],
    [
      {
        "topic_id": 3,
        "prob": 0.9379612803459167
      },
      {
        "topic_id": 5,
        "prob": 0.01995786838233471
      },
      {
        "topic_id": 4,
        "prob": 0.016381097957491875
      }
    ],
    [
      {
        "topic_id": 3,
        "prob": 0.8858921527862549
      },
      {
        "topic_id": 5,
        "prob": 0.03670849651098251
      },
      {
        "topic_id": 4,
        "prob": 0.03012974187731743
      }
    ],
    [
      {
        "topic_id": 3,
        "prob": 0.2899353802204132
      },
      {
        "topic_id": 5,
        "prob": 0.2284279465675354
      },
      {
        "topic_id": 4,
        "prob": 0.18748998641967773
      }
    ],
    [
      {
        "topic_id": 5,
        "prob": 0.9325873851776123
      },
      {
        "topic_id": 3,
        "prob": 0.025331802666187286
      },
      {
        "topic_id": 4,
        "prob": 0.016381097957491875
      }
    ],
    [
      {
        "topic_id": 3,
        "prob": 0.2899353802204132
      },
      {
        "topic_id": 5,
        "prob": 0.2284279465675354
      },
      {
        "topic_id": 4,
        "prob": 0.18748998641967773
      }
    ],
    [
      {
        "topic_id": 3,
        "prob": 0.9675636887550354
      },
      {
        "topic_id": 5,
        "prob": 0.010434781201183796
      },
      {
        "topic_id": 4,
        "prob": 0.008564700372517109
      }
    ],
    [
      {
        "topic_id": 1,
        "prob": 0.9647554755210876
      },
      {
        "topic_id": 3,
        "prob": 0.010693289339542389
      },
      {
        "topic_id": 5,
        "prob": 0.008424795232713223
      }
    ],
    [
      {
        "topic_id": 5,
        "prob": 0.8760079145431519
      },
      {
        "topic_id": 3,
        "prob": 0.046592772006988525
      },
      {
        "topic_id": 4,
        "prob": 0.03012974187731743
      }
    ],
    [
      {
        "topic_id": 3,
        "prob": 0.2899353802204132
      },
      {
        "topic_id": 5,
        "prob": 0.2284279465675354
      },
      {
        "topic_id": 4,
        "prob": 0.18748998641967773
      }
    ],
    [
      {
        "topic_id": 4,
        "prob": 0.8694291710853577
      },
      {
        "topic_id": 3,
        "prob": 0.046592772006988525
      },
      {
        "topic_id": 5,
        "prob": 0.03670849651098251
      }
    ],
    [
      {
        "topic_id": 1,
        "prob": 0.9704478979110718
      },
      {
        "topic_id": 3,
        "prob": 0.008966188877820969
      },
      {
        "topic_id": 5,
        "prob": 0.007064084988087416
      }
    ],
    [
      {
        "topic_id": 3,
        "prob": 0.8858921527862549
      },
      {
        "topic_id": 5,
        "prob": 0.03670849651098251
      },
      {
        "topic_id": 4,
        "prob": 0.03012974187731743
      }
    ],
    [
      {
        "topic_id": 3,
        "prob": 0.9574002027511597
      },
      {
        "topic_id": 5,
        "prob": 0.013704365119338036
      },
      {
        "topic_id": 4,
        "prob": 0.011248322203755379
      }
    ],
    [
      {
        "topic_id": 3,
        "prob": 0.8858921527862549
      },
      {
        "topic_id": 5,
        "prob": 0.03670849651098251
      },
      {
        "topic_id": 4,
        "prob": 0.03012974187731743
      }
    ],
    [
      {
        "topic_id": 0,
        "prob": 0.8693352341651917
      },
      {
        "topic_id": 3,
        "prob": 0.046592772006988525
      },
      {
        "topic_id": 5,
        "prob": 0.03670849651098251
      }
    ],
    [
      {
        "topic_id": 4,
        "prob": 0.8694291710853577
      },
      {
        "topic_id": 3,
        "prob": 0.046592772006988525
      },
      {
        "topic_id": 5,
        "prob": 0.03670849651098251
      }
    ],
    [
      {
        "topic_id": 3,
        "prob": 0.2899353802204132
      },
      {
        "topic_id": 5,
        "prob": 0.2284279465675354
      },
      {
        "topic_id": 4,
        "prob": 0.18748998641967773
      }
    ],
    [
      {
        "topic_id": 3,
        "prob": 0.2899353802204132
      },
      {
        "topic_id": 5,
        "prob": 0.2284279465675354
      },
      {
        "topic_id": 4,
        "prob": 0.18748998641967773
      }
    ],
    [
      {
        "topic_id": 2,
        "prob": 0.8494004011154175
      },
      {
        "topic_id": 3,
        "prob": 0.046592772006988525
      },
      {
        "topic_id": 5,
        "prob": 0.03670849651098251
      }
    ],
    [
      {
        "topic_id": 5,
        "prob": 0.4875943958759308
      },
      {
        "topic_id": 4,
        "prob": 0.4857243001461029
      },
      {
        "topic_id": 3,
        "prob": 0.013244492001831532
      }
    ],
    [
      {
        "topic_id": 5,
        "prob": 0.8760079145431519
      },
      {
        "topic_id": 3,
        "prob": 0.046592772006988525
      },
      {
        "topic_id": 4,
        "prob": 0.03012974187731743
      }
    ],
    [
      {
        "topic_id": 3,
        "prob": 0.2899353802204132
      },
      {
        "topic_id": 5,
        "prob": 0.2284279465675354
      },
      {
        "topic_id": 4,
        "prob": 0.18748998641967773
      }
    ],
    [
      {
        "topic_id": 0,
        "prob": 0.8693352341651917
      },
      {
        "topic_id": 3,
        "prob": 0.046592772006988525
      },
      {
        "topic_id": 5,
        "prob": 0.03670849651098251
      }
    ],
    [
      {
        "topic_id": 3,
        "prob": 0.2899353802204132
      },
      {
        "topic_id": 5,
        "prob": 0.2284279465675354
      },
      {
        "topic_id": 4,
        "prob": 0.18748998641967773
      }
    ],
    [
      {
        "topic_id": 5,
        "prob": 0.95371013879776
      },
      {
        "topic_id": 3,
        "prob": 0.017394457012414932
      },
      {
        "topic_id": 4,
        "prob": 0.011248322203755379
      }
    ],
    [
      {
        "topic_id": 5,
        "prob": 0.9647539258003235
      },
      {
        "topic_id": 3,
        "prob": 0.013244492001831532
      },
      {
        "topic_id": 4,
        "prob": 0.008564700372517109
      }
    ],
    [
      {
        "topic_id": 5,
        "prob": 0.9647539258003235
      },
      {
        "topic_id": 3,
        "prob": 0.013244492001831532
      },
      {
        "topic_id": 4,
        "prob": 0.008564700372517109
      }
    ],
    [
      {
        "topic_id": 3,
        "prob": 0.2899353802204132
      },
      {
        "topic_id": 5,
        "prob": 0.2284279465675354
      },
      {
        "topic_id": 4,
        "prob": 0.18748998641967773
      }
    ],
    [
      {
        "topic_id": 3,
        "prob": 0.8858921527862549
      },
      {
        "topic_id": 5,
        "prob": 0.03670849651098251
      },
      {
        "topic_id": 4,
        "prob": 0.03012974187731743
      }
    ],
    [
      {
        "topic_id": 3,
        "prob": 0.2899353802204132
      },
      {
        "topic_id": 5,
        "prob": 0.2284279465675354
      },
      {
        "topic_id": 4,
        "prob": 0.18748998641967773
      }
    ],
    [
      {
        "topic_id": 3,
        "prob": 0.2899353802204132
      },
      {
        "topic_id": 5,
        "prob": 0.2284279465675354
      },
      {
        "topic_id": 4,
        "prob": 0.18748998641967773
      }
    ],
    [
      {
        "topic_id": 0,
        "prob": 0.9289595484733582
      },
      {
        "topic_id": 3,
        "prob": 0.025331802666187286
      },
      {
        "topic_id": 5,
        "prob": 0.01995786838233471
      }
    ],
    [
      {
        "topic_id": 0,
        "prob": 0.8693352341651917
      },
      {
        "topic_id": 3,
        "prob": 0.046592772006988525
      },
      {
        "topic_id": 5,
        "prob": 0.03670849651098251
      }
    ],
    [
      {
        "topic_id": 3,
        "prob": 0.9379612803459167
      },
      {
        "topic_id": 5,
        "prob": 0.01995786838233471
      },
      {
        "topic_id": 4,
        "prob": 0.016381097957491875
      }
    ],
    [
      {
        "topic_id": 4,
        "prob": 0.8694291710853577
      },
      {
        "topic_id": 3,
        "prob": 0.046592772006988525
      },
      {
        "topic_id": 5,
        "prob": 0.03670849651098251
      }
    ]
  ]
}