{
  "summary": "1) 상위 토픽 핵심 맥락 설명:  제공된 데이터는 주로 넷마블, 삼성전기, KT 등 주요 기업의 제품 개발 및 디자인, 이용자 피드백 반영, 그리고 AI 기술과 관련된 뉴스를 다루고 있습니다.  특히,  '2025 선정' 키워드를 포함한 토픽은  제품 디자인 및 기술 관련 수상 소식이나 출시 예정 정보를 담고 있으며, 'AI', '차세대 기술' 등의 키워드는  기업들의 기술 경쟁력 강화 노력을 보여줍니다.  전반적으로 국내 주요 기업들의 기술 개발 및 시장 경쟁 동향을 반영하는 뉴스 기사들이 주를 이룹니다.\n\n\n2) 최근 변화/스파이크:  2025년 9월 3일 63건의 기사가 집계된 것을 보아,  해당 시점에 특정 기업의 신제품 출시, 기술 발표, 또는 관련 이벤트가 있었을 가능성이 높습니다. 이는 특정 기업의 뉴스 보도가 집중적으로 이루어진 결과로 해석할 수 있습니다.\n\n\n3) 실무 인사이트:\n\n* **주요 기업 뉴스 모니터링 강화:** 넷마블, 삼성전기, KT 등 주요 기업의 신제품 출시, 기술 개발, 투자 동향 등을 지속적으로 모니터링하여 시장 변화에 대한 빠른 대응 전략을 수립해야 합니다.  관련 키워드를 활용한 뉴스 알림 시스템 구축을 고려할 수 있습니다.\n* **경쟁사 기술 분석 및 차별화 전략 모색:**  AI, 차세대 기술 등 경쟁 기업의 기술 개발 동향을 분석하고, 자사 제품 및 서비스의 차별화 전략을 수립해야 합니다. 특히,  소비자 피드백을 적극적으로 반영하여 제품 경쟁력을 강화하는 방안을 모색해야 합니다.\n* **2025년 시장 트렌드 예측 및 대응:**  데이터에서 나타난 2025년 관련 키워드를 바탕으로 미래 시장 트렌드를 예측하고,  선제적으로 대응할 수 있는 전략을 마련해야 합니다.  예측 분석 도구를 활용하여 시장 변화에 대한 객관적인 데이터를 확보하는 것이 중요합니다.\n따라서,  최적의 선택은 상황과 개인의 우선순위에 따라 달라집니다.  신중한 비교 분석을 통해 자신에게 가장 적합한 옵션을 선택하는 것이 중요하며,  전문가의 의견을 구하는 것도 도움이 될 수 있습니다.  결론적으로,  주어진 정보와 개인적인 필요를 종합적으로 고려하여 현명한 결정을 내려야 합니다.",
  "top_topics": [
    {
      "topic_id": 0,
      "top_words": [
        {
          "word": "2025",
          "prob": 0.1461903154850006
        },
        {
          "word": "선정",
          "prob": 0.1461903154850006
        },
        {
          "word": "청호나이스",
          "prob": 0.10973386466503143
        },
        {
          "word": "빌트인",
          "prob": 0.10973386466503143
        },
        {
          "word": "정수기",
          "prob": 0.10973386466503143
        },
        {
          "word": "블리스",
          "prob": 0.10973386466503143
        },
        {
          "word": "전광판",
          "prob": 0.07327742874622345
        },
        {
          "word": "우수디자인",
          "prob": 0.07327742874622345
        }
      ]
    },
    {
      "topic_id": 1,
      "top_words": [
        {
          "word": "반영",
          "prob": 0.17585301399230957
        },
        {
          "word": "피드백",
          "prob": 0.17585301399230957
        },
        {
          "word": "이용자",
          "prob": 0.17585301399230957
        },
        {
          "word": "뱀피르",
          "prob": 0.17585301399230957
        },
        {
          "word": "넷마블",
          "prob": 0.17585301399230957
        },
        {
          "word": "개선",
          "prob": 0.08836395293474197
        },
        {
          "word": "xi",
          "prob": 0.0008748905966058373
        },
        {
          "word": "삼성전기",
          "prob": 0.0008748905966058373
        }
      ]
    },
    {
      "topic_id": 2,
      "top_words": [
        {
          "word": "of",
          "prob": 0.40511441230773926
        },
        {
          "word": "xi",
          "prob": 0.27052488923072815
        },
        {
          "word": "display",
          "prob": 0.27052488923072815
        },
        {
          "word": "넷마블",
          "prob": 0.0013458949979394674
        },
        {
          "word": "삼성전기",
          "prob": 0.0013458949979394674
        },
        {
          "word": "부친",
          "prob": 0.0013458949979394674
        },
        {
          "word": "개발",
          "prob": 0.0013458949979394674
        },
        {
          "word": "kt",
          "prob": 0.0013458949979394674
        }
      ]
    },
    {
      "topic_id": 3,
      "top_words": [
        {
          "word": "ai",
          "prob": 0.45440787076950073
        },
        {
          "word": "애플",
          "prob": 0.11388573795557022
        },
        {
          "word": "부친",
          "prob": 0.07604993879795074
        },
        {
          "word": "ceo",
          "prob": 0.07604993879795074
        },
        {
          "word": "기아",
          "prob": 0.07604993879795074
        },
        {
          "word": "출시",
          "prob": 0.07604993879795074
        },
        {
          "word": "kt",
          "prob": 0.07604993879795074
        },
        {
          "word": "모델",
          "prob": 0.038214150816202164
        }
      ]
    },
    {
      "topic_id": 4,
      "top_words": [
        {
          "word": "기술",
          "prob": 0.20507574081420898
        },
        {
          "word": "차세대",
          "prob": 0.1232091635465622
        },
        {
          "word": "기판",
          "prob": 0.1232091635465622
        },
        {
          "word": "없는",
          "prob": 0.1232091635465622
        },
        {
          "word": "전주시설공단",
          "prob": 0.0822758898139
        },
        {
          "word": "수영장",
          "prob": 0.0822758898139
        },
        {
          "word": "삼성전기",
          "prob": 0.0822758898139
        },
        {
          "word": "lg이노텍",
          "prob": 0.0822758898139
        }
      ]
    }
  ],
  "evidence": {
    "timeseries": [
      {
        "date": "2025-09-03",
        "count": 63
      }
    ]
  }
}